{
  "folder": "8nIbXfSlBnoD3RZ0",
  "name": "Неможливо відв'язати",
  "type": "feature",
  "_id": "iG1zE2NYosIyd8Uo",
  "img": "systems/vtm5e/assets/icons/items/discipline.png",
  "system": {
    "description": "На вас не можна накласти кровні узи. Якщо вам колись бракуватиме грошей, ви, ймовірно, зможете продати своє вітае ще й алхімікам.",
    "bonuses": [],
    "uses": {
      "max": 0,
      "current": 0,
      "enabled": false
    },
    "featuretype": "merit",
    "points": 4,
    "macroid": ""
  },
  "effects": [],
  "sort": 0,
  "ownership": {
    "default": 0,
    "zzaXLX6rQo9UZdTe": 3
  },
  "flags": {},
  "_stats": {
    "compendiumSource": null,
    "duplicateSource": null,
    "exportSource": null,
    "coreVersion": "13.346",
    "systemId": "vtm5e",
    "systemVersion": "5.1.4",
    "createdTime": 1753834560309,
    "modifiedTime": 1753834587915,
    "lastModifiedBy": "zzaXLX6rQo9UZdTe"
  },
  "_key": "!items!iG1zE2NYosIyd8Uo"
}