{
  "folder": "QKuRWbIrsNvscPEl",
  "name": "•• Вродливий:",
  "type": "feature",
  "_id": "zMjANi1Ob8EmWeeN",
  "img": "systems/vtm5e/assets/icons/items/discipline.png",
  "system": {
    "description": "<p>Ви додаєте один додатковий кубик до всіх відповідних соціальних пулів кубиків.</p>",
    "bonuses": [],
    "uses": {
      "max": 0,
      "current": 0,
      "enabled": false
    },
    "featuretype": "merit",
    "points": 2,
    "macroid": ""
  },
  "effects": [],
  "sort": 0,
  "ownership": {
    "default": 0,
    "zzaXLX6rQo9UZdTe": 3
  },
  "flags": {
    "vtm5e": {
      "dataItemId": "feature-••-beautiful:"
    }
  },
  "_stats": {
    "compendiumSource": null,
    "duplicateSource": null,
    "exportSource": null,
    "coreVersion": "13.346",
    "systemId": "vtm5e",
    "systemVersion": "5.0.11",
    "createdTime": 1753832265911,
    "modifiedTime": 1753834068651,
    "lastModifiedBy": "zzaXLX6rQo9UZdTe"
  },
  "_key": "!items!zMjANi1Ob8EmWeeN"
}