{
  "folder": "eLvkdKDZQoLeUKTM",
  "name": "•• Їсти їжу",
  "type": "feature",
  "_id": "2ed8lSChh2zxJnGX",
  "img": "systems/vtm5e/assets/icons/items/discipline.png",
  "system": {
    "description": "<p>Ви можете споживати їжу без зусиль і навіть отримувати від неї задоволення, хоча вона не дає живлення і повинна бути виведена з організму перед відпочинком на день.</p>",
    "bonuses": [],
    "uses": {
      "max": 0,
      "current": 0,
      "enabled": false
    },
    "featuretype": "merit",
    "points": 2,
    "macroid": ""
  },
  "effects": [],
  "sort": 0,
  "ownership": {
    "default": 0,
    "zzaXLX6rQo9UZdTe": 3
  },
  "flags": {},
  "_stats": {
    "compendiumSource": null,
    "duplicateSource": null,
    "exportSource": null,
    "coreVersion": "13.346",
    "systemId": "vtm5e",
    "systemVersion": "5.1.4",
    "createdTime": 1753835944137,
    "modifiedTime": 1753835974750,
    "lastModifiedBy": "zzaXLX6rQo9UZdTe"
  },
  "_key": "!items!2ed8lSChh2zxJnGX"
}