{
  "folder": "8nIbXfSlBnoD3RZ0",
  "name": "•• Коротка облігація",
  "type": "feature",
  "_id": "Bboh24ArP10xHNWa",
  "img": "systems/vtm5e/assets/icons/items/discipline.png",
  "system": {
    "description": "<p>Кров’яні узи, що діють на вас, втрачають свою міцність швидше, ніж зазвичай, слабшаючи і в повню, і в молодик (тобто на дві одиниці щомісяця), якщо їх не посилювати.</p>",
    "bonuses": [],
    "uses": {
      "max": 0,
      "current": 0,
      "enabled": false
    },
    "featuretype": "merit",
    "points": 2,
    "macroid": ""
  },
  "effects": [],
  "sort": 0,
  "ownership": {
    "default": 0,
    "zzaXLX6rQo9UZdTe": 3
  },
  "flags": {},
  "_stats": {
    "compendiumSource": null,
    "duplicateSource": null,
    "exportSource": null,
    "coreVersion": "13.346",
    "systemId": "vtm5e",
    "systemVersion": "5.1.4",
    "createdTime": 1753834505051,
    "modifiedTime": 1753834525765,
    "lastModifiedBy": "zzaXLX6rQo9UZdTe"
  },
  "_key": "!items!Bboh24ArP10xHNWa"
}