{
  "folder": "8nIbXfSlBnoD3RZ0",
  "name": "•• Короткий Зв'язок",
  "type": "feature",
  "_id": "Bboh24ArP10xHNWa",
  "img": "systems/vtm5e/assets/icons/items/discipline.png",
  "system": {
    "description": "<p>Кровні Зв'язки на вас втрачають свою силу швидше, ніж зазвичай, зменшуючись як під час повного місяця, так і під час нового місяця (тобто на два щомісяця), якщо не підкріплюються.</p>",
    "bonuses": [],
    "uses": {
      "max": 0,
      "current": 0,
      "enabled": false
    },
    "featuretype": "merit",
    "points": 2,
    "macroid": ""
  },
  "effects": [],
  "sort": 0,
  "ownership": {
    "default": 0,
    "zzaXLX6rQo9UZdTe": 3
  },
  "flags": {},
  "_stats": {
    "compendiumSource": null,
    "duplicateSource": null,
    "exportSource": null,
    "coreVersion": "13.346",
    "systemId": "vtm5e",
    "systemVersion": "5.1.4",
    "createdTime": 1753834505051,
    "modifiedTime": 1753834525765,
    "lastModifiedBy": "zzaXLX6rQo9UZdTe"
  },
  "_key": "!items!Bboh24ArP10xHNWa"
}