{
  "folder": "ZNc3COt4DlBceW7m",
  "name": "• Шукач крові",
  "type": "feature",
  "_id": "Twxy2SyeVsC7yA73",
  "img": "systems/vtm5e/assets/icons/items/discipline.png",
  "system": {
    "description": "<p>Ви можете відчути Резонанс людської крові на запах, не куштуючи її. Вам все ще потрібно бути в межах нюхової досяжності людини. Зробіть перевірку Зосередженість + Уважність зі Складністю 3. Збільште Складність за парфуми або відстань; зменште її за більш інтимний контакт.</p>",
    "bonuses": [],
    "uses": {
      "max": 0,
      "current": 0,
      "enabled": false
    },
    "featuretype": "merit",
    "points": 1,
    "macroid": ""
  },
  "effects": [],
  "sort": 0,
  "ownership": {
    "default": 0,
    "zzaXLX6rQo9UZdTe": 3
  },
  "flags": {},
  "_stats": {
    "compendiumSource": null,
    "duplicateSource": null,
    "exportSource": null,
    "coreVersion": "13.346",
    "systemId": "vtm5e",
    "systemVersion": "5.1.4",
    "createdTime": 1753834887466,
    "modifiedTime": 1753834944355,
    "lastModifiedBy": "zzaXLX6rQo9UZdTe"
  },
  "_key": "!items!Twxy2SyeVsC7yA73"
}