{
  "folder": "8nIbXfSlBnoD3RZ0",
  "name": "• Опір зчепленню",
  "type": "feature",
  "_id": "J10FtmJyYriM0SwI",
  "img": "systems/vtm5e/assets/icons/items/discipline.png",
  "system": {
    "description": "<p>Ваша Кров повстає проти контролю. Додайте один кубик до своїх пулів кубиків для опору Кровним Узам за кожен рівень цієї Переваги (максимум три).</p>",
    "bonuses": [],
    "uses": {
      "max": 0,
      "current": 0,
      "enabled": false
    },
    "featuretype": "merit",
    "points": 1,
    "macroid": ""
  },
  "effects": [],
  "sort": 0,
  "ownership": {
    "default": 0,
    "zzaXLX6rQo9UZdTe": 3
  },
  "flags": {},
  "_stats": {
    "compendiumSource": null,
    "duplicateSource": null,
    "exportSource": null,
    "coreVersion": "13.346",
    "systemId": "vtm5e",
    "systemVersion": "5.1.4",
    "createdTime": 1753834460473,
    "modifiedTime": 1753834490108,
    "lastModifiedBy": "zzaXLX6rQo9UZdTe"
  },
  "_key": "!items!J10FtmJyYriM0SwI"
}