{
  "folder": "MYHjid6HhGRlM2jg",
  "name": "• Клітина",
  "type": "feature",
  "_id": "zhnVMCno6vOfOjSB",
  "img": "systems/vtm5e/assets/icons/items/discipline.png",
  "system": {
    "description": "<p>Ваш притулок має спеціальне, замкнене місце для утримання двох в'язнів, з базовою Складністю втечі 5. Кожна додаткова цятка або дозволяє утримувати вдвічі більше в'язнів (до максимум 32, лише у дуже великих притулках), або додає +1 до Складності втечі. Ця Чеснота недоступна в маленьких притулках.</p>",
    "bonuses": [],
    "uses": {
      "max": 0,
      "current": 0,
      "enabled": false
    },
    "featuretype": "background",
    "points": 1,
    "macroid": ""
  },
  "effects": [],
  "sort": 0,
  "ownership": {
    "default": 0,
    "zzaXLX6rQo9UZdTe": 3
  },
  "flags": {},
  "_stats": {
    "compendiumSource": null,
    "duplicateSource": null,
    "exportSource": null,
    "coreVersion": "13.346",
    "systemId": "vtm5e",
    "systemVersion": "5.1.4",
    "createdTime": 1753911927391,
    "modifiedTime": 1753911956322,
    "lastModifiedBy": "zzaXLX6rQo9UZdTe"
  },
  "_key": "!items!zhnVMCno6vOfOjSB"
}