{
  "folder": "QuR4Wj0esibid3Qo",
  "name": "• Швець, коблер",
  "type": "feature",
  "_id": "miFPZD1A0aJhQ4UM",
  "img": "modules/werewolf-the-apocalypse-5e-compendium/packs/assets/gift.png",
  "system": {
    "description": "Ви можете створювати або діставати Маски. Створення Маски займає три дні за крапку і може викрити вас у мережі; діставання Маски займає один день за крапку, але вимагає чогось натомість. Скільки саме — залежить від ваших важелів впливу, переваги в Соціальному тесті або будь-чого іншого, що вирішить Оповідач.",
    "bonuses": [],
    "uses": {
      "max": 0,
      "current": 0,
      "enabled": false
    },
    "featuretype": "merit",
    "points": 1,
    "macroid": ""
  },
  "effects": [],
  "sort": 0,
  "ownership": {
    "default": 0,
    "zzaXLX6rQo9UZdTe": 3
  },
  "flags": {},
  "_stats": {
    "compendiumSource": null,
    "duplicateSource": null,
    "exportSource": null,
    "coreVersion": "13.346",
    "systemId": "vtm5e",
    "systemVersion": "5.0.11",
    "createdTime": 1753832271242,
    "modifiedTime": 1753832271242,
    "lastModifiedBy": "zzaXLX6rQo9UZdTe"
  },
  "_key": "!items!miFPZD1A0aJhQ4UM"
}