{
  "folder": "lKPlVRC8wY6jYYMG",
  "name": "• Високофункціональний залежний",
  "type": "feature",
  "_id": "4ad4CNZHB81JLZ3p",
  "img": "systems/vtm5e/assets/icons/items/discipline.png",
  "system": {
    "description": "Ви додаєте один кубик до пулу будь-якої однієї категорії (уточніть під час вибору, яку речовину використовуєте), якщо остання людина, з якої ви харчувалися, перебувала під впливом вашого наркотику.",
    "bonuses": [],
    "uses": {
      "max": 0,
      "current": 0,
      "enabled": false
    },
    "featuretype": "merit",
    "points": 1,
    "macroid": ""
  },
  "effects": [],
  "sort": 0,
  "ownership": {
    "default": 0,
    "zzaXLX6rQo9UZdTe": 3
  },
  "flags": {
    "vtm5e": {
      "dataItemId": "feature-high-functioning-addict"
    }
  },
  "_stats": {
    "compendiumSource": null,
    "duplicateSource": null,
    "exportSource": null,
    "coreVersion": "13.346",
    "systemId": "vtm5e",
    "systemVersion": "5.1.4",
    "createdTime": 1753833381506,
    "modifiedTime": 1753834094678,
    "lastModifiedBy": "zzaXLX6rQo9UZdTe"
  },
  "_key": "!items!4ad4CNZHB81JLZ3p"
}