{
  "folder": "MYHjid6HhGRlM2jg",
  "name": "• Прихований арсенал",
  "type": "feature",
  "_id": "9A0oQrnd67hDApcB",
  "img": "systems/vtm5e/assets/icons/items/discipline.png",
  "system": {
    "description": "<p>Кожна крапка в цій Перевазі додає до запасу вашого притулку один комплект зброї: один пістолет і одну довгоствольну вогнепальну зброю з боєприпасами. Вони так само надійно сховані, як і ваше місце відпочинку.</p>",
    "bonuses": [],
    "uses": {
      "max": 0,
      "current": 0,
      "enabled": false
    },
    "featuretype": "background",
    "points": 1,
    "macroid": ""
  },
  "effects": [],
  "sort": 0,
  "ownership": {
    "default": 0,
    "zzaXLX6rQo9UZdTe": 3
  },
  "flags": {},
  "_stats": {
    "compendiumSource": null,
    "duplicateSource": null,
    "exportSource": null,
    "coreVersion": "13.346",
    "systemId": "vtm5e",
    "systemVersion": "5.1.4",
    "createdTime": 1753911887332,
    "modifiedTime": 1753911936946,
    "lastModifiedBy": "zzaXLX6rQo9UZdTe"
  },
  "_key": "!items!9A0oQrnd67hDApcB"
}