{
  "folder": "MYHjid6HhGRlM2jg",
  "name": "• Лабораторія",
  "type": "feature",
  "_id": "4cG5IzD1zYnGYls9",
  "img": "systems/vtm5e/assets/icons/items/discipline.png",
  "system": {
    "description": "<p>У вашому притулку є обладнана лабораторія зі спеціальною промисловою раковиною, газовим пальником, посиленою підлогою тощо. Кожна крапка цієї Переваги додає один кубик до пулу для кидків, пов'язаних з однією спеціалізацією Науки або Технології, або до пулів кубиків Алхімії для тонкокровних, що використовують метод Фіксатіо (с. 284). Ця Перевага недоступна в малих притулках.</p>",
    "bonuses": [],
    "uses": {
      "max": 0,
      "current": 0,
      "enabled": false
    },
    "featuretype": "background",
    "points": 1,
    "macroid": ""
  },
  "effects": [],
  "sort": 0,
  "ownership": {
    "default": 0,
    "zzaXLX6rQo9UZdTe": 3
  },
  "flags": {},
  "_stats": {
    "compendiumSource": null,
    "duplicateSource": null,
    "exportSource": null,
    "coreVersion": "13.346",
    "systemId": "vtm5e",
    "systemVersion": "5.1.4",
    "createdTime": 1753912000598,
    "modifiedTime": 1753912031911,
    "lastModifiedBy": "zzaXLX6rQo9UZdTe"
  },
  "_key": "!items!4cG5IzD1zYnGYls9"
}