{
  "folder": "MYHjid6HhGRlM2jg",
  "name": "• Бібліотека",
  "type": "feature",
  "_id": "4OAtebHWMywIRaoi",
  "img": "systems/vtm5e/assets/icons/items/discipline.png",
  "system": {
    "description": "<p>Ваш Притулок має спеціалізовану бібліотеку, присвячену окультизму, каїнітським легендам, історії міста, знанням про вампірів тощо. Кожна цятка цієї Риси додає один кубик до кидків на дослідження для однієї спеціалізації в Навичках Освіченість, Розслідування чи Окультизм. Невеликі притулки обмежують цю Рису максимум однією цяткою.</p>",
    "bonuses": [],
    "uses": {
      "max": 0,
      "current": 0,
      "enabled": false
    },
    "featuretype": "background",
    "points": 1,
    "macroid": ""
  },
  "effects": [],
  "sort": 0,
  "ownership": {
    "default": 0,
    "zzaXLX6rQo9UZdTe": 3
  },
  "flags": {},
  "_stats": {
    "compendiumSource": null,
    "duplicateSource": null,
    "exportSource": null,
    "coreVersion": "13.346",
    "systemId": "vtm5e",
    "systemVersion": "5.1.4",
    "createdTime": 1753912044539,
    "modifiedTime": 1753912073905,
    "lastModifiedBy": "zzaXLX6rQo9UZdTe"
  },
  "_key": "!items!4OAtebHWMywIRaoi"
}