{
  "folder": "MYHjid6HhGRlM2jg",
  "name": "• Бібліотека",
  "type": "feature",
  "_id": "4OAtebHWMywIRaoi",
  "img": "systems/vtm5e/assets/icons/items/discipline.png",
  "system": {
    "description": "<p>У вашому Притулку є спеціалізована бібліотека з окультизму, легенд про Каїнітів, історії міста, вампірських знань тощо. Кожна крапка цієї Переваги додає один кубик до пулу для дослідницьких кидків для однієї спеціалізації Освіти, Розслідування або Окультизму. Малі притулки обмежують цю Перевагу максимум однією крапкою.</p>",
    "bonuses": [],
    "uses": {
      "max": 0,
      "current": 0,
      "enabled": false
    },
    "featuretype": "background",
    "points": 1,
    "macroid": ""
  },
  "effects": [],
  "sort": 0,
  "ownership": {
    "default": 0,
    "zzaXLX6rQo9UZdTe": 3
  },
  "flags": {},
  "_stats": {
    "compendiumSource": null,
    "duplicateSource": null,
    "exportSource": null,
    "coreVersion": "13.346",
    "systemId": "vtm5e",
    "systemVersion": "5.1.4",
    "createdTime": 1753912044539,
    "modifiedTime": 1753912073905,
    "lastModifiedBy": "zzaXLX6rQo9UZdTe"
  },
  "_key": "!items!4OAtebHWMywIRaoi"
}