{
  "folder": "MYHjid6HhGRlM2jg",
  "name": "• Місцезнаходження",
  "type": "feature",
  "_id": "prh1FitBX1HqQPYa",
  "img": "systems/vtm5e/assets/icons/items/discipline.png",
  "system": {
    "description": "Ваш притулок розташований в одному з наймодніших або найексклюзивніших районів міста, на Теренах, на невеликому острові або в іншому престижному місці. Додайте два кубики (або +2 до Складності супротивників) до бонусів на відповідні кидки кубиків від Полювання (Chasse) (с. 195) або від вашого базового рейтингу Притулку (оберіть одне). Якщо жоден із модифікаторів не відповідає точно вашому задуму, узгодьте з вашим Оповідачем, коли можна розраховувати на бонус у два кубики. Наприклад, притулок поблизу Елізіуму може надавати бонус у два кубики до перевірок Етикету в Елізіумі та до перевірок, щоб дізнатися про придворні плітки.",
    "bonuses": [],
    "uses": {
      "max": 0,
      "current": 0,
      "enabled": false
    },
    "featuretype": "background",
    "points": 1,
    "macroid": ""
  },
  "effects": [],
  "sort": 0,
  "ownership": {
    "default": 0,
    "zzaXLX6rQo9UZdTe": 3
  },
  "flags": {},
  "_stats": {
    "compendiumSource": null,
    "duplicateSource": null,
    "exportSource": null,
    "coreVersion": "13.346",
    "systemId": "vtm5e",
    "systemVersion": "5.1.4",
    "createdTime": 1753912091805,
    "modifiedTime": 1753912133274,
    "lastModifiedBy": "zzaXLX6rQo9UZdTe"
  },
  "_key": "!items!prh1FitBX1HqQPYa"
}