{
  "folder": "MYHjid6HhGRlM2jg",
  "name": "• Розкіш",
  "type": "feature",
  "_id": "3Q8CBzCIjsLn8tJl",
  "img": "systems/vtm5e/assets/icons/items/discipline.png",
  "system": {
    "description": "<p>Пласкі екрани з високою роздільною здатністю, дизайнерські меблі, предмети мистецтва або інші дорогі деталі надають вам бонус у два кубики на Соціальні перевірки при взаємодії зі смертними гостями у вашому притулку. Якщо ви не маєте принаймні трьох крапок Ресурсів (•••), ваш декор було отримано незаконно.</p>",
    "bonuses": [],
    "uses": {
      "max": 0,
      "current": 0,
      "enabled": false
    },
    "featuretype": "background",
    "points": 1,
    "macroid": ""
  },
  "effects": [],
  "sort": 0,
  "ownership": {
    "default": 0,
    "zzaXLX6rQo9UZdTe": 3
  },
  "flags": {},
  "_stats": {
    "compendiumSource": null,
    "duplicateSource": null,
    "exportSource": null,
    "coreVersion": "13.346",
    "systemId": "vtm5e",
    "systemVersion": "5.1.4",
    "createdTime": 1753912144890,
    "modifiedTime": 1753912176169,
    "lastModifiedBy": "zzaXLX6rQo9UZdTe"
  },
  "_key": "!items!3Q8CBzCIjsLn8tJl"
}