{
  "folder": "MYHjid6HhGRlM2jg",
  "name": "• Охоронна система",
  "type": "feature",
  "_id": "bpmroS4g4ieh79aU",
  "img": "systems/vtm5e/assets/icons/items/discipline.png",
  "system": {
    "description": "<p>Ваш притулок обладнано покращеною системою безпеки. За кожну цятку цієї Переваги додавайте один кубик до свого запасу кубиків для протидії несанкціонованому проникненню до вашого притулку (або для сповіщення про нього).</p>",
    "bonuses": [],
    "uses": {
      "max": 0,
      "current": 0,
      "enabled": false
    },
    "featuretype": "background",
    "points": 1,
    "macroid": ""
  },
  "effects": [],
  "sort": 0,
  "ownership": {
    "default": 0,
    "zzaXLX6rQo9UZdTe": 3
  },
  "flags": {},
  "_stats": {
    "compendiumSource": null,
    "duplicateSource": null,
    "exportSource": null,
    "coreVersion": "13.346",
    "systemId": "vtm5e",
    "systemVersion": "5.1.4",
    "createdTime": 1753912233951,
    "modifiedTime": 1753912252143,
    "lastModifiedBy": "zzaXLX6rQo9UZdTe"
  },
  "_key": "!items!bpmroS4g4ieh79aU"
}