{
  "folder": "MYHjid6HhGRlM2jg",
  "name": "• Хірургія",
  "type": "feature",
  "_id": "4JF3Wox129PggNhB",
  "img": "systems/vtm5e/assets/icons/items/discipline.png",
  "system": {
    "description": "<p>У вашому притулку є кімната, обладнана як польова операційна або краще. Додайте два кубики до відповідних запасів кубиків, зазвичай Медицини, для перевірок, що проводяться у вашому притулку. Ця Перевага недоступна в малих притулках.</p>",
    "bonuses": [],
    "uses": {
      "max": 0,
      "current": 0,
      "enabled": false
    },
    "featuretype": "background",
    "points": 1,
    "macroid": ""
  },
  "effects": [],
  "sort": 0,
  "ownership": {
    "default": 0,
    "zzaXLX6rQo9UZdTe": 3
  },
  "flags": {},
  "_stats": {
    "compendiumSource": null,
    "duplicateSource": null,
    "exportSource": null,
    "coreVersion": "13.346",
    "systemId": "vtm5e",
    "systemVersion": "5.1.4",
    "createdTime": 1753912269193,
    "modifiedTime": 1753912286095,
    "lastModifiedBy": "zzaXLX6rQo9UZdTe"
  },
  "_key": "!items!4JF3Wox129PggNhB"
}