{
  "folder": "MYHjid6HhGRlM2jg",
  "name": "• Вартові",
  "type": "feature",
  "_id": "WTj69aZfXxu4UrlF",
  "img": "systems/vtm5e/assets/icons/items/discipline.png",
  "system": {
    "description": "<p>Ваше пристановище охороняє приватна охорона або бандити. Кожна цятка цієї Риси надає чотирьох Звичайних охоронців та одного Обдарованого ватажка (див. Шаблони Смертних, стор. 185). Якщо охоронці тут привертатимуть зайву увагу, купуйте цю Рису обережно.</p>",
    "bonuses": [],
    "uses": {
      "max": 0,
      "current": 0,
      "enabled": false
    },
    "featuretype": "background",
    "points": 1,
    "macroid": ""
  },
  "effects": [],
  "sort": 0,
  "ownership": {
    "default": 0,
    "zzaXLX6rQo9UZdTe": 3
  },
  "flags": {},
  "_stats": {
    "compendiumSource": null,
    "duplicateSource": null,
    "exportSource": null,
    "coreVersion": "13.346",
    "systemId": "vtm5e",
    "systemVersion": "5.1.4",
    "createdTime": 1753911965519,
    "modifiedTime": 1753911985948,
    "lastModifiedBy": "zzaXLX6rQo9UZdTe"
  },
  "_key": "!items!WTj69aZfXxu4UrlF"
}