{
  "folder": "QuR4Wj0esibid3Qo",
  "name": "• Обнулений",
  "type": "feature",
  "_id": "YQXD7Dg87robCB78",
  "img": "modules/werewolf-the-apocalypse-5e-compendium/packs/assets/gift.png",
  "system": {
    "description": "<p>Хтось на високих посадах видалив ваші справжні записи. Офіційно ви не існуєте.</p>",
    "bonuses": [],
    "uses": {
      "max": 0,
      "current": 0,
      "enabled": false
    },
    "featuretype": "merit",
    "points": 1,
    "macroid": ""
  },
  "effects": [],
  "sort": 0,
  "ownership": {
    "default": 0,
    "zzaXLX6rQo9UZdTe": 3
  },
  "flags": {},
  "_stats": {
    "compendiumSource": null,
    "duplicateSource": null,
    "exportSource": null,
    "coreVersion": "13.346",
    "systemId": "vtm5e",
    "systemVersion": "5.0.11",
    "createdTime": 1753832271242,
    "modifiedTime": 1753832271242,
    "lastModifiedBy": "zzaXLX6rQo9UZdTe"
  },
  "_key": "!items!YQXD7Dg87robCB78"
}