{
  "folder": "84wmdbMKxE6cGQFj",
  "name": "Союзники (Ефективність)",
  "type": "feature",
  "_id": "BuGwzm1TY4ukolWA",
  "img": "systems/vtm5e/assets/icons/items/discipline.png",
  "system": {
    "description": "<p>• Слабкий індивід, ймовірно, марний у жорстокій або потенційно жорстокій ситуації.</p><p>•• Середньостатистичний індивід або згуртована група слабких індивідів (примхливі докери, погано організована профспілка, відділення НУО)</p><p>••• Обдарований індивід або небезпечна група середньостатистичних індивідів (вулична банда, оточення знаменитості, добре організована місцева профспілка робітничого класу)</p><p>•••• Видатний індивід, обдарований індивід з потенційними надприродними здібностями, або добре озброєна група обдарованих індивідів (приватний охоронний загін, контингент юристів, команда тренованих спортсменів)</p>",
    "bonuses": [],
    "uses": {
      "max": 0,
      "current": 0,
      "enabled": false
    },
    "featuretype": "background",
    "points": 0,
    "macroid": ""
  },
  "effects": [],
  "sort": 0,
  "ownership": {
    "default": 0,
    "zzaXLX6rQo9UZdTe": 3
  },
  "flags": {},
  "_stats": {
    "compendiumSource": null,
    "duplicateSource": null,
    "exportSource": null,
    "coreVersion": "13.346",
    "systemId": "vtm5e",
    "systemVersion": "5.0.11",
    "createdTime": 1753832271242,
    "modifiedTime": 1753837253595,
    "lastModifiedBy": "zzaXLX6rQo9UZdTe"
  },
  "_key": "!items!BuGwzm1TY4ukolWA"
}