{
  "folder": "84wmdbMKxE6cGQFj",
  "name": "Союзники (Ефективність)",
  "type": "feature",
  "_id": "BuGwzm1TY4ukolWA",
  "img": "systems/vtm5e/assets/icons/items/discipline.png",
  "system": {
    "description": "<p>• Слабка особа, ймовірно, безпорадна в насильницькій чи потенційно насильницькій ситуації.</p><p>•• Пересічна особа або згуртована група слабких осіб (примхливі докери, погано організована профспілка, осередок НУО)</p><p>••• Обдарована особа або небезпечна група пересічних осіб (вулична банда, оточення знаменитості, добре організований місцевий осередок профспілки робітників)</p><p>•••• Видатна особа, обдарована особа, можливо, з надприродними здібностями, або добре озброєна група обдарованих осіб (загін приватної охорони, контингент юристів, команда тренованих спортсменів)</p>",
    "bonuses": [],
    "uses": {
      "max": 0,
      "current": 0,
      "enabled": false
    },
    "featuretype": "background",
    "points": 0,
    "macroid": ""
  },
  "effects": [],
  "sort": 0,
  "ownership": {
    "default": 0,
    "zzaXLX6rQo9UZdTe": 3
  },
  "flags": {},
  "_stats": {
    "compendiumSource": null,
    "duplicateSource": null,
    "exportSource": null,
    "coreVersion": "13.346",
    "systemId": "vtm5e",
    "systemVersion": "5.0.11",
    "createdTime": 1753832271242,
    "modifiedTime": 1753837253595,
    "lastModifiedBy": "zzaXLX6rQo9UZdTe"
  },
  "_key": "!items!BuGwzm1TY4ukolWA"
}