{
  "name": "Союзники",
  "sorting": "a",
  "folder": "d6cWr8XLEk5wHrdq",
  "type": "Item",
  "_id": "84wmdbMKxE6cGQFj",
  "description": "",
  "sort": 0,
  "color": "#b86161",
  "flags": {},
  "_stats": {
    "compendiumSource": null,
    "duplicateSource": null,
    "exportSource": null,
    "coreVersion": "13.346",
    "systemId": "vtm5e",
    "systemVersion": "5.0.11",
    "lastModifiedBy": "zzaXLX6rQo9UZdTe",
    "modifiedTime": 1753913268183
  },
  "_key": "!folders!84wmdbMKxE6cGQFj"
}