{
  "folder": "jCXLup54jpPLnL7E",
  "name": "Товариш анархіст",
  "type": "feature",
  "_id": "07G9ETM1xyjanKjh",
  "img": "modules/vampire-the-masquerade-5e-compendium-ukr/packs/assets/SymbolThinBloodsV5.webp",
  "system": {
    "description": "<p>Ці Переваги та Вади стосуються лише слабкокровних персонажів. Вони не мають вартості в цятках; кожна Вада врівноважує Перевагу, і навпаки. Таким чином, вони не враховуються в максимальну кількість цяток Переваг та Вад, дозволену для вибору під час створення персонажа або для придбання за досвід.</p><p>Ви подружилися з членами котерії Анархів, які терплять вашу присутність або навіть ласкаво ставляться до вас, як до свого улюбленця. Разом вони діють як Мавла-Анарх з однією цяткою, поки ви не відхиляєтеся від їхньої загальної лінії. Запишіть їх на Мапу Стосунків.</p>",
    "bonuses": [],
    "uses": {
      "max": 0,
      "current": 0,
      "enabled": false
    },
    "featuretype": "merit",
    "points": 0,
    "macroid": ""
  },
  "effects": [],
  "sort": 0,
  "ownership": {
    "default": 0,
    "zzaXLX6rQo9UZdTe": 3
  },
  "flags": {},
  "_stats": {
    "compendiumSource": null,
    "duplicateSource": null,
    "exportSource": null,
    "coreVersion": "13.346",
    "systemId": "vtm5e",
    "systemVersion": "5.1.4",
    "createdTime": 1753836722873,
    "modifiedTime": 1753836929905,
    "lastModifiedBy": "zzaXLX6rQo9UZdTe"
  },
  "_key": "!items!07G9ETM1xyjanKjh"
}