{
  "name": "Передумови",
  "sorting": "a",
  "folder": null,
  "type": "Item",
  "_id": "d6cWr8XLEk5wHrdq",
  "description": "",
  "sort": 300000,
  "color": "#9f90a2",
  "flags": {},
  "_stats": {
    "compendiumSource": null,
    "duplicateSource": null,
    "exportSource": null,
    "coreVersion": "13.346",
    "systemId": "vtm5e",
    "systemVersion": "5.0.11",
    "createdTime": 1753832271221,
    "modifiedTime": 1753832302099,
    "lastModifiedBy": "zzaXLX6rQo9UZdTe"
  },
  "_key": "!folders!d6cWr8XLEk5wHrdq"
}