{
  "folder": "vB6siaIDTHBZXglQ",
  "name": "База Гавань",
  "type": "feature",
  "_id": "y6OLbstJvloGcR3b",
  "img": "systems/vtm5e/assets/icons/items/discipline.png",
  "system": {
    "description": "<p>• Невеликий притулок, але більш захищений і приватний, ніж стандартний. Приклади: підвальна квартира, склеп, замкнена комора на складі.</p><p>•• Хороший розмір, безпека або приватність. Приклади: односімейний будинок або таунхаус, вовчий вольєр у зоопарку, відгалуження каналізаційного тунелю.</p><p>••• Дуже великий, безпечний або приватний. Приклади: комплекс за містом, будівля банку, виведена з експлуатації станція метро.</p>",
    "bonuses": [],
    "uses": {
      "max": 0,
      "current": 0,
      "enabled": false
    },
    "featuretype": "background",
    "points": 0,
    "macroid": ""
  },
  "effects": [],
  "sort": 0,
  "ownership": {
    "default": 0,
    "zzaXLX6rQo9UZdTe": 3
  },
  "flags": {},
  "_stats": {
    "compendiumSource": null,
    "duplicateSource": null,
    "exportSource": null,
    "coreVersion": "13.346",
    "systemId": "vtm5e",
    "systemVersion": "5.1.4",
    "createdTime": 1753911584416,
    "modifiedTime": 1753911620776,
    "lastModifiedBy": "zzaXLX6rQo9UZdTe"
  },
  "_key": "!items!y6OLbstJvloGcR3b"
}