{
  "folder": "UFusW5PeI6LdrHT1",
  "name": "Звірячий норов",
  "type": "feature",
  "_id": "jEjcyUln8Wz3JMwJ",
  "img": "modules/vampire-the-masquerade-5e-compendium-ukr/packs/assets/SymbolThinBloodsV5.webp",
  "system": {
    "description": "<p>Ці Переваги та Вади застосовуються лише до персонажів-слабкокровців. Вони не мають вартості в цятках; кожна Вада врівноважує Перевагу, і навпаки. Таким чином, вони не враховуються в максимальній кількості цяток Переваг та Вад, дозволених для вибору під час створення персонажа або придбаних за досвід.</p><p></p><p>Вас обтяжує Звір нарівні з повноцінним вампіром. Ви повинні проходити перевірку на шаленство за звичайними правилами для вампірів.</p>",
    "bonuses": [],
    "uses": {
      "max": 0,
      "current": 0,
      "enabled": false
    },
    "featuretype": "flaw",
    "points": 0,
    "macroid": ""
  },
  "effects": [],
  "sort": 0,
  "ownership": {
    "default": 0,
    "zzaXLX6rQo9UZdTe": 3
  },
  "flags": {},
  "_stats": {
    "compendiumSource": null,
    "duplicateSource": null,
    "exportSource": null,
    "coreVersion": "13.346",
    "systemId": "vtm5e",
    "systemVersion": "5.1.4",
    "createdTime": 1753836100934,
    "modifiedTime": 1753836319779,
    "lastModifiedBy": "zzaXLX6rQo9UZdTe"
  },
  "_key": "!items!jEjcyUln8Wz3JMwJ"
}