{
  "name": "Єднання",
  "sorting": "a",
  "folder": "EjrgIip5FxV2L0vL",
  "type": "Item",
  "_id": "8nIbXfSlBnoD3RZ0",
  "description": "",
  "sort": 200000,
  "color": "#b94b4b",
  "flags": {},
  "_stats": {
    "compendiumSource": null,
    "duplicateSource": null,
    "exportSource": null,
    "coreVersion": "13.346",
    "systemId": "vtm5e",
    "systemVersion": "5.0.11",
    "lastModifiedBy": "zzaXLX6rQo9UZdTe",
    "modifiedTime": 1753833995004
  },
  "_key": "!folders!8nIbXfSlBnoD3RZ0"
}