{
  "folder": "UFusW5PeI6LdrHT1",
  "name": "Таврований Камарильєю",
  "type": "feature",
  "_id": "raW6huUQ49CqlTVL",
  "img": "modules/vampire-the-masquerade-5e-compendium-ukr/packs/assets/SymbolThinBloodsV5.webp",
  "system": {
    "description": "<p>Ці Переваги та Вади застосовуються лише до тонкокровних персонажів. Вони не мають значення в крапках; кожна Вада врівноважує Перевагу, і навпаки. Таким чином, вони не враховуються в максимальній кількості крапок у Перевагах та Вадах, які можна вибрати під час створення персонажа або придбати за досвід</p><p></p><p>У деяких містах правителі просто вистежують і знищують тонкокровних. В інших містах милосердний Шериф лише таврує їх, примусово і болісно, щоб нагадати їм про їхнє місце. (Багатьох потім вистежують і знищують, часто за уявні образи або прості примхи.) У вас є таке незагоюване тавро, і Камарилья стежить, щоб ви не вийшли за межі дозволеного. Ви можете взяти Контакт з Камарильєю з цією Вадою; Камарилья процвітає на подібних подвійних іграх.</p>",
    "bonuses": [],
    "uses": {
      "max": 0,
      "current": 0,
      "enabled": false
    },
    "featuretype": "flaw",
    "points": 0,
    "macroid": ""
  },
  "effects": [],
  "sort": 0,
  "ownership": {
    "default": 0,
    "zzaXLX6rQo9UZdTe": 3
  },
  "flags": {},
  "_stats": {
    "compendiumSource": null,
    "duplicateSource": null,
    "exportSource": null,
    "coreVersion": "13.346",
    "systemId": "vtm5e",
    "systemVersion": "5.1.4",
    "createdTime": 1753836130912,
    "modifiedTime": 1753836385762,
    "lastModifiedBy": "zzaXLX6rQo9UZdTe"
  },
  "_key": "!items!raW6huUQ49CqlTVL"
}