{
  "folder": "UFusW5PeI6LdrHT1",
  "name": "Таврований Камарильєю",
  "type": "feature",
  "_id": "raW6huUQ49CqlTVL",
  "img": "modules/vampire-the-masquerade-5e-compendium-ukr/packs/assets/SymbolThinBloodsV5.webp",
  "system": {
    "description": "<p>Ці Чесноти та Вади стосуються лише персонажів-слабкокровок. Вони не мають вартості в цятках; кожна Вада врівноважує Чесноту, і навпаки. Тому вони не враховуються в максимальну кількість цяток у Перевагах та Вадах, дозволену для вибору під час створення персонажа або для придбання за досвід.</p><p></p><p>У деяких містах правителі просто полюють на слабкокровок і знищують їх. В інших містах милосердний Шериф лише таврує їх, силоміць і болісно, щоб нагадати їм про їхнє місце. (Потім на багатьох із них полюють і знищують, часто через гадану зневагу чи звичайні примхи.) У вас є таке тавро, що не загоюється, і Камарилья пильно стежить, щоб не пропустити, коли ви оступитеся. Ви можете взяти Контакт у Камарильї з цією Вадою; Камарилья процвітає на подібних подвійних іграх.</p>",
    "bonuses": [],
    "uses": {
      "max": 0,
      "current": 0,
      "enabled": false
    },
    "featuretype": "flaw",
    "points": 0,
    "macroid": ""
  },
  "effects": [],
  "sort": 0,
  "ownership": {
    "default": 0,
    "zzaXLX6rQo9UZdTe": 3
  },
  "flags": {},
  "_stats": {
    "compendiumSource": null,
    "duplicateSource": null,
    "exportSource": null,
    "coreVersion": "13.346",
    "systemId": "vtm5e",
    "systemVersion": "5.1.4",
    "createdTime": 1753836130912,
    "modifiedTime": 1753836385762,
    "lastModifiedBy": "zzaXLX6rQo9UZdTe"
  },
  "_key": "!items!raW6huUQ49CqlTVL"
}