{
  "folder": "jCXLup54jpPLnL7E",
  "name": "Контакт Камарильї",
  "type": "feature",
  "_id": "mNw3Zyxk0Mzh02RQ",
  "img": "modules/vampire-the-masquerade-5e-compendium-ukr/packs/assets/SymbolThinBloodsV5.webp",
  "system": {
    "description": "<p>Ці Переваги та Вади застосовуються лише до персонажів-слабокрівок. Вони не мають вартості в цятках; кожна Вада врівноважує Перевагу, і навпаки. Таким чином, вони не враховуються в максимальну кількість цяток у Перевагах та Вадах, дозволених для вибору під час створення персонажа або для придбання за досвід.</p><p>Ви потрапили на очі вербувальнику Камарильї, який пообіцяв вам прийняття та шанс стати справжнім вампіром. Усе, що вам потрібно, — це бути пильним, звітувати про свою діяльність та діяльність вашої котерії та бути готовим виконати будь-яке завдання, яке вам доручать. Ви маєте еквівалент Мавли Камарильї з однією цяткою, який погано до вас ставиться. Запишіть його/її на Мапу стосунків.</p>",
    "bonuses": [],
    "uses": {
      "max": 0,
      "current": 0,
      "enabled": false
    },
    "featuretype": "merit",
    "points": 0,
    "macroid": ""
  },
  "effects": [],
  "sort": 0,
  "ownership": {
    "default": 0,
    "zzaXLX6rQo9UZdTe": 3
  },
  "flags": {},
  "_stats": {
    "compendiumSource": null,
    "duplicateSource": null,
    "exportSource": null,
    "coreVersion": "13.346",
    "systemId": "vtm5e",
    "systemVersion": "5.1.4",
    "createdTime": 1753836749394,
    "modifiedTime": 1753836981174,
    "lastModifiedBy": "zzaXLX6rQo9UZdTe"
  },
  "_key": "!items!mNw3Zyxk0Mzh02RQ"
}