{
  "folder": "jCXLup54jpPLnL7E",
  "name": "Контакт з Камарильєю",
  "type": "feature",
  "_id": "mNw3Zyxk0Mzh02RQ",
  "img": "modules/vampire-the-masquerade-5e-compendium-ukr/packs/assets/SymbolThinBloodsV5.webp",
  "system": {
    "description": "<p>Ці Переваги та Вади застосовуються лише до тонкокровних персонажів. Вони не мають значення в крапках; кожна Вада врівноважує Перевагу, і навпаки. Таким чином, вони не враховуються в максимальній кількості крапок у Перевагах та Вадах, які можна вибрати під час створення персонажа або придбати за досвід</p><p>Ви привернули увагу вербувальника Камарильї, який пообіцяв вам вступ і шанс стати справжнім вампіром. Все, що вам потрібно робити, це тримати вуха гостро, повідомляти про свою діяльність та діяльність вашої котерії, і бути готовим виконати будь-яке завдання, яке вам доручать. У вас є еквівалент однокрапкового Мавли з Камарильї, який погано до вас ставиться. Запишіть його на Мапу Відносин</p>",
    "bonuses": [],
    "uses": {
      "max": 0,
      "current": 0,
      "enabled": false
    },
    "featuretype": "merit",
    "points": 0,
    "macroid": ""
  },
  "effects": [],
  "sort": 0,
  "ownership": {
    "default": 0,
    "zzaXLX6rQo9UZdTe": 3
  },
  "flags": {},
  "_stats": {
    "compendiumSource": null,
    "duplicateSource": null,
    "exportSource": null,
    "coreVersion": "13.346",
    "systemId": "vtm5e",
    "systemVersion": "5.1.4",
    "createdTime": 1753836749394,
    "modifiedTime": 1753836981174,
    "lastModifiedBy": "zzaXLX6rQo9UZdTe"
  },
  "_key": "!items!mNw3Zyxk0Mzh02RQ"
}