{
  "folder": "jCXLup54jpPLnL7E",
  "name": "Стрімголовна Кров",
  "type": "feature",
  "_id": "mQJFSxMOlpI6BvFh",
  "img": "modules/vampire-the-masquerade-5e-compendium-ukr/packs/assets/SymbolThinBloodsV5.webp",
  "system": {
    "description": "<p>Ці Чесноти та Вади стосуються лише слабкокровних персонажів. Вони не мають вартості в цятках; кожна Вада врівноважує Чесноту, і навпаки. Тому вони не враховуються у максимальній кількості цяток у Перевагах та Вадах, дозволених для вибору під час створення персонажа або придбаних за досвід.</p><p>Ви можете створювати Кровні Узи та здійснювати Обійми, як звичайний вампір. Будь-який вампір, створений вами в такий спосіб, буде слабкокровним.</p>",
    "bonuses": [],
    "uses": {
      "max": 0,
      "current": 0,
      "enabled": false
    },
    "featuretype": "merit",
    "points": 0,
    "macroid": ""
  },
  "effects": [],
  "sort": 0,
  "ownership": {
    "default": 0,
    "zzaXLX6rQo9UZdTe": 3
  },
  "flags": {},
  "_stats": {
    "compendiumSource": null,
    "duplicateSource": null,
    "exportSource": null,
    "coreVersion": "13.346",
    "systemId": "vtm5e",
    "systemVersion": "5.1.4",
    "createdTime": 1753836769470,
    "modifiedTime": 1753837005248,
    "lastModifiedBy": "zzaXLX6rQo9UZdTe"
  },
  "_key": "!items!mQJFSxMOlpI6BvFh"
}