{
  "folder": "jCXLup54jpPLnL7E",
  "name": "Катенаційна Кров",
  "type": "feature",
  "_id": "mQJFSxMOlpI6BvFh",
  "img": "modules/vampire-the-masquerade-5e-compendium-ukr/packs/assets/SymbolThinBloodsV5.webp",
  "system": {
    "description": "<p>Ці Переваги та Вади застосовуються лише до тонкокровних персонажів. Вони не мають значення в крапках; кожна Вада врівноважує Перевагу, і навпаки. Таким чином, вони не враховуються в максимальній кількості крапок у Перевагах та Вадах, які можна вибрати під час створення персонажа або придбати за досвід</p><p>Ви можете створювати Кровні Зв'язки та здійснювати Обійми як звичайний вампір. Будь-який вампір, створений вами таким чином, буде тонкокровним.</p>",
    "bonuses": [],
    "uses": {
      "max": 0,
      "current": 0,
      "enabled": false
    },
    "featuretype": "merit",
    "points": 0,
    "macroid": ""
  },
  "effects": [],
  "sort": 0,
  "ownership": {
    "default": 0,
    "zzaXLX6rQo9UZdTe": 3
  },
  "flags": {},
  "_stats": {
    "compendiumSource": null,
    "duplicateSource": null,
    "exportSource": null,
    "coreVersion": "13.346",
    "systemId": "vtm5e",
    "systemVersion": "5.1.4",
    "createdTime": 1753836769470,
    "modifiedTime": 1753837005248,
    "lastModifiedBy": "zzaXLX6rQo9UZdTe"
  },
  "_key": "!items!mQJFSxMOlpI6BvFh"
}