{
  "folder": "UFusW5PeI6LdrHT1",
  "name": "Прокляття Клану",
  "type": "feature",
  "_id": "vBcvpLswmw6pUmAH",
  "img": "modules/vampire-the-masquerade-5e-compendium-ukr/packs/assets/SymbolThinBloodsV5.webp",
  "system": {
    "description": "<p>Ці Переваги та Вади застосовуються лише до тонкокровних персонажів. Вони не мають значення в крапках; кожна Вада врівноважує Перевагу, і навпаки. Таким чином, вони не враховуються в максимальній кількості крапок у Перевагах та Вадах, які можна вибрати під час створення персонажа або придбати за досвід</p><p>Залишки крові вашого сіра все ще течуть у ваших жилах, несучи сліди їхнього давнього прокляття. Ви повинні вибрати Прокляття клану, від якого будете страждати, вважаючи вашу Тяжкість Прокляття 1 для цієї мети. Ви можете вибрати Прокляття клану Бруджа або Гангрел, лише якщо у вас є Вада Звіряча Вдача, і Прокляття клану Тремер, лише якщо у вас є Перевага Катенаційна Кров</p>",
    "bonuses": [],
    "uses": {
      "max": 0,
      "current": 0,
      "enabled": false
    },
    "featuretype": "flaw",
    "points": 0,
    "macroid": ""
  },
  "effects": [],
  "sort": 0,
  "ownership": {
    "default": 0,
    "zzaXLX6rQo9UZdTe": 3
  },
  "flags": {},
  "_stats": {
    "compendiumSource": null,
    "duplicateSource": null,
    "exportSource": null,
    "coreVersion": "13.346",
    "systemId": "vtm5e",
    "systemVersion": "5.1.4",
    "createdTime": 1753836154011,
    "modifiedTime": 1753836443986,
    "lastModifiedBy": "zzaXLX6rQo9UZdTe"
  },
  "_key": "!items!vBcvpLswmw6pUmAH"
}