{
  "folder": "UFusW5PeI6LdrHT1",
  "name": "Прокляття роду",
  "type": "feature",
  "_id": "vBcvpLswmw6pUmAH",
  "img": "modules/vampire-the-masquerade-5e-compendium-ukr/packs/assets/SymbolThinBloodsV5.webp",
  "system": {
    "description": "<p>Ці Переваги та Вади стосуються лише персонажів-слабокровних. Вони не мають вартості в цятках; кожна Вада врівноважує Перевагу, і навпаки. Тому вони не враховуються в максимальній кількості цяток Переваг та Вад, дозволених для вибору під час створення персонажа або придбаних за досвід.</p><p>Залишки крові вашого сира досі течуть у ваших жилах, несучи сліди їхнього давнього прокляття. Ви повинні обрати Кланове Прокляття, від якого страждатимете; для цього Тяжкість вашого Прокляття вважається рівною 1. Ви можете обрати Прокляття клану Бруха або Ґанґрел, лише якщо маєте Ваду «Звірина Вдача», а Прокляття клану Тремер — лише якщо маєте Перевагу «Ланцюгова Кров».</p>",
    "bonuses": [],
    "uses": {
      "max": 0,
      "current": 0,
      "enabled": false
    },
    "featuretype": "flaw",
    "points": 0,
    "macroid": ""
  },
  "effects": [],
  "sort": 0,
  "ownership": {
    "default": 0,
    "zzaXLX6rQo9UZdTe": 3
  },
  "flags": {},
  "_stats": {
    "compendiumSource": null,
    "duplicateSource": null,
    "exportSource": null,
    "coreVersion": "13.346",
    "systemId": "vtm5e",
    "systemVersion": "5.1.4",
    "createdTime": 1753836154011,
    "modifiedTime": 1753836443986,
    "lastModifiedBy": "zzaXLX6rQo9UZdTe"
  },
  "_key": "!items!vBcvpLswmw6pUmAH"
}