{
  "folder": "aRfUizKO5DlQORVk",
  "name": "Контакт",
  "type": "feature",
  "_id": "gbX1OARgTYJXM2AB",
  "img": "systems/vtm5e/assets/icons/items/discipline.png",
  "system": {
    "description": "<p>• Один Контакт, який може надати вам загальну, але спеціалізовану інформацію, наприклад, дилер трави або продавець автомобілів.</p><p>•• Один Контакт, який може надати вам рідкісну та привілейовану інформацію, наприклад, дрібний торговець зброєю або психіатр.</p><p>••• Один Контакт, який може надати вам критичну і навіть урядову секретну інформацію, наприклад, експерт з систем безпеки, агент з боротьби з наркотиками або елітний лобіст.</p>",
    "bonuses": [],
    "uses": {
      "max": 0,
      "current": 0,
      "enabled": false
    },
    "featuretype": "background",
    "points": 0,
    "macroid": ""
  },
  "effects": [],
  "sort": 0,
  "ownership": {
    "default": 0,
    "zzaXLX6rQo9UZdTe": 3
  },
  "flags": {},
  "_stats": {
    "compendiumSource": null,
    "duplicateSource": null,
    "exportSource": null,
    "coreVersion": "13.346",
    "systemId": "vtm5e",
    "systemVersion": "5.0.11",
    "createdTime": 1753832271242,
    "modifiedTime": 1753837320564,
    "lastModifiedBy": "zzaXLX6rQo9UZdTe"
  },
  "_key": "!items!gbX1OARgTYJXM2AB"
}