{
  "folder": "jCXLup54jpPLnL7E",
  "name": "Денний випивака",
  "type": "feature",
  "_id": "xQ4097pDDWoIA9p7",
  "img": "modules/vampire-the-masquerade-5e-compendium-ukr/packs/assets/SymbolThinBloodsV5.webp",
  "system": {
    "description": "<p>Ці Переваги та Вади застосовуються лише до персонажів-слабкокровців. Вони не мають вартості в цятках; кожна Вада врівноважує Перевагу, і навпаки. Тому вони не враховуються в максимальній кількості цяток Переваг та Вад, дозволених до вибору під час створення персонажа або придбаних за досвід.</p><p>Сонячне світло зменшує ваш лічильник Здоров'я вдвічі (з округленням вгору), але в іншому просто позбавляє вас вампірських здібностей, включно з усіма Дисциплінами та перевагами до Здоров'я, і не завдає іншої шкоди. Однак, ви все ще страждаєте від Голоду, і рано чи пізно вам доведеться спати. Якщо внаслідок цього ваше здоров'я падає нижче поточного рівня зазнаних ушкоджень, ви зазнаєте ефектів Ослаблення або заціпеніння (залежно від типу шкоди), доки не сховаєтеся від сонячного світла.</p>",
    "bonuses": [],
    "uses": {
      "max": 0,
      "current": 0,
      "enabled": false
    },
    "featuretype": "merit",
    "points": 0,
    "macroid": ""
  },
  "effects": [],
  "sort": 0,
  "ownership": {
    "default": 0,
    "zzaXLX6rQo9UZdTe": 3
  },
  "flags": {},
  "_stats": {
    "compendiumSource": null,
    "duplicateSource": null,
    "exportSource": null,
    "coreVersion": "13.346",
    "systemId": "vtm5e",
    "systemVersion": "5.1.4",
    "createdTime": 1753836785140,
    "modifiedTime": 1753837065124,
    "lastModifiedBy": "zzaXLX6rQo9UZdTe"
  },
  "_key": "!items!xQ4097pDDWoIA9p7"
}