{
  "folder": "jCXLup54jpPLnL7E",
  "name": "Денний пияк",
  "type": "feature",
  "_id": "xQ4097pDDWoIA9p7",
  "img": "modules/vampire-the-masquerade-5e-compendium-ukr/packs/assets/SymbolThinBloodsV5.webp",
  "system": {
    "description": "<p>Ці Переваги та Вади застосовуються лише до тонкокровних персонажів. Вони не мають значення в крапках; кожна Вада врівноважує Перевагу, і навпаки. Таким чином, вони не враховуються в максимальній кількості крапок у Перевагах та Вадах, які можна вибрати під час створення персонажа або придбати за досвід</p><p>Сонячне світло зменшує ваш трекер Здоров'я вдвічі (округлюючи вгору), але в іншому просто позбавляє вас вампірських здібностей, включаючи всі Дисципліни та переваги Здоров'я, і не завдає іншої шкоди. Однак ви все ще страждаєте від Голоду, і рано чи пізно вам доведеться спати. Якщо ваше здоров'я впаде нижче поточного рівня отриманих ушкоджень внаслідок цього, ви зазнаєте ефектів Ослаблення або торпору (залежно від типу ушкодження), доки не вийдете з-під сонячного світла</p>",
    "bonuses": [],
    "uses": {
      "max": 0,
      "current": 0,
      "enabled": false
    },
    "featuretype": "merit",
    "points": 0,
    "macroid": ""
  },
  "effects": [],
  "sort": 0,
  "ownership": {
    "default": 0,
    "zzaXLX6rQo9UZdTe": 3
  },
  "flags": {},
  "_stats": {
    "compendiumSource": null,
    "duplicateSource": null,
    "exportSource": null,
    "coreVersion": "13.346",
    "systemId": "vtm5e",
    "systemVersion": "5.1.4",
    "createdTime": 1753836785140,
    "modifiedTime": 1753837065124,
    "lastModifiedBy": "zzaXLX6rQo9UZdTe"
  },
  "_key": "!items!xQ4097pDDWoIA9p7"
}