{
  "folder": "UFusW5PeI6LdrHT1",
  "name": "Мертва плоть",
  "type": "feature",
  "_id": "Q0Qp3M4PZ6ehl5zf",
  "img": "modules/vampire-the-masquerade-5e-compendium-ukr/packs/assets/SymbolThinBloodsV5.webp",
  "system": {
    "description": "<p>Ці Переваги та Вади застосовуються лише до тонкокровних персонажів. Вони не мають значення в крапках; кожна Вада врівноважує Перевагу, і навпаки. Таким чином, вони не враховуються в максимальній кількості крапок у Перевагах та Вадах, які можна вибрати під час створення персонажа або придбати за досвід</p><p>Ваша Кров недостатньо сильна, щоб повністю підтримувати вас, і в результаті ваша плоть перебуває в постійному стані гниття, із зеленуватим відтінком і слабким запахом розкладу. Будь-який медичний огляд негайно ідентифікує вас як померлого, і ви отримуєте штраф в один кубик до будь-якої соціальної перевірки віч-на-віч зі смертним. Ви не можете взяти \"Живий вигляд\", якщо у вас є ця Вада.</p>",
    "bonuses": [],
    "uses": {
      "max": 0,
      "current": 0,
      "enabled": false
    },
    "featuretype": "flaw",
    "points": 0,
    "macroid": ""
  },
  "effects": [],
  "sort": 0,
  "ownership": {
    "default": 0,
    "zzaXLX6rQo9UZdTe": 3
  },
  "flags": {},
  "_stats": {
    "compendiumSource": null,
    "duplicateSource": null,
    "exportSource": null,
    "coreVersion": "13.346",
    "systemId": "vtm5e",
    "systemVersion": "5.1.4",
    "createdTime": 1753836171822,
    "modifiedTime": 1753836541926,
    "lastModifiedBy": "zzaXLX6rQo9UZdTe"
  },
  "_key": "!items!Q0Qp3M4PZ6ehl5zf"
}