{
  "folder": "UFusW5PeI6LdrHT1",
  "name": "Мертва плоть",
  "type": "feature",
  "_id": "Q0Qp3M4PZ6ehl5zf",
  "img": "modules/vampire-the-masquerade-5e-compendium-ukr/packs/assets/SymbolThinBloodsV5.webp",
  "system": {
    "description": "<p>Ці Переваги та Вади стосуються лише слабкокровних персонажів. Вони не мають вартості в цятках; кожна Вада врівноважує Перевагу, і навпаки. Тому вони не враховуються в максимальній кількості цяток Переваг та Вад, дозволених для вибору під час створення персонажа або для придбання за досвід.</p><p>Ваша Кров недостатньо сильна, щоб повністю підтримувати вас, і через це ваша плоть постійно гниє, має зеленкуватий відтінок та легкий сморід гнилі. Будь-який медичний огляд негайно визначить, що ви мертві, і ви отримуєте штраф в один кубик на будь-яку Соціальну перевірку віч-на-віч зі смертним. Ви не можете взяти Перевагу «Живоподібність», якщо ви берете цю Ваду.</p>",
    "bonuses": [],
    "uses": {
      "max": 0,
      "current": 0,
      "enabled": false
    },
    "featuretype": "flaw",
    "points": 0,
    "macroid": ""
  },
  "effects": [],
  "sort": 0,
  "ownership": {
    "default": 0,
    "zzaXLX6rQo9UZdTe": 3
  },
  "flags": {},
  "_stats": {
    "compendiumSource": null,
    "duplicateSource": null,
    "exportSource": null,
    "coreVersion": "13.346",
    "systemId": "vtm5e",
    "systemVersion": "5.1.4",
    "createdTime": 1753836171822,
    "modifiedTime": 1753836541926,
    "lastModifiedBy": "zzaXLX6rQo9UZdTe"
  },
  "_key": "!items!Q0Qp3M4PZ6ehl5zf"
}