{
  "folder": "jCXLup54jpPLnL7E",
  "name": "Спорідненість дисципліни",
  "type": "feature",
  "_id": "KBHSJWEDlIFfiNTs",
  "img": "modules/vampire-the-masquerade-5e-compendium-ukr/packs/assets/SymbolThinBloodsV5.webp",
  "system": {
    "description": "<p>Ці Переваги та Вади застосовуються лише до слабкокровних персонажів. Вони не мають ціни в цятках; кожна Вада врівноважує Перевагу, і навпаки. Таким чином, вони не враховуються в максимальній кількості цяток Переваг та Вад, дозволених для вибору під час створення персонажа або придбаних за досвід.</p><p>Ви маєте схильність до певної Дисципліни, обраної під час створення персонажа. Ви отримуєте цятку в цій Дисципліні й можете вивчати та зберігати додаткові цятки в ній, витрачаючи досвід, наче ви звичайний вампір. (Вартість в очках досвіду така ж, як і для позакланової Дисципліни.) Вживання крові з відповідним Резонансом не дає вам жодних додаткових цяток у цій Дисципліні — ані тимчасових, ані постійних.</p>",
    "bonuses": [],
    "uses": {
      "max": 0,
      "current": 0,
      "enabled": false
    },
    "featuretype": "merit",
    "points": 0,
    "macroid": ""
  },
  "effects": [],
  "sort": 0,
  "ownership": {
    "default": 0,
    "zzaXLX6rQo9UZdTe": 3
  },
  "flags": {},
  "_stats": {
    "compendiumSource": null,
    "duplicateSource": null,
    "exportSource": null,
    "coreVersion": "13.346",
    "systemId": "vtm5e",
    "systemVersion": "5.1.4",
    "createdTime": 1753836810998,
    "modifiedTime": 1753837120461,
    "lastModifiedBy": "zzaXLX6rQo9UZdTe"
  },
  "_key": "!items!KBHSJWEDlIFfiNTs"
}