{
  "folder": "jCXLup54jpPLnL7E",
  "name": "Схильність до Дисципліни",
  "type": "feature",
  "_id": "KBHSJWEDlIFfiNTs",
  "img": "modules/vampire-the-masquerade-5e-compendium-ukr/packs/assets/SymbolThinBloodsV5.webp",
  "system": {
    "description": "<p>Ці Переваги та Вади застосовуються лише до тонкокровних персонажів. Вони не мають значення в крапках; кожна Вада врівноважує Перевагу, і навпаки. Таким чином, вони не враховуються в максимальній кількості крапок у Перевагах та Вадах, які можна вибрати під час створення персонажа або придбати за досвід</p><p>Ви маєте схильність до певної Дисципліни, обраної під час створення персонажа. Ви отримуєте крапку в цій Дисципліні і можете вивчати та зберігати додаткові крапки в ній за рахунок досвіду, як звичайний вампір. (Вартість в очках досвіду така ж, як для позакланової Дисципліни.) Вживання крові з відповідним Резонансом не дає вам жодних додаткових крапок у цій Дисципліні, тимчасових чи постійних.</p>",
    "bonuses": [],
    "uses": {
      "max": 0,
      "current": 0,
      "enabled": false
    },
    "featuretype": "merit",
    "points": 0,
    "macroid": ""
  },
  "effects": [],
  "sort": 0,
  "ownership": {
    "default": 0,
    "zzaXLX6rQo9UZdTe": 3
  },
  "flags": {},
  "_stats": {
    "compendiumSource": null,
    "duplicateSource": null,
    "exportSource": null,
    "coreVersion": "13.346",
    "systemId": "vtm5e",
    "systemVersion": "5.1.4",
    "createdTime": 1753836810998,
    "modifiedTime": 1753837120461,
    "lastModifiedBy": "zzaXLX6rQo9UZdTe"
  },
  "_key": "!items!KBHSJWEDlIFfiNTs"
}