{
  "folder": "7ZTEVFFosXY77OE7",
  "name": "Слава",
  "type": "feature",
  "_id": "9tcW6Pgj8itbC79B",
  "img": "systems/vtm5e/assets/icons/items/discipline.png",
  "system": {
    "description": "<p>• Обрана субкультура знає, хто ви, і захоплюється вами.</p><p>•• Ви місцева знаменитість, яку впізнає більшість міста.</p><p>••• Більшість людей у країні знають принаймні ваше ім'я.</p><p>•••• Кожен, хто хоч трохи цікавиться соціальними трендами або вашою сферою, щось про вас знає.</p><p>••••• Ваша Слава досягає масової національної або навіть світової аудиторії. Ви — велика кінозірка, рок-гурт, що збирає стадіони, або інтернет-знаменитість.</p>",
    "bonuses": [],
    "uses": {
      "max": 0,
      "current": 0,
      "enabled": false
    },
    "featuretype": "background",
    "points": 0,
    "macroid": ""
  },
  "effects": [],
  "sort": 0,
  "ownership": {
    "default": 0,
    "zzaXLX6rQo9UZdTe": 3
  },
  "flags": {},
  "_stats": {
    "compendiumSource": null,
    "duplicateSource": null,
    "exportSource": null,
    "coreVersion": "13.346",
    "systemId": "vtm5e",
    "systemVersion": "5.0.11",
    "createdTime": 1753832271242,
    "modifiedTime": 1753837554202,
    "lastModifiedBy": "zzaXLX6rQo9UZdTe"
  },
  "_key": "!items!9tcW6Pgj8itbC79B"
}