{
  "folder": "8nIbXfSlBnoD3RZ0",
  "name": "Вада: (•) Залежний від Зв'язку",
  "type": "feature",
  "_id": "2OAVuu4hlxP53grY",
  "img": "systems/vtm5e/assets/icons/items/discipline.png",
  "system": {
    "description": "<p>Зв'язок здається вам солодшим, коли він виникає. Відніміть один кубик з ваших пулів кубиків для дій проти Кровного Зв'язку.</p>",
    "bonuses": [],
    "uses": {
      "max": 0,
      "current": 0,
      "enabled": false
    },
    "featuretype": "flaw",
    "points": 1,
    "macroid": ""
  },
  "effects": [],
  "sort": 0,
  "ownership": {
    "default": 0,
    "zzaXLX6rQo9UZdTe": 3
  },
  "flags": {},
  "_stats": {
    "compendiumSource": null,
    "duplicateSource": null,
    "exportSource": null,
    "coreVersion": "13.346",
    "systemId": "vtm5e",
    "systemVersion": "5.1.4",
    "createdTime": 1753834322353,
    "modifiedTime": 1753834398026,
    "lastModifiedBy": "zzaXLX6rQo9UZdTe"
  },
  "_key": "!items!2OAVuu4hlxP53grY"
}