{
  "folder": "vB6siaIDTHBZXglQ",
  "name": "Вада: (•) Без Притулку",
  "type": "feature",
  "_id": "3gjGp9xMErec7g9x",
  "img": "systems/vtm5e/assets/icons/items/discipline.png",
  "system": {
    "description": "<p>Ви повинні докладати зусиль (принаймні базову перевірку), щоб знайти нове місце для відпочинку щоранку</p>",
    "bonuses": [],
    "uses": {
      "max": 0,
      "current": 0,
      "enabled": false
    },
    "featuretype": "background",
    "points": 1,
    "macroid": ""
  },
  "effects": [],
  "sort": 0,
  "ownership": {
    "default": 0,
    "zzaXLX6rQo9UZdTe": 3
  },
  "flags": {},
  "_stats": {
    "compendiumSource": null,
    "duplicateSource": null,
    "exportSource": null,
    "coreVersion": "13.346",
    "systemId": "vtm5e",
    "systemVersion": "5.1.4",
    "createdTime": 1753911631075,
    "modifiedTime": 1753911652938,
    "lastModifiedBy": "zzaXLX6rQo9UZdTe"
  },
  "_key": "!items!3gjGp9xMErec7g9x"
}