{
  "folder": "eLvkdKDZQoLeUKTM",
  "name": "Вада: (•) Фольклорне прокляття",
  "type": "feature",
  "_id": "94pGHlIElC9PKioN",
  "img": "systems/vtm5e/assets/icons/items/discipline.png",
  "system": {
    "description": "<p>Ви отримуєте Агравоване Ушкодження від фольклорного прокляття. Фольклорні прокляття включають:</p><p>◻ Ультрафіолетове світло (ушкодження як від прямого сонячного світла)</p><p>◻ Срібна або посріблена зброя (ушкодження як від зброї: простий дотик до срібної монети або столового срібла завдає одну одиницю Агравованого Ушкодження)</p><p>◻ Свята вода (ушкодження як від вогню)</p>",
    "bonuses": [],
    "uses": {
      "max": 0,
      "current": 0,
      "enabled": false
    },
    "featuretype": "flaw",
    "points": 1,
    "macroid": ""
  },
  "effects": [],
  "sort": 0,
  "ownership": {
    "default": 0,
    "zzaXLX6rQo9UZdTe": 3
  },
  "flags": {},
  "_stats": {
    "compendiumSource": null,
    "duplicateSource": null,
    "exportSource": null,
    "coreVersion": "13.346",
    "systemId": "vtm5e",
    "systemVersion": "5.1.4",
    "createdTime": 1753835062393,
    "modifiedTime": 1753835131033,
    "lastModifiedBy": "zzaXLX6rQo9UZdTe"
  },
  "_key": "!items!94pGHlIElC9PKioN"
}