{
  "folder": "4xmrseXHekiLDZU0",
  "name": "Вада: (•) Переслідувачі",
  "type": "feature",
  "_id": "48FMloDbEgU2W7kP",
  "img": "systems/vtm5e/assets/icons/items/discipline.png",
  "system": {
    "description": "Ви схильні приваблювати людей, які, на вашу біду, закохуються у вас надто сильно. Колишній прислужник пам'ятає про вас і прагне відновити зв'язок. Він може бути голодним, збожеволілим від кохання, у відчаї, корисливим — або ж поєднувати в собі будь-які з цих рис. Варто вам його позбутися, як невдовзі з'являється інший.",
    "bonuses": [],
    "uses": {
      "max": 0,
      "current": 0,
      "enabled": false
    },
    "featuretype": "background",
    "points": 1,
    "macroid": ""
  },
  "effects": [],
  "sort": 0,
  "ownership": {
    "default": 0,
    "zzaXLX6rQo9UZdTe": 3
  },
  "flags": {},
  "_stats": {
    "compendiumSource": null,
    "duplicateSource": null,
    "exportSource": null,
    "coreVersion": "13.346",
    "systemId": "vtm5e",
    "systemVersion": "5.1.4",
    "createdTime": 1753913043421,
    "modifiedTime": 1753913071107,
    "lastModifiedBy": "zzaXLX6rQo9UZdTe"
  },
  "_key": "!items!48FMloDbEgU2W7kP"
}