{
  "folder": "MYHjid6HhGRlM2jg",
  "name": "Вада: (•) Переслідуваний привидами",
  "type": "feature",
  "_id": "OHFmtZhwNflthTQ3",
  "img": "systems/vtm5e/assets/icons/items/discipline.png",
  "system": {
    "description": "<p>У вашому притулку є надприродний прояв, який ви не контролюєте і навіть по-справжньому не розумієте. Можливо, у ньому просто живе привид, але одержимий притулок може містити міжвимірний портал, проклятий метеорит або будь-що інше, чого ви не можете позбутися. Очевидно, той, хто розуміє цей прояв, може використати його, щоб зламати захист вашого притулку. Оповідач визначає будь-які інші наслідки цього явища, накладаючи штраф щонайменше в один кубик на задіяні в притулку запаси кубиків за кожну цятку вади «Одержимий».</p>",
    "bonuses": [],
    "uses": {
      "max": 0,
      "current": 0,
      "enabled": false
    },
    "featuretype": "background",
    "points": 0,
    "macroid": ""
  },
  "effects": [],
  "sort": 0,
  "ownership": {
    "default": 0,
    "zzaXLX6rQo9UZdTe": 3
  },
  "flags": {},
  "_stats": {
    "compendiumSource": null,
    "duplicateSource": null,
    "exportSource": null,
    "coreVersion": "13.346",
    "systemId": "vtm5e",
    "systemVersion": "5.1.4",
    "createdTime": 1753911796191,
    "modifiedTime": 1753911894955,
    "lastModifiedBy": "zzaXLX6rQo9UZdTe"
  },
  "_key": "!items!OHFmtZhwNflthTQ3"
}