{
  "folder": "LtiEa0vN6EakVYIQ",
  "name": "Вада: (••) Явний Хижак",
  "type": "feature",
  "_id": "Vml4UpKWHSbTWddt",
  "img": "systems/vtm5e/assets/icons/items/discipline.png",
  "system": {
    "description": "<p>Від вас віє хижацькою аурою, і люди інстинктивно бояться та не довіряють вам. Ви втрачаєте два кубики з будь-якого дай-пулу для полювання, за винятком суто Фізичних проявів вистежування, погоні та вбивства. Ви втрачаєте один кубик з будь-якого дай-пулу для будь-якої Соціальної перевірки, спрямованої на заспокоєння людей. Ви не можете утримувати Паству.</p>",
    "bonuses": [],
    "uses": {
      "max": 0,
      "current": 0,
      "enabled": false
    },
    "featuretype": "background",
    "points": 2,
    "macroid": ""
  },
  "effects": [],
  "sort": 0,
  "ownership": {
    "default": 0,
    "zzaXLX6rQo9UZdTe": 3
  },
  "flags": {},
  "_stats": {
    "compendiumSource": null,
    "duplicateSource": null,
    "exportSource": null,
    "coreVersion": "13.346",
    "systemId": "vtm5e",
    "systemVersion": "5.1.4",
    "createdTime": 1753912577438,
    "modifiedTime": 1753912623931,
    "lastModifiedBy": "zzaXLX6rQo9UZdTe"
  },
  "_key": "!items!Vml4UpKWHSbTWddt"
}