{
  "folder": "nrXCAc3scd6WxI8l",
  "name": "Вада: Противник",
  "type": "feature",
  "_id": "uba5bxXp2N51yBEh",
  "img": "systems/vtm5e/assets/icons/items/discipline.png",
  "system": {
    "description": "<p>Співбрат-Каїніт, який загалом бажає вам (або, швидше за все, вашому сіру, роду чи наставнику) зла, Противник є зворотною Вадою до Передумови Мавла. Противники варіюються від однокрапкових старійшин до трикрапкових Принців або могутніх кабалів. Оповідач використовує або Статус Противника, або якусь іншу конкретну Рису при створенні пулів кубиків для протидії персонажам гравців, а не крапки в Противнику.</p><p>• Старійшина</p><p>•• Член Ради Примогенів або Революційної Ради Анархів</p><p>••• Принц або Барон</p>",
    "bonuses": [],
    "uses": {
      "max": 0,
      "current": 0,
      "enabled": false
    },
    "featuretype": "background",
    "points": 0,
    "macroid": ""
  },
  "effects": [],
  "sort": 0,
  "ownership": {
    "default": 0,
    "zzaXLX6rQo9UZdTe": 3
  },
  "flags": {},
  "_stats": {
    "compendiumSource": null,
    "duplicateSource": null,
    "exportSource": null,
    "coreVersion": "13.346",
    "systemId": "vtm5e",
    "systemVersion": "5.1.4",
    "createdTime": 1753832271242,
    "modifiedTime": 1753837845693,
    "lastModifiedBy": "zzaXLX6rQo9UZdTe"
  },
  "_key": "!items!uba5bxXp2N51yBEh"
}