{
  "folder": "ZNc3COt4DlBceW7m",
  "name": "Вада: (•) Виключення здобичі",
  "type": "feature",
  "_id": "64VTooRWmvLK0IFF",
  "img": "systems/vtm5e/assets/icons/items/discipline.png",
  "system": {
    "description": "<p>Ви відмовляєтеся полювати на певний клас здобичі: наркоманів, жінок, дітей, поліцейських, невинних, певну меншину або етнічну групу тощо. Якщо ви харчуєтеся такою здобиччю, ви отримуєте Плями, ніби ви порушили один із принципів хроніки. Спостереження за тим, як інші Кревні харчуються об'єктом вашого виключення без втручання, також може дати Плями, на розсуд Оповідача. Вентру з цією Вадою отримують додаткове обмеження, що робить їхній вибір судин надзвичайно вузьким.</p>",
    "bonuses": [],
    "uses": {
      "max": 0,
      "current": 0,
      "enabled": false
    },
    "featuretype": "flaw",
    "points": 1,
    "macroid": ""
  },
  "effects": [],
  "sort": 0,
  "ownership": {
    "default": 0,
    "zzaXLX6rQo9UZdTe": 3
  },
  "flags": {},
  "_stats": {
    "compendiumSource": null,
    "duplicateSource": null,
    "exportSource": null,
    "coreVersion": "13.346",
    "systemId": "vtm5e",
    "systemVersion": "5.1.4",
    "createdTime": 1753834795411,
    "modifiedTime": 1753834854337,
    "lastModifiedBy": "zzaXLX6rQo9UZdTe"
  },
  "_key": "!items!64VTooRWmvLK0IFF"
}