{
  "folder": "nrXCAc3scd6WxI8l",
  "name": "Недолік: Супротивник",
  "type": "feature",
  "_id": "uba5bxXp2N51yBEh",
  "img": "systems/vtm5e/assets/icons/items/discipline.png",
  "system": {
    "description": "<p>Супротивник — це собрат-Каїніт, що загалом бажає вам (або, що ймовірніше, вашому сиру, роду чи наставнику) зла; цей Недолік є протилежністю Переваги Мавла. Рівень Супротивників — від однокрапкових старійшин до трикрапкових Принців чи могутніх кабалів. Оповідач використовує або Статус Супротивника, або якусь іншу конкретну Рису, коли створює запас кубиків для протистояння персонажам гравців, а не пункти в Недоліку «Супротивник».</p><p>• Старійшина</p><p>•• Примоген або член Революційної ради анархів</p><p>••• Принц або Барон</p>",
    "bonuses": [],
    "uses": {
      "max": 0,
      "current": 0,
      "enabled": false
    },
    "featuretype": "background",
    "points": 0,
    "macroid": ""
  },
  "effects": [],
  "sort": 0,
  "ownership": {
    "default": 0,
    "zzaXLX6rQo9UZdTe": 3
  },
  "flags": {},
  "_stats": {
    "compendiumSource": null,
    "duplicateSource": null,
    "exportSource": null,
    "coreVersion": "13.346",
    "systemId": "vtm5e",
    "systemVersion": "5.1.4",
    "createdTime": 1753832271242,
    "modifiedTime": 1753837845693,
    "lastModifiedBy": "zzaXLX6rQo9UZdTe"
  },
  "_key": "!items!uba5bxXp2N51yBEh"
}