{
  "folder": "8nIbXfSlBnoD3RZ0",
  "name": "Недолік: (•) Довготривалий зв'язок",
  "type": "feature",
  "_id": "YSAtnBFupYRcydIS",
  "img": "systems/vtm5e/assets/icons/items/discipline.png",
  "system": {
    "description": "<p>Кровні узи на вас втрачають свою міцність повільніше, ніж зазвичай, зменшуючись на одиницю кожні три місяці без підкріплення.</p>",
    "bonuses": [],
    "uses": {
      "max": 0,
      "current": 0,
      "enabled": false
    },
    "featuretype": "flaw",
    "points": 1,
    "macroid": ""
  },
  "effects": [],
  "sort": 0,
  "ownership": {
    "default": 0,
    "zzaXLX6rQo9UZdTe": 3
  },
  "flags": {},
  "_stats": {
    "compendiumSource": null,
    "duplicateSource": null,
    "exportSource": null,
    "coreVersion": "13.346",
    "systemId": "vtm5e",
    "systemVersion": "5.1.4",
    "createdTime": 1753834416489,
    "modifiedTime": 1753834441697,
    "lastModifiedBy": "zzaXLX6rQo9UZdTe"
  },
  "_key": "!items!YSAtnBFupYRcydIS"
}