{
  "folder": "wlgKLLJRhcGtb1ql",
  "name": "Вада: (•) Життя в минулому",
  "type": "feature",
  "_id": "67xHoNo3IT95jWrt",
  "img": "systems/vtm5e/assets/icons/items/discipline.png",
  "system": {
    "description": "<p>Лише ансілли або старші вампіри можуть брати будь-яку з цих Вад.</p><p></p><p>Ви не зрозуміли сучасного мислення, або просто не хочете. У вас є одне або кілька серйозно застарілих Переконань, наприклад, “Слово Папи — закон”, “Жінки — ніжні квіти”, “Нижчі класи існують лише для того, щоб служити” або “Спалюйте багаж своїх ворогів”. Ці архаїчні моралі підтримують вашу Гуманність, але є огидними для багатьох; ви втрачаєте один кубик з пулів кубиків соціальних перевірок, що стосуються таких архаїчних переконань, за винятком вампірів вашого віку і старших, які можуть захоплюватися вашою непохитною чеснотою.</p>",
    "bonuses": [],
    "uses": {
      "max": 0,
      "current": 0,
      "enabled": false
    },
    "featuretype": "flaw",
    "points": 1,
    "macroid": ""
  },
  "effects": [],
  "sort": 0,
  "ownership": {
    "default": 0,
    "zzaXLX6rQo9UZdTe": 3
  },
  "flags": {},
  "_stats": {
    "compendiumSource": null,
    "duplicateSource": null,
    "exportSource": null,
    "coreVersion": "13.346",
    "systemId": "vtm5e",
    "systemVersion": "5.1.4",
    "createdTime": 1753834178046,
    "modifiedTime": 1753834236859,
    "lastModifiedBy": "zzaXLX6rQo9UZdTe"
  },
  "_key": "!items!67xHoNo3IT95jWrt"
}