{
  "folder": "ZNc3COt4DlBceW7m",
  "name": "Вада: (••) Веган",
  "type": "feature",
  "_id": "Bl5eU7tj4FpTAnSF",
  "img": "systems/vtm5e/assets/icons/items/discipline.png",
  "system": {
    "description": "<p>Ви харчуєтеся лише кров'ю тварин. Ви повинні витратити два пункти Сили Волі, щоб випити людську кров. Вентру не можуть брати цю Ваду.</p>",
    "bonuses": [],
    "uses": {
      "max": 0,
      "current": 0,
      "enabled": false
    },
    "featuretype": "flaw",
    "points": 2,
    "macroid": ""
  },
  "effects": [],
  "sort": 0,
  "ownership": {
    "default": 0,
    "zzaXLX6rQo9UZdTe": 3
  },
  "flags": {},
  "_stats": {
    "compendiumSource": null,
    "duplicateSource": null,
    "exportSource": null,
    "coreVersion": "13.346",
    "systemId": "vtm5e",
    "systemVersion": "5.1.4",
    "createdTime": 1753834630117,
    "modifiedTime": 1753834760308,
    "lastModifiedBy": "zzaXLX6rQo9UZdTe"
  },
  "_key": "!items!Bl5eU7tj4FpTAnSF"
}