{
  "folder": "ZNc3COt4DlBceW7m",
  "name": "Вада: (••) Органоїд",
  "type": "feature",
  "_id": "UMHOIbln1mVbhBXl",
  "img": "systems/vtm5e/assets/icons/items/discipline.png",
  "system": {
    "description": "<p>Ви можете втамувати Голод, лише поїдаючи людську плоть та органи, особливо ті, що багаті на кров, як-от серце, печінка, легені, плацента та селезінка. (Більшість Співродичів-органоїдів цими ночами спершу роблять з органів смузі.) Резонанс, якщо він узагалі є, дає лише серце.</p>",
    "bonuses": [],
    "uses": {
      "max": 0,
      "current": 0,
      "enabled": false
    },
    "featuretype": "flaw",
    "points": 2,
    "macroid": ""
  },
  "effects": [],
  "sort": 0,
  "ownership": {
    "default": 0,
    "zzaXLX6rQo9UZdTe": 3
  },
  "flags": {},
  "_stats": {
    "compendiumSource": null,
    "duplicateSource": null,
    "exportSource": null,
    "coreVersion": "13.346",
    "systemId": "vtm5e",
    "systemVersion": "5.1.4",
    "createdTime": 1753834672234,
    "modifiedTime": 1753834758255,
    "lastModifiedBy": "zzaXLX6rQo9UZdTe"
  },
  "_key": "!items!UMHOIbln1mVbhBXl"
}