{
  "folder": "MYHjid6HhGRlM2jg",
  "name": "Вада: (••) Скомпрометований",
  "type": "feature",
  "_id": "8TO3w76GR8N7RPfq",
  "img": "systems/vtm5e/assets/icons/items/discipline.png",
  "system": {
    "description": "<p>Ваш притулок вже одного разу зазнав нападу, можливо, ще до того, як він став вашим. Ймовірно, він знаходиться в чиємусь списку спостереження. Загарбники або шпигуни можуть додати два кубики до свого пулу для проникнення або спостереження за вашим притулком. Якщо ви коли-небудь потрапите на радар Інквізиції, вам варто подумати про переїзд.</p>",
    "bonuses": [],
    "uses": {
      "max": 0,
      "current": 0,
      "enabled": false
    },
    "featuretype": "background",
    "points": 2,
    "macroid": ""
  },
  "effects": [],
  "sort": 0,
  "ownership": {
    "default": 0,
    "zzaXLX6rQo9UZdTe": 3
  },
  "flags": {},
  "_stats": {
    "compendiumSource": null,
    "duplicateSource": null,
    "exportSource": null,
    "coreVersion": "13.346",
    "systemId": "vtm5e",
    "systemVersion": "5.1.4",
    "createdTime": 1753911695745,
    "modifiedTime": 1753911831333,
    "lastModifiedBy": "zzaXLX6rQo9UZdTe"
  },
  "_key": "!items!8TO3w76GR8N7RPfq"
}