{
  "folder": "MYHjid6HhGRlM2jg",
  "name": "Вада: (•) Примарний",
  "type": "feature",
  "_id": "OHFmtZhwNflthTQ3",
  "img": "systems/vtm5e/assets/icons/items/discipline.png",
  "system": {
    "description": "<p>У вашому притулку є надприродний прояв, який ви не контролюєте і навіть не розумієте. Це може бути просто привид, але Примарний притулок може містити вимірний портал, проклятий метеорит або щось інше, чого ви не можете позбутися. Очевидно, що той, хто розуміє цей прояв, може використати його для порушення безпеки вашого притулку. Оповідач визначає будь-який інший ефект примарності, накладаючи принаймні штраф в один кубик на відповідні пули, що використовуються в притулку, за кожну крапку Примарності, взяту як Ваду.</p>",
    "bonuses": [],
    "uses": {
      "max": 0,
      "current": 0,
      "enabled": false
    },
    "featuretype": "background",
    "points": 0,
    "macroid": ""
  },
  "effects": [],
  "sort": 0,
  "ownership": {
    "default": 0,
    "zzaXLX6rQo9UZdTe": 3
  },
  "flags": {},
  "_stats": {
    "compendiumSource": null,
    "duplicateSource": null,
    "exportSource": null,
    "coreVersion": "13.346",
    "systemId": "vtm5e",
    "systemVersion": "5.1.4",
    "createdTime": 1753911796191,
    "modifiedTime": 1753911894955,
    "lastModifiedBy": "zzaXLX6rQo9UZdTe"
  },
  "_key": "!items!OHFmtZhwNflthTQ3"
}