{
  "folder": "7ZTEVFFosXY77OE7",
  "name": "Вада: Ганебна слава",
  "type": "feature",
  "_id": "fq5gsKzPZHDtdkJs",
  "img": "systems/vtm5e/assets/icons/items/discipline.png",
  "system": {
    "description": "<p>Ви відомі чимось жахливим. Як мінімум, Складність більшості перевірок реакції збільшується на величину Вади; в гіршому випадку, влада намагатиметься вбити або захопити вас щоразу, коли ви з'являєтеся</p>",
    "bonuses": [],
    "uses": {
      "max": 0,
      "current": 0,
      "enabled": false
    },
    "featuretype": "background",
    "points": 0,
    "macroid": ""
  },
  "effects": [],
  "sort": 0,
  "ownership": {
    "default": 0,
    "zzaXLX6rQo9UZdTe": 3
  },
  "flags": {},
  "_stats": {
    "compendiumSource": null,
    "duplicateSource": null,
    "exportSource": null,
    "coreVersion": "13.346",
    "systemId": "vtm5e",
    "systemVersion": "5.1.4",
    "createdTime": 1753832271242,
    "modifiedTime": 1753837561458,
    "lastModifiedBy": "zzaXLX6rQo9UZdTe"
  },
  "_key": "!items!fq5gsKzPZHDtdkJs"
}