{
  "folder": "DCRmwL9yjifodIBD",
  "name": "Недолік: (•) Сумнівний",
  "type": "feature",
  "_id": "v00PH927qk3O76fW",
  "img": "systems/vtm5e/assets/icons/items/discipline.png",
  "system": {
    "description": "<p>Ви зовсім не в ладах із цією сектою. Ви викрутилися з обіцяної послуги, порушили клятву або зробили щось подібне. Можна спробувати не потрапляти їм на очі й не нагадувати про себе, але якщо ви якимось чином не загладите свою провину, ви отримуєте штраф у два кубики на всі соціальні перевірки за участю ображеної фракції.</p>",
    "bonuses": [],
    "uses": {
      "max": 0,
      "current": 0,
      "enabled": false
    },
    "featuretype": "background",
    "points": 1,
    "macroid": ""
  },
  "effects": [],
  "sort": 0,
  "ownership": {
    "default": 0,
    "zzaXLX6rQo9UZdTe": 3
  },
  "flags": {},
  "_stats": {
    "compendiumSource": null,
    "duplicateSource": null,
    "exportSource": null,
    "coreVersion": "13.346",
    "systemId": "vtm5e",
    "systemVersion": "5.1.4",
    "createdTime": 1753913178376,
    "modifiedTime": 1753913207712,
    "lastModifiedBy": "zzaXLX6rQo9UZdTe"
  },
  "_key": "!items!v00PH927qk3O76fW"
}