{
  "folder": "eLvkdKDZQoLeUKTM",
  "name": "Вада: (•) Стигмати",
  "type": "feature",
  "_id": "Td5uL5sxQKtCS1wK",
  "img": "systems/vtm5e/assets/icons/items/discipline.png",
  "system": {
    "description": "<p>Ви починаєте кровоточити з відкритих ран на руках, ногах і чолі, коли досягаєте Голоду 4. Це привертає увагу, залишає сліди і може накладати штрафи на деякі пули кубиків на розсуд Оповідача.</p>",
    "bonuses": [],
    "uses": {
      "max": 0,
      "current": 0,
      "enabled": false
    },
    "featuretype": "flaw",
    "points": 1,
    "macroid": ""
  },
  "effects": [],
  "sort": 0,
  "ownership": {
    "default": 0,
    "zzaXLX6rQo9UZdTe": 3
  },
  "flags": {},
  "_stats": {
    "compendiumSource": null,
    "duplicateSource": null,
    "exportSource": null,
    "coreVersion": "13.346",
    "systemId": "vtm5e",
    "systemVersion": "5.1.4",
    "createdTime": 1753835871926,
    "modifiedTime": 1753835912134,
    "lastModifiedBy": "zzaXLX6rQo9UZdTe"
  },
  "_key": "!items!Td5uL5sxQKtCS1wK"
}