{
  "folder": "lKPlVRC8wY6jYYMG",
  "name": "Вада: (••) Безнадійна залежність",
  "type": "feature",
  "_id": "VogzPM3RAu77Y9lq",
  "img": "systems/vtm5e/assets/icons/items/discipline.png",
  "system": {
    "description": "<p>Втрачаєте два кубики з усіх пулів, якщо ви не вживали обрану речовину протягом останньої сцени, за винятком пулів для дій, що негайно забезпечують отримання вашого наркотику.</p>",
    "bonuses": [],
    "uses": {
      "max": 0,
      "current": 0,
      "enabled": false
    },
    "featuretype": "flaw",
    "points": 2,
    "macroid": ""
  },
  "effects": [],
  "sort": 0,
  "ownership": {
    "default": 0,
    "zzaXLX6rQo9UZdTe": 3
  },
  "flags": {},
  "_stats": {
    "compendiumSource": null,
    "duplicateSource": null,
    "exportSource": null,
    "coreVersion": "13.346",
    "systemId": "vtm5e",
    "systemVersion": "5.0.11",
    "createdTime": 1753832265911,
    "modifiedTime": 1753833433117,
    "lastModifiedBy": "zzaXLX6rQo9UZdTe"
  },
  "_key": "!items!VogzPM3RAu77Y9lq"
}