{
  "folder": "ZNc3COt4DlBceW7m",
  "name": "Недолік: (•) Мафусаїлова жага",
  "type": "feature",
  "_id": "JLN9et6XTg1yA92I",
  "img": "systems/vtm5e/assets/icons/items/discipline.png",
  "system": {
    "description": "Ваш Голод можна повністю втамувати лише кров'ю надприродних істот. (Алхіміки можуть згустити Кров слабокровних достатньо, щоб вас наситити.) Інакше він постійно залишається на мінімальному рівні 1. (Або вище, залежно від Сили Крові (див. с. 215).",
    "bonuses": [],
    "uses": {
      "max": 0,
      "current": 0,
      "enabled": false
    },
    "featuretype": "flaw",
    "points": 1,
    "macroid": ""
  },
  "effects": [],
  "sort": 0,
  "ownership": {
    "default": 0,
    "zzaXLX6rQo9UZdTe": 3
  },
  "flags": {},
  "_stats": {
    "compendiumSource": null,
    "duplicateSource": null,
    "exportSource": null,
    "coreVersion": "13.346",
    "systemId": "vtm5e",
    "systemVersion": "5.1.4",
    "createdTime": 1753834745442,
    "modifiedTime": 1753834781227,
    "lastModifiedBy": "zzaXLX6rQo9UZdTe"
  },
  "_key": "!items!JLN9et6XTg1yA92I"
}