{
  "folder": "gNzlMBQnbSdlEeA8",
  "name": "Вада: (••) Неписьменний",
  "type": "feature",
  "_id": "nTIGpomlFZ1pasnN",
  "img": "systems/vtm5e/assets/icons/items/discipline.png",
  "system": {
    "description": "<p>Ви не вмієте читати або писати. Ваші навички Освіта та Наука обмежені 1, і ви не можете мати в них Спеціалізацію, що включає сучасні знання.</p>",
    "bonuses": [],
    "uses": {
      "max": 0,
      "current": 0,
      "enabled": false
    },
    "featuretype": "flaw",
    "points": 2,
    "macroid": ""
  },
  "effects": [],
  "sort": 0,
  "ownership": {
    "default": 0,
    "zzaXLX6rQo9UZdTe": 3
  },
  "flags": {
    "vtm5e": {
      "dataItemId": "feature-flaw:-(••)-illiterate"
    }
  },
  "_stats": {
    "compendiumSource": null,
    "duplicateSource": null,
    "exportSource": null,
    "coreVersion": "13.346",
    "systemId": "vtm5e",
    "systemVersion": "5.0.11",
    "createdTime": 1753832265911,
    "modifiedTime": 1753832367748,
    "lastModifiedBy": "zzaXLX6rQo9UZdTe"
  },
  "_key": "!items!nTIGpomlFZ1pasnN"
}