{
  "folder": "QKuRWbIrsNvscPEl",
  "name": "Вада: (••) Відразливий",
  "type": "feature",
  "_id": "NDyN8Ng81NSaEtaM",
  "img": "systems/vtm5e/assets/icons/items/discipline.png",
  "system": {
    "description": "<p>Ви втрачаєте два кубики з усіх відповідних соціальних пулів кубиків.</p>",
    "bonuses": [],
    "uses": {
      "max": 0,
      "current": 0,
      "enabled": false
    },
    "featuretype": "flaw",
    "points": 2,
    "macroid": ""
  },
  "effects": [],
  "sort": 0,
  "ownership": {
    "default": 0,
    "zzaXLX6rQo9UZdTe": 3
  },
  "flags": {
    "vtm5e": {
      "dataItemId": "feature-flaw:-(••)-repulsive"
    }
  },
  "_stats": {
    "compendiumSource": null,
    "duplicateSource": null,
    "exportSource": null,
    "coreVersion": "13.346",
    "systemId": "vtm5e",
    "systemVersion": "5.0.11",
    "createdTime": 1753832265911,
    "modifiedTime": 1753834081221,
    "lastModifiedBy": "zzaXLX6rQo9UZdTe"
  },
  "_key": "!items!NDyN8Ng81NSaEtaM"
}