{
  "folder": "7ZTEVFFosXY77OE7",
  "name": "Вада: Темна таємниця",
  "type": "feature",
  "_id": "5W1kDd0792pl33IJ",
  "img": "systems/vtm5e/assets/icons/items/discipline.png",
  "system": {
    "description": "<p>Вада: (•) Ви маєте великий борг перед поганими людьми або стали загалом огидним. Альтернативно, ваш чоловік/дружина, коханець/коханка або близький член родини має Ганебну славу ••</p><p>Вада: (••) Ви — М'ясник або серійний порушник Маскараду, були вигнані з іншого міста через Кровне Полювання, або серйозно образили правителя цього домену.</p>",
    "bonuses": [],
    "uses": {
      "max": 0,
      "current": 0,
      "enabled": false
    },
    "featuretype": "background",
    "points": 0,
    "macroid": ""
  },
  "effects": [],
  "sort": 0,
  "ownership": {
    "default": 0,
    "zzaXLX6rQo9UZdTe": 3
  },
  "flags": {},
  "_stats": {
    "compendiumSource": null,
    "duplicateSource": null,
    "exportSource": null,
    "coreVersion": "13.346",
    "systemId": "vtm5e",
    "systemVersion": "5.1.4",
    "createdTime": 1753832271242,
    "modifiedTime": 1753837557389,
    "lastModifiedBy": "zzaXLX6rQo9UZdTe"
  },
  "_key": "!items!5W1kDd0792pl33IJ"
}