{
  "folder": "wh1ckyk2iogYWy3v",
  "name": "Вада: (•) Нелюбий",
  "type": "feature",
  "_id": "J5IMiku8HHCuWgtI",
  "img": "systems/vtm5e/assets/icons/items/discipline.png",
  "system": {
    "description": "<p>Відніміть один кубик з пулів кубиків соціальних перевірок, що стосуються будь-якої групи в місті, за винятком ваших Контактів та Союзників або інших явно лояльних прихильників.</p>",
    "bonuses": [],
    "uses": {
      "max": 0,
      "current": 0,
      "enabled": false
    },
    "featuretype": "background",
    "points": 1,
    "macroid": ""
  },
  "effects": [],
  "sort": 0,
  "ownership": {
    "default": 0,
    "zzaXLX6rQo9UZdTe": 3
  },
  "flags": {},
  "_stats": {
    "compendiumSource": null,
    "duplicateSource": null,
    "exportSource": null,
    "coreVersion": "13.346",
    "systemId": "vtm5e",
    "systemVersion": "5.1.4",
    "createdTime": 1753911530044,
    "modifiedTime": 1753911562108,
    "lastModifiedBy": "zzaXLX6rQo9UZdTe"
  },
  "_key": "!items!J5IMiku8HHCuWgtI"
}