{
  "folder": "MYHjid6HhGRlM2jg",
  "name": "Недолік: (•) Моторошний",
  "type": "feature",
  "_id": "B5Nf6YonbaZMfXv0",
  "img": "systems/vtm5e/assets/icons/items/discipline.png",
  "system": {
    "description": "<p>Ваш притулок виглядає як лігво серійного вбивці, і, по правді, таким він і є. Сусіди, які нічого не підозрюють, можуть дати наводку копам або просто пліткувати про моторошне місце, яке побачили. Ваші запаси кубиків на Соціальні перевірки, щоб спокусити чи іншим чином заспокоїти людських гостей, отримують штраф у два кубика.</p>",
    "bonuses": [],
    "uses": {
      "max": 0,
      "current": 0,
      "enabled": false
    },
    "featuretype": "background",
    "points": 1,
    "macroid": ""
  },
  "effects": [],
  "sort": 0,
  "ownership": {
    "default": 0,
    "zzaXLX6rQo9UZdTe": 3
  },
  "flags": {},
  "_stats": {
    "compendiumSource": null,
    "duplicateSource": null,
    "exportSource": null,
    "coreVersion": "13.346",
    "systemId": "vtm5e",
    "systemVersion": "5.1.4",
    "createdTime": 1753911745701,
    "modifiedTime": 1753911828054,
    "lastModifiedBy": "zzaXLX6rQo9UZdTe"
  },
  "_key": "!items!B5Nf6YonbaZMfXv0"
}