{
  "folder": "C8mZ006mbKxfWkKR",
  "name": "Вада: (•) Злиденний",
  "type": "feature",
  "_id": "dbzdFwTZIoenvSpD",
  "img": "systems/vtm5e/assets/icons/items/discipline.png",
  "system": {
    "description": "У вас немає ні грошей, ні дому.",
    "bonuses": [],
    "uses": {
      "max": 0,
      "current": 0,
      "enabled": false
    },
    "featuretype": "background",
    "points": 1,
    "macroid": ""
  },
  "effects": [],
  "sort": 0,
  "ownership": {
    "default": 0,
    "zzaXLX6rQo9UZdTe": 3
  },
  "flags": {},
  "_stats": {
    "compendiumSource": null,
    "duplicateSource": null,
    "exportSource": null,
    "coreVersion": "13.346",
    "systemId": "vtm5e",
    "systemVersion": "5.0.11",
    "createdTime": 1753832271242,
    "modifiedTime": 1753837951119,
    "lastModifiedBy": "zzaXLX6rQo9UZdTe"
  },
  "_key": "!items!dbzdFwTZIoenvSpD"
}