{
  "folder": "4xmrseXHekiLDZU0",
  "name": "Вада: (•) Переслідувачі",
  "type": "feature",
  "_id": "48FMloDbEgU2W7kP",
  "img": "systems/vtm5e/assets/icons/items/discipline.png",
  "system": {
    "description": "<p>Ви маєте схильність приваблювати людей, які стають занадто закоханими у вас для вашого ж блага. Колишній слуга зберігає пам'ять про вас і бажання відновити зв'язок. Вони можуть бути голодними, збожеволілими від кохання, відчайдушними, опортуністичними або будь-якою комбінацією чи варіацією. Якщо ви позбудетеся їх, незабаром з'явиться інший.</p>",
    "bonuses": [],
    "uses": {
      "max": 0,
      "current": 0,
      "enabled": false
    },
    "featuretype": "background",
    "points": 1,
    "macroid": ""
  },
  "effects": [],
  "sort": 0,
  "ownership": {
    "default": 0,
    "zzaXLX6rQo9UZdTe": 3
  },
  "flags": {},
  "_stats": {
    "compendiumSource": null,
    "duplicateSource": null,
    "exportSource": null,
    "coreVersion": "13.346",
    "systemId": "vtm5e",
    "systemVersion": "5.1.4",
    "createdTime": 1753913043421,
    "modifiedTime": 1753913071107,
    "lastModifiedBy": "zzaXLX6rQo9UZdTe"
  },
  "_key": "!items!48FMloDbEgU2W7kP"
}