{
  "folder": "eLvkdKDZQoLeUKTM",
  "name": "Вада: (••) Приманка для кілка",
  "type": "feature",
  "_id": "mvHYsFDlipA1bD3S",
  "img": "systems/vtm5e/assets/icons/items/discipline.png",
  "system": {
    "description": "Ви зазнаєте Остаточної Смерті від кілка в серці, а не впадаєте в торпор.",
    "bonuses": [],
    "uses": {
      "max": 0,
      "current": 0,
      "enabled": false
    },
    "featuretype": "flaw",
    "points": 2,
    "macroid": ""
  },
  "effects": [],
  "sort": 0,
  "ownership": {
    "default": 0,
    "zzaXLX6rQo9UZdTe": 3
  },
  "flags": {},
  "_stats": {
    "compendiumSource": null,
    "duplicateSource": null,
    "exportSource": null,
    "coreVersion": "13.346",
    "systemId": "vtm5e",
    "systemVersion": "5.1.4",
    "createdTime": 1753835026375,
    "modifiedTime": 1753835051437,
    "lastModifiedBy": "zzaXLX6rQo9UZdTe"
  },
  "_key": "!items!mvHYsFDlipA1bD3S"
}