{
  "folder": "QKuRWbIrsNvscPEl",
  "name": "Вада: (•) Потворний",
  "type": "feature",
  "_id": "FCm4CuQ7ihga8Ms0",
  "img": "systems/vtm5e/assets/icons/items/discipline.png",
  "system": {
    "description": "<p>Ви втрачаєте один кубик з усіх відповідних соціальних пулів кубиків.</p>",
    "bonuses": [],
    "uses": {
      "max": 0,
      "current": 0,
      "enabled": false
    },
    "featuretype": "flaw",
    "points": 1,
    "macroid": ""
  },
  "effects": [],
  "sort": 0,
  "ownership": {
    "default": 0,
    "zzaXLX6rQo9UZdTe": 3
  },
  "flags": {},
  "_stats": {
    "compendiumSource": null,
    "duplicateSource": null,
    "exportSource": null,
    "coreVersion": "13.346",
    "systemId": "vtm5e",
    "systemVersion": "5.0.11",
    "createdTime": 1753832265911,
    "modifiedTime": 1753834077419,
    "lastModifiedBy": "zzaXLX6rQo9UZdTe"
  },
  "_key": "!items!FCm4CuQ7ihga8Ms0"
}