{
  "folder": "wlgKLLJRhcGtb1ql",
  "name": "Вада: (•) Життя в минулому",
  "type": "feature",
  "_id": "67xHoNo3IT95jWrt",
  "img": "systems/vtm5e/assets/icons/items/discipline.png",
  "system": {
    "description": "<p>Ці Вади можуть взяти лише анцили або старші вампіри.</p><p></p><p>Ви не збагнули сучасного світогляду або просто не хочете цього. У вас є одне або кілька вкрай застарілих Переконань, як-от: «Слово Папи — закон», «Жінки — тендітні квіти», «Нижчі класи існують лише для того, щоб служити» або «Спалюйте майно ворогів». Ці архаїчні моральні принципи підтримують вашу Людяність, але відштовхують багатьох; ви втрачаєте один кубик із запасу на Соціальні перевірки, пов'язані з такими архаїчними поглядами, за винятком спілкування з вампірами вашого віку та старшими, які можуть захоплюватися вашою непохитною доброчесністю.</p>",
    "bonuses": [],
    "uses": {
      "max": 0,
      "current": 0,
      "enabled": false
    },
    "featuretype": "flaw",
    "points": 1,
    "macroid": ""
  },
  "effects": [],
  "sort": 0,
  "ownership": {
    "default": 0,
    "zzaXLX6rQo9UZdTe": 3
  },
  "flags": {},
  "_stats": {
    "compendiumSource": null,
    "duplicateSource": null,
    "exportSource": null,
    "coreVersion": "13.346",
    "systemId": "vtm5e",
    "systemVersion": "5.1.4",
    "createdTime": 1753834178046,
    "modifiedTime": 1753834236859,
    "lastModifiedBy": "zzaXLX6rQo9UZdTe"
  },
  "_key": "!items!67xHoNo3IT95jWrt"
}