{
  "folder": "lKPlVRC8wY6jYYMG",
  "name": "Недолік: (•) Залежність",
  "type": "feature",
  "_id": "PPnXYh1rHGKOwBDb",
  "img": "systems/vtm5e/assets/icons/items/discipline.png",
  "system": {
    "description": "Втрачайте один кубик з усіх пулів, якщо у минулій сцені ви не вживали обрану речовину, крім пулів для дій, спрямованих на негайне отримання вашого наркотику.",
    "bonuses": [],
    "uses": {
      "max": 0,
      "current": 0,
      "enabled": false
    },
    "featuretype": "flaw",
    "points": 1,
    "macroid": ""
  },
  "effects": [],
  "sort": 0,
  "ownership": {
    "default": 0,
    "zzaXLX6rQo9UZdTe": 3
  },
  "flags": {},
  "_stats": {
    "compendiumSource": null,
    "duplicateSource": null,
    "exportSource": null,
    "coreVersion": "13.346",
    "systemId": "vtm5e",
    "systemVersion": "5.0.11",
    "createdTime": 1753832265911,
    "modifiedTime": 1753833438412,
    "lastModifiedBy": "zzaXLX6rQo9UZdTe"
  },
  "_key": "!items!PPnXYh1rHGKOwBDb"
}