{
  "folder": "LtiEa0vN6EakVYIQ",
  "name": "Стадо",
  "type": "feature",
  "_id": "L87zaFenylrLxJZ6",
  "img": "systems/vtm5e/assets/icons/items/discipline.png",
  "system": {
    "description": "• Від одного до трьох джерел з випадковим Резонансом і без Диcкразій: ви можете раз на місяць змінити Резонанс однієї жертви за допомогою успішної перевірки Маніпулювання + Проникливість (Складність 4). Приклади: аспіранти, учні музичної школи, зразкова сім'я.\n\n•• Від чотирьох до семи джерел, половина з яких має один Резонанс, який ви обираєте, коли купуєте цю Перевагу. Приклади: старіючі прихильники згасаючої міської готичної або бхангра-сцени, завсідники клубної сцени, велика зразкова сім'я.\n\n••• Від семи до 15 джерел з двома різними Резонансами, які ви обираєте щотижня, коли харчуєтеся різними членами Стада. Приклади: команда з регбі, свінгерська тусовка, танцювальний клас або вечірня школа, працівники нічної зміни.\n\n•••• Від 16 до 30 джерел: ви обираєте два Резонанси щотижня. Підтримка Стада, приховування слідів та вербування час від часу відіграють роль у вашій хроніці. Приклади: культ, великий бордель, потогінний цех.\n\n••••• Від 31 до 60 джерел: ви обираєте три Резонанси щотижня. Підтримка Стада та вербування починають загрожувати Маскараду. Приклади: великий культ, великий потогінний цех.",
    "bonuses": [],
    "uses": {
      "max": 0,
      "current": 0,
      "enabled": false
    },
    "featuretype": "background",
    "points": 0,
    "macroid": ""
  },
  "effects": [],
  "sort": 0,
  "ownership": {
    "default": 0,
    "zzaXLX6rQo9UZdTe": 3
  },
  "flags": {},
  "_stats": {
    "compendiumSource": null,
    "duplicateSource": null,
    "exportSource": null,
    "coreVersion": "13.346",
    "systemId": "vtm5e",
    "systemVersion": "5.1.4",
    "createdTime": 1753912900296,
    "modifiedTime": 1753913001304,
    "lastModifiedBy": "zzaXLX6rQo9UZdTe"
  },
  "_key": "!items!L87zaFenylrLxJZ6"
}