{
  "folder": "LtiEa0vN6EakVYIQ",
  "name": "Стадо",
  "type": "feature",
  "_id": "L87zaFenylrLxJZ6",
  "img": "systems/vtm5e/assets/icons/items/discipline.png",
  "system": {
    "description": "<p>• Одна-три судини з випадковим Резонансом і без Дискразій: Ви можете змінити Резонанс однієї жертви раз на місяць за допомогою успішної перевірки Маніпулювання + Проникливість (Складність 4). Приклади: аспіранти, музичні учні, родина м'ясника</p><p>•• Чотири-сім судин, половина з яких має один Резонанс, який ви обираєте при покупці цієї Переваги. Приклади: старіючі прихильники згасаючої готичної або бхангра-сцени міста, колеги по клубній сцені, велика родина м'ясника</p><p>••• Сім-15 судин, з двома різними Резонансами, які ви обираєте щотижня, коли харчуєтеся різними членами Стада. Приклади: команда з регбі, свінгерська сцена, клас танців або вечірньої школи, працівники нічної зміни</p><p>•••• 16-30 судин: Обирайте два Резонанси щотижня. Утримання стада, приховування та вербування час від часу відіграють роль у вашій хроніці. Приклади: культ, великий бордель, потогінна майстерня</p><p>••••• 31-60 судин: Обирайте три Резонанси щотижня. Утримання та вербування стада починає стикатися з Маскарадом. Приклади: Великий культ, велика потогінна майстерня</p>",
    "bonuses": [],
    "uses": {
      "max": 0,
      "current": 0,
      "enabled": false
    },
    "featuretype": "background",
    "points": 0,
    "macroid": ""
  },
  "effects": [],
  "sort": 0,
  "ownership": {
    "default": 0,
    "zzaXLX6rQo9UZdTe": 3
  },
  "flags": {},
  "_stats": {
    "compendiumSource": null,
    "duplicateSource": null,
    "exportSource": null,
    "coreVersion": "13.346",
    "systemId": "vtm5e",
    "systemVersion": "5.1.4",
    "createdTime": 1753912900296,
    "modifiedTime": 1753913001304,
    "lastModifiedBy": "zzaXLX6rQo9UZdTe"
  },
  "_key": "!items!L87zaFenylrLxJZ6"
}