{
  "folder": "wh1ckyk2iogYWy3v",
  "name": "Вплив",
  "type": "feature",
  "_id": "Pog1dtEm2ROnlV4V",
  "img": "systems/vtm5e/assets/icons/items/discipline.png",
  "system": {
    "description": "<p>• Гарні зв'язки: Вас гарантовано вислухають з повагою.</p><p>•• Впливовий: Люди хочуть робити вам послуги.</p><p>••• Вкорінений: Смертні можновладці та угруповання не наважуються вам протистояти.</p><p>•••• Могутній: За відсутності вагомих причин для іншого, функціонери та рядові виконавці підкоряються.</p><p>••••• Панівний: Менш значущі особи намагаються вгадати ваші бажання та виконати їх першими.</p>",
    "bonuses": [],
    "uses": {
      "max": 0,
      "current": 0,
      "enabled": false
    },
    "featuretype": "background",
    "points": 0,
    "macroid": ""
  },
  "effects": [],
  "sort": 0,
  "ownership": {
    "default": 0,
    "zzaXLX6rQo9UZdTe": 3
  },
  "flags": {},
  "_stats": {
    "compendiumSource": null,
    "duplicateSource": null,
    "exportSource": null,
    "coreVersion": "13.346",
    "systemId": "vtm5e",
    "systemVersion": "5.1.4",
    "createdTime": 1753911416773,
    "modifiedTime": 1753911456810,
    "lastModifiedBy": "zzaXLX6rQo9UZdTe"
  },
  "_key": "!items!Pog1dtEm2ROnlV4V"
}