{
  "folder": "gNzlMBQnbSdlEeA8",
  "name": "Лінгвістика",
  "type": "feature",
  "_id": "xn5QGRdnv6www4bO",
  "img": "systems/vtm5e/assets/icons/items/discipline.png",
  "system": {
    "description": "<p>Кожен персонаж вільно володіє своєю рідною мовою і (якщо гравець та Оповідач не мають причин заявити інше) домінуючою мовою сеттингу хроніки. Наприклад, мексиканський перевертень у хроніці, що відбувається в пустелях Юти, може говорити та читати іспанською та англійською. Оповідачі можуть дозволити Гару, чия рідна мова збігається з мовою сеттингу, все одно взяти другу мову.</p><p>Кожна крапка в Лінгвістиці дозволяє персонажу вільно говорити, писати та читати однією додатковою мовою, крім цих двох стандартних мов.</p><p>Зауважте, що читання певних старих документів або спів на дивному діалекті може накласти додаткову Складність до перевірок Освіти або Окультизму.</p>",
    "bonuses": [],
    "uses": {
      "max": 0,
      "current": 0,
      "enabled": false
    },
    "featuretype": "merit",
    "points": 0,
    "macroid": ""
  },
  "effects": [],
  "sort": 0,
  "ownership": {
    "default": 0,
    "zzaXLX6rQo9UZdTe": 3
  },
  "flags": {},
  "_stats": {
    "compendiumSource": null,
    "duplicateSource": null,
    "exportSource": null,
    "coreVersion": "13.346",
    "systemId": "vtm5e",
    "systemVersion": "5.0.11",
    "createdTime": 1753832265911,
    "modifiedTime": 1753832385990,
    "lastModifiedBy": "zzaXLX6rQo9UZdTe"
  },
  "_key": "!items!xn5QGRdnv6www4bO"
}