{
  "folder": "ssc0xboCLq8X00rA",
  "name": "Маска",
  "type": "feature",
  "_id": "Zg8x0Snq7bU4gZzi",
  "img": "systems/vtm5e/assets/icons/items/discipline.png",
  "system": {
    "description": "<p>• У вас є хороша фальшива особистість, включаючи кредитну картку, банківський рахунок, кредитну історію, свідоцтво про народження тощо, все на ім'я вашої Маски. Ви можете пройти перевірку на рівні штату або провінції.</p><p>•• Ваша Маска може пройти перевірку в національній поліції: ФБР, Скотланд-Ярд або еквівалент. Якщо у вас є військовий або розвідувальний запис, він був засекречений.</p>",
    "bonuses": [],
    "uses": {
      "max": 0,
      "current": 0,
      "enabled": false
    },
    "featuretype": "background",
    "points": 0,
    "macroid": ""
  },
  "effects": [],
  "sort": 0,
  "ownership": {
    "default": 0,
    "zzaXLX6rQo9UZdTe": 3
  },
  "flags": {},
  "_stats": {
    "compendiumSource": null,
    "duplicateSource": null,
    "exportSource": null,
    "coreVersion": "13.346",
    "systemId": "vtm5e",
    "systemVersion": "5.0.11",
    "createdTime": 1753832271242,
    "modifiedTime": 1753837731994,
    "lastModifiedBy": "zzaXLX6rQo9UZdTe"
  },
  "_key": "!items!Zg8x0Snq7bU4gZzi"
}