{
  "folder": "nrXCAc3scd6WxI8l",
  "name": "Мавла",
  "type": "feature",
  "_id": "0SdeMFOM2s7NULfM",
  "img": "systems/vtm5e/assets/icons/items/discipline.png",
  "system": {
    "description": "<p>Як правило, Мавлі дають корисну пораду й іноді забезпечують політичну підтримку чи прикриття, але не б'ються у ваших битвах і не просять про цінні послуги для вас. Якщо їм все ж доводиться це робити заради себе, аби вам допомогти, ви, ймовірно, втратите одну чи більше крапок цієї Передісторії, викликавши їхній гнів. Персонажі також можуть отримати одноразові Малі Послуги (стор. 315) від інших Сородичів, лише на етапі створення персонажа. Ці послуги коштують половину очок (з округленням вгору) від вартості еквівалентної Мавли.</p><p>• Новонавернений</p><p>•• Анцілла</p><p>••• Старійшина</p><p>•••• Примоген або член Революційної ради анархів</p><p>••••• Принц або Барон</p>",
    "bonuses": [],
    "uses": {
      "max": 0,
      "current": 0,
      "enabled": false
    },
    "featuretype": "background",
    "points": 0,
    "macroid": ""
  },
  "effects": [],
  "sort": 0,
  "ownership": {
    "default": 0,
    "zzaXLX6rQo9UZdTe": 3
  },
  "flags": {},
  "_stats": {
    "compendiumSource": null,
    "duplicateSource": null,
    "exportSource": null,
    "coreVersion": "13.346",
    "systemId": "vtm5e",
    "systemVersion": "5.1.4",
    "createdTime": 1753832271242,
    "modifiedTime": 1753837928157,
    "lastModifiedBy": "zzaXLX6rQo9UZdTe"
  },
  "_key": "!items!0SdeMFOM2s7NULfM"
}