{
  "name": "Переваги",
  "sorting": "a",
  "folder": null,
  "type": "Item",
  "_id": "EjrgIip5FxV2L0vL",
  "description": "",
  "sort": 100000,
  "color": "#a29ea3",
  "flags": {},
  "_stats": {
    "compendiumSource": null,
    "duplicateSource": null,
    "exportSource": null,
    "coreVersion": "13.346",
    "systemId": "vtm5e",
    "systemVersion": "5.0.11",
    "createdTime": 1753832265886,
    "modifiedTime": 1753832294783,
    "lastModifiedBy": "zzaXLX6rQo9UZdTe"
  },
  "_key": "!folders!EjrgIip5FxV2L0vL"
}