{
  "folder": "UFusW5PeI6LdrHT1",
  "name": "Смертна крихкість",
  "type": "feature",
  "_id": "5dArPnGZ4vQZZ0hF",
  "img": "modules/vampire-the-masquerade-5e-compendium-ukr/packs/assets/SymbolThinBloodsV5.webp",
  "system": {
    "description": "<p>Ці Переваги та Вади застосовуються лише до тонкокровних персонажів. Вони не мають значення в крапках; кожна Вада врівноважує Перевагу, і навпаки. Таким чином, вони не враховуються в максимальній кількості крапок у Перевагах та Вадах, які можна вибрати під час створення персонажа або придбати за досвід</p><p>Ви не можете Збуджувати Кров для лікування, натомість зцілюєтеся як смертний (с. 126). Ви не можете взяти Вампірську стійкість, якщо у вас є ця Вада.</p>",
    "bonuses": [],
    "uses": {
      "max": 0,
      "current": 0,
      "enabled": false
    },
    "featuretype": "flaw",
    "points": 0,
    "macroid": ""
  },
  "effects": [],
  "sort": 0,
  "ownership": {
    "default": 0,
    "zzaXLX6rQo9UZdTe": 3
  },
  "flags": {},
  "_stats": {
    "compendiumSource": null,
    "duplicateSource": null,
    "exportSource": null,
    "coreVersion": "13.346",
    "systemId": "vtm5e",
    "systemVersion": "5.1.4",
    "createdTime": 1753836196908,
    "modifiedTime": 1753836569971,
    "lastModifiedBy": "zzaXLX6rQo9UZdTe"
  },
  "_key": "!items!5dArPnGZ4vQZZ0hF"
}