{
  "folder": "UFusW5PeI6LdrHT1",
  "name": "Смертна крихкість",
  "type": "feature",
  "_id": "5dArPnGZ4vQZZ0hF",
  "img": "modules/vampire-the-masquerade-5e-compendium-ukr/packs/assets/SymbolThinBloodsV5.webp",
  "system": {
    "description": "<p>Ці Чесноти та Вади стосуються лише слабкокровних персонажів. Вони не мають вартості в крапках; кожна Вада врівноважує Чесноту, і навпаки. Таким чином, вони не враховуються в максимальну кількість крапок у Перевагах та Вадах, дозволених для вибору під час створення персонажа або придбання за досвід.</p><p>Ви не можете пробуджувати Кров для зцілення, натомість зцілюючись як смертний (с. 126). Ви не можете взяти Вампірську Стійкість, якщо берете цю Ваду.</p>",
    "bonuses": [],
    "uses": {
      "max": 0,
      "current": 0,
      "enabled": false
    },
    "featuretype": "flaw",
    "points": 0,
    "macroid": ""
  },
  "effects": [],
  "sort": 0,
  "ownership": {
    "default": 0,
    "zzaXLX6rQo9UZdTe": 3
  },
  "flags": {},
  "_stats": {
    "compendiumSource": null,
    "duplicateSource": null,
    "exportSource": null,
    "coreVersion": "13.346",
    "systemId": "vtm5e",
    "systemVersion": "5.1.4",
    "createdTime": 1753836196908,
    "modifiedTime": 1753836569971,
    "lastModifiedBy": "zzaXLX6rQo9UZdTe"
  },
  "_key": "!items!5dArPnGZ4vQZZ0hF"
}