{
  "name": "Вимагається маска (••)",
  "sorting": "a",
  "folder": "ssc0xboCLq8X00rA",
  "type": "Item",
  "_id": "QuR4Wj0esibid3Qo",
  "description": "",
  "sort": 0,
  "color": "#a29ea3",
  "flags": {},
  "_stats": {
    "compendiumSource": null,
    "duplicateSource": null,
    "exportSource": null,
    "coreVersion": "13.346",
    "systemId": "vtm5e",
    "systemVersion": "5.0.11",
    "lastModifiedBy": "zzaXLX6rQo9UZdTe",
    "modifiedTime": 1753837748828
  },
  "_key": "!folders!QuR4Wj0esibid3Qo"
}