{
  "folder": "C8mZ006mbKxfWkKR",
  "name": "Ресурси",
  "type": "feature",
  "_id": "kGbzHWqAVV16ATRW",
  "img": "systems/vtm5e/assets/icons/items/discipline.png",
  "system": {
    "description": "<p>Цей Передісторизм описує ваші Ресурси. Ці переваги не обов'язково є фінансовими за своєю природою і рідко бувають повністю ліквідними, але ви часто можете продати їх, щоб отримати гроші. Це може зайняти тижні або навіть місяці, залежно від того, скільки потрібно продати. Особливо зараз, коли Друга Інквізиція закриває банківські рахунки Сородичів, вампіри все частіше повертаються до зберігання своїх Ресурсів у готівці — або в золоті, мистецтві, наркотиках, зброї та рабах.</p><p>Цятки Ресурсів забезпечують вам дохід для підтримки вашого стандарту нежиття, але ви повинні детально описати джерело свого доходу та форму, якої набуває цей Передісторизм. Зрештою, він може вичерпатися, бути вкраденим або іншим чином зникнути під час хроніки.</p><p>• Життя від зарплати до зарплати</p><p>•• Спосіб життя середнього класу</p><p>••• Спосіб життя вищого класу</p><p>•••• Заможний спосіб життя</p><p>••••• Надзвичайно багатий спосіб життя</p>",
    "bonuses": [],
    "uses": {
      "max": 0,
      "current": 0,
      "enabled": false
    },
    "featuretype": "background",
    "points": 0,
    "macroid": ""
  },
  "effects": [],
  "sort": 0,
  "ownership": {
    "default": 0,
    "zzaXLX6rQo9UZdTe": 3
  },
  "flags": {},
  "_stats": {
    "compendiumSource": null,
    "duplicateSource": null,
    "exportSource": null,
    "coreVersion": "13.346",
    "systemId": "vtm5e",
    "systemVersion": "5.1.4",
    "createdTime": 1753832271242,
    "modifiedTime": 1753838185483,
    "lastModifiedBy": "zzaXLX6rQo9UZdTe"
  },
  "_key": "!items!kGbzHWqAVV16ATRW"
}