{
  "name": "Ресурси",
  "sorting": "a",
  "folder": "d6cWr8XLEk5wHrdq",
  "type": "Item",
  "_id": "C8mZ006mbKxfWkKR",
  "description": "",
  "sort": 0,
  "color": "#7d0808",
  "flags": {},
  "_stats": {
    "compendiumSource": null,
    "duplicateSource": null,
    "exportSource": null,
    "coreVersion": "13.346",
    "systemId": "vtm5e",
    "systemVersion": "5.0.11",
    "lastModifiedBy": "zzaXLX6rQo9UZdTe",
    "modifiedTime": 1753913351661
  },
  "_key": "!folders!C8mZ006mbKxfWkKR"
}