{
  "folder": "C8mZ006mbKxfWkKR",
  "name": "Ресурси",
  "type": "feature",
  "_id": "kGbzHWqAVV16ATRW",
  "img": "systems/vtm5e/assets/icons/items/discipline.png",
  "system": {
    "description": "<p>Ця Передумова описує ваші Ресурси. Ці переваги не обов'язково мають фінансовий характер і рідко є повністю ліквідними, але ви часто можете продати їх, щоб отримати гроші. Це може зайняти тижні або навіть місяці, залежно від того, скільки потрібно продати. Особливо, коли Друга Інквізиція закриває банківські рахунки Кревних, вампіри все частіше повертаються до зберігання своїх Ресурсів у готівці – або в золоті, мистецтві, наркотиках, зброї та рабах. </p><p>Крапки Ресурсів забезпечують вам дохід для підтримки вашого стандарту нежиття, але ви повинні детально описати джерело вашого доходу та форму, яку приймає ця Передумова. Зрештою, вона може вичерпатися, бути вкраденою або іншим чином зникнути під час хроніки</p><p>• Спосіб життя від зарплати до зарплати</p><p>•• Спосіб життя середнього класу</p><p>••• Спосіб життя вищого класу</p><p>•••• Спосіб життя багатіїв</p><p>••••• Спосіб життя ультрабагатіїв</p>",
    "bonuses": [],
    "uses": {
      "max": 0,
      "current": 0,
      "enabled": false
    },
    "featuretype": "background",
    "points": 0,
    "macroid": ""
  },
  "effects": [],
  "sort": 0,
  "ownership": {
    "default": 0,
    "zzaXLX6rQo9UZdTe": 3
  },
  "flags": {},
  "_stats": {
    "compendiumSource": null,
    "duplicateSource": null,
    "exportSource": null,
    "coreVersion": "13.346",
    "systemId": "vtm5e",
    "systemVersion": "5.1.4",
    "createdTime": 1753832271242,
    "modifiedTime": 1753838185483,
    "lastModifiedBy": "zzaXLX6rQo9UZdTe"
  },
  "_key": "!items!kGbzHWqAVV16ATRW"
}