{
  "folder": "4xmrseXHekiLDZU0",
  "name": "Слуга",
  "type": "feature",
  "_id": "IghA327CUH3LXbWX",
  "img": "systems/vtm5e/assets/icons/items/discipline.png",
  "system": {
    "description": "<p>• Невидатний слуга: Дитина, дрібний злочинець або фанат жахів ходить за вами і виконує ваші накази без Кровного Зв'язку. Створіть його як Слабкого смертного.</p><p>•• Гуль, сімейний слуга, людський коханець або домінований раб: дайте їм передісторію. Створіть їх як Середньостатистичного смертного або як гуля без Переваг. Детальніше про Гулів див. с. 234.</p><p>••• Слуга, достатньо компетентний, щоб діяти незалежно і вирішувати менші проблеми. Ймовірно, це гуль з рисами, еквівалентними Обдарованим смертним, на додаток до його надприродних здібностей</p>",
    "bonuses": [],
    "uses": {
      "max": 0,
      "current": 0,
      "enabled": false
    },
    "featuretype": "background",
    "points": 0,
    "macroid": ""
  },
  "effects": [],
  "sort": 0,
  "ownership": {
    "default": 0,
    "zzaXLX6rQo9UZdTe": 3
  },
  "flags": {},
  "_stats": {
    "compendiumSource": null,
    "duplicateSource": null,
    "exportSource": null,
    "coreVersion": "13.346",
    "systemId": "vtm5e",
    "systemVersion": "5.1.4",
    "createdTime": 1753913087080,
    "modifiedTime": 1753913128040,
    "lastModifiedBy": "zzaXLX6rQo9UZdTe"
  },
  "_key": "!items!IghA327CUH3LXbWX"
}