{
  "folder": "4xmrseXHekiLDZU0",
  "name": "Ретейнер",
  "type": "feature",
  "_id": "IghA327CUH3LXbWX",
  "img": "systems/vtm5e/assets/icons/items/discipline.png",
  "system": {
    "description": "• Незначний посіпака: дитина, дрібний злочинець або фанат жахів, що ходить за вами по п'ятах і виконує ваші накази без Кровних уз. Створіть його як Слабкого смертного.\n\n•• Гуль, сімейний слуга, коханець-людина або підкорений раб: придумайте йому передісторію. Створіть його як Пересічного смертного або як гуля без Переваг. Детальніше про гулів дивіться на стор. 234.\n\n••• Посіпака, достатньо компетентний, щоб діяти самостійно і вирішувати дрібні проблеми. Найімовірніше, це гуль із характеристиками, еквівалентними Обдарованим смертним, на додачу до своїх надприродних здібностей.",
    "bonuses": [],
    "uses": {
      "max": 0,
      "current": 0,
      "enabled": false
    },
    "featuretype": "background",
    "points": 0,
    "macroid": ""
  },
  "effects": [],
  "sort": 0,
  "ownership": {
    "default": 0,
    "zzaXLX6rQo9UZdTe": 3
  },
  "flags": {},
  "_stats": {
    "compendiumSource": null,
    "duplicateSource": null,
    "exportSource": null,
    "coreVersion": "13.346",
    "systemId": "vtm5e",
    "systemVersion": "5.1.4",
    "createdTime": 1753913087080,
    "modifiedTime": 1753913128040,
    "lastModifiedBy": "zzaXLX6rQo9UZdTe"
  },
  "_key": "!items!IghA327CUH3LXbWX"
}