{
  "folder": "UFusW5PeI6LdrHT1",
  "name": "Відкинутий Анархами",
  "type": "feature",
  "_id": "8yvOplh0T02viuI1",
  "img": "modules/vampire-the-masquerade-5e-compendium-ukr/packs/assets/SymbolThinBloodsV5.webp",
  "system": {
    "description": "<p>Ці Чесноти та Вади стосуються лише персонажів-слабкокровців. Вони не мають вартості в цятках; кожна Вада врівноважує Чесноту, і навпаки. Тому вони не враховуються в максимальну кількість цяток Переваг та Недоліків, дозволених для вибору під час створення персонажа або придбання за досвід.</p><p>Ви порушили неписане правило або вважали себе рівним серед рівних, де деякі виявилися рівнішими за інших. Хоч би як там було, Анархи реґнуму знають про вас і цураються вас. Вони радше кинуть вас Камарильї, ніж слухатимуть ваші благання. Ви не можете взяти Товаришів-Анархів, якщо берете цю Ваду.</p>",
    "bonuses": [],
    "uses": {
      "max": 0,
      "current": 0,
      "enabled": false
    },
    "featuretype": "flaw",
    "points": 0,
    "macroid": ""
  },
  "effects": [],
  "sort": 0,
  "ownership": {
    "default": 0,
    "zzaXLX6rQo9UZdTe": 3
  },
  "flags": {},
  "_stats": {
    "compendiumSource": null,
    "duplicateSource": null,
    "exportSource": null,
    "coreVersion": "13.346",
    "systemId": "vtm5e",
    "systemVersion": "5.1.4",
    "createdTime": 1753836217671,
    "modifiedTime": 1753836615170,
    "lastModifiedBy": "zzaXLX6rQo9UZdTe"
  },
  "_key": "!items!8yvOplh0T02viuI1"
}