{
  "folder": "DCRmwL9yjifodIBD",
  "name": "Статус",
  "type": "feature",
  "_id": "VF73NdB7RGgiVf12",
  "img": "systems/vtm5e/assets/icons/items/discipline.png",
  "system": {
    "description": "<p>• Відомий: Правильно представлений, прийнятий неонат, якого вважають перспективним.</p><p>•• Поважний: Тепер у вас є обов'язки, середньостатистична ансілла.</p><p>••• Впливовий: Ви маєте владу над частиною групи, середньостатистичний старійшина.</p><p>•••• Могутній: Ви займаєте посаду в групі, таку як Шериф, Гарпія або Бич.</p><p>••••• Світило: Ви сидите за столом влади в групі, поважний член Примогену </p>",
    "bonuses": [],
    "uses": {
      "max": 0,
      "current": 0,
      "enabled": false
    },
    "featuretype": "background",
    "points": 0,
    "macroid": ""
  },
  "effects": [],
  "sort": 0,
  "ownership": {
    "default": 0,
    "zzaXLX6rQo9UZdTe": 3
  },
  "flags": {},
  "_stats": {
    "compendiumSource": null,
    "duplicateSource": null,
    "exportSource": null,
    "coreVersion": "13.346",
    "systemId": "vtm5e",
    "systemVersion": "5.1.4",
    "createdTime": 1753913215657,
    "modifiedTime": 1753913242707,
    "lastModifiedBy": "zzaXLX6rQo9UZdTe"
  },
  "_key": "!items!VF73NdB7RGgiVf12"
}