{
  "type": "Item",
  "folder": "EjrgIip5FxV2L0vL",
  "name": "Вади слабокровних",
  "color": "#920c0c",
  "sorting": "a",
  "_id": "UFusW5PeI6LdrHT1",
  "description": "",
  "sort": 900000,
  "flags": {},
  "_stats": {
    "compendiumSource": null,
    "duplicateSource": null,
    "exportSource": null,
    "coreVersion": "13.346",
    "systemId": "vtm5e",
    "systemVersion": "5.1.4",
    "lastModifiedBy": "zzaXLX6rQo9UZdTe",
    "modifiedTime": 1753833995004
  },
  "_key": "!folders!UFusW5PeI6LdrHT1"
}