{
  "folder": "jCXLup54jpPLnL7E",
  "name": "Тонкокровний Алхімік",
  "type": "feature",
  "_id": "wXoKDvKVoa3VOqWf",
  "img": "modules/vampire-the-masquerade-5e-compendium-ukr/packs/assets/SymbolThinBloodsV5.webp",
  "system": {
    "description": "<p>Ці Переваги та Вади застосовуються лише до тонкокровних персонажів. Вони не мають значення в крапках; кожна Вада врівноважує Перевагу, і навпаки. Таким чином, вони не враховуються в максимальній кількості крапок у Перевагах та Вадах, які можна вибрати під час створення персонажа або придбати за досвід</p><p>Сутінкові змінюються, коли харчуються. Алхімія Тонкокровних — це майстерність цього процесу. Чи то спонтанно, чи то навичка, здобута шляхом обміну нотатками з іншими кров'яними кухарями, ви отримали одну крапку та одну формулу (с. 282) в Алхімії Тонкокровних. Ви можете купувати додаткові крапки та формули за досвід, як зазвичай.</p>",
    "bonuses": [],
    "uses": {
      "max": 0,
      "current": 0,
      "enabled": false
    },
    "featuretype": "merit",
    "points": 0,
    "macroid": ""
  },
  "effects": [],
  "sort": 0,
  "ownership": {
    "default": 0,
    "zzaXLX6rQo9UZdTe": 3
  },
  "flags": {},
  "_stats": {
    "compendiumSource": null,
    "duplicateSource": null,
    "exportSource": null,
    "coreVersion": "13.346",
    "systemId": "vtm5e",
    "systemVersion": "5.1.4",
    "createdTime": 1753836851428,
    "modifiedTime": 1753837203558,
    "lastModifiedBy": "zzaXLX6rQo9UZdTe"
  },
  "_key": "!items!wXoKDvKVoa3VOqWf"
}