{
  "folder": "jCXLup54jpPLnL7E",
  "name": "Слабкокровний алхімік",
  "type": "feature",
  "_id": "wXoKDvKVoa3VOqWf",
  "img": "modules/vampire-the-masquerade-5e-compendium-ukr/packs/assets/SymbolThinBloodsV5.webp",
  "system": {
    "description": "<p>Ці Переваги та Недоліки стосуються лише персонажів-слабокровних. Вони не мають вартості в цятках; кожен Недолік врівноважує Перевагу, і навпаки. Таким чином, вони не враховуються в максимальній кількості цяток Переваг та Недоліків, дозволених для вибору під час створення персонажа або придбаних за досвід.</p><p>Присмеркові змінюються, коли харчуються. Алхімія слабокровних — це майстерне володіння цим процесом. Незалежно від того, чи є це спонтанним умінням, чи навичкою, здобутою шляхом обміну досвідом з іншими «кроварами», ви отримали одну цятку та одну формулу (стор. 282) в Алхімії слабокровних. Ви можете купувати додаткові цятки та формули за досвід, як зазвичай.</p>",
    "bonuses": [],
    "uses": {
      "max": 0,
      "current": 0,
      "enabled": false
    },
    "featuretype": "merit",
    "points": 0,
    "macroid": ""
  },
  "effects": [],
  "sort": 0,
  "ownership": {
    "default": 0,
    "zzaXLX6rQo9UZdTe": 3
  },
  "flags": {},
  "_stats": {
    "compendiumSource": null,
    "duplicateSource": null,
    "exportSource": null,
    "coreVersion": "13.346",
    "systemId": "vtm5e",
    "systemVersion": "5.1.4",
    "createdTime": 1753836851428,
    "modifiedTime": 1753837203558,
    "lastModifiedBy": "zzaXLX6rQo9UZdTe"
  },
  "_key": "!items!wXoKDvKVoa3VOqWf"
}