{
  "folder": "jCXLup54jpPLnL7E",
  "name": "Вампірська стійкість",
  "type": "feature",
  "_id": "eo1gHIUxcYoNml3e",
  "img": "modules/vampire-the-masquerade-5e-compendium-ukr/packs/assets/SymbolThinBloodsV5.webp",
  "system": {
    "description": "Ці Переваги та Вади стосуються лише слабкокровних персонажів. Вони не мають вартості в цятках; кожна Вада врівноважує Перевагу, і навпаки. Таким чином, вони не враховуються в максимальну кількість цяток Переваг та Вад, які дозволено обирати під час створення персонажа або купувати за досвід.\n\nВи отримуєте ушкодження як звичайний вампір, вважаючи звичайні колоті та різані рани поверхневими ушкодженнями.",
    "bonuses": [],
    "uses": {
      "max": 0,
      "current": 0,
      "enabled": false
    },
    "featuretype": "merit",
    "points": 0,
    "macroid": ""
  },
  "effects": [],
  "sort": 0,
  "ownership": {
    "default": 0,
    "zzaXLX6rQo9UZdTe": 3
  },
  "flags": {},
  "_stats": {
    "compendiumSource": null,
    "duplicateSource": null,
    "exportSource": null,
    "coreVersion": "13.346",
    "systemId": "vtm5e",
    "systemVersion": "5.1.4",
    "createdTime": 1753836873373,
    "modifiedTime": 1753837230193,
    "lastModifiedBy": "zzaXLX6rQo9UZdTe"
  },
  "_key": "!items!eo1gHIUxcYoNml3e"
}