{
  "folder": "UFusW5PeI6LdrHT1",
  "name": "Життєва залежність",
  "type": "feature",
  "_id": "22ZIlNzPVMfS3XBM",
  "img": "modules/vampire-the-masquerade-5e-compendium-ukr/packs/assets/SymbolThinBloodsV5.webp",
  "system": {
    "description": "<p>Ці Переваги та Вади застосовуються лише до слабокровних персонажів. Вони не мають ціни в цятках; кожна Вада врівноважує Перевагу, і навпаки. Тому вони не враховуються в максимальну кількість цяток у Перевагах та Вадах, дозволену для вибору під час створення персонажа або для придбання за досвід.</p><p>Ваша Кров нездатна самостійно підтримувати вампірські сили. Якщо ви щотижня не випиваєте достатньо вампірської Крові, щоб втамувати один Голод, ви втрачаєте здатність здобувати та використовувати будь-які Дисципліни (включно з Алхімією Слабокровних). Ви відновлюєте свої сили, щойно втамуєте принаймні один Голод вампірською Кров'ю.</p>",
    "bonuses": [],
    "uses": {
      "max": 0,
      "current": 0,
      "enabled": false
    },
    "featuretype": "flaw",
    "points": 0,
    "macroid": ""
  },
  "effects": [],
  "sort": 0,
  "ownership": {
    "default": 0,
    "zzaXLX6rQo9UZdTe": 3
  },
  "flags": {},
  "_stats": {
    "compendiumSource": null,
    "duplicateSource": null,
    "exportSource": null,
    "coreVersion": "13.346",
    "systemId": "vtm5e",
    "systemVersion": "5.1.4",
    "createdTime": 1753836259056,
    "modifiedTime": 1753836654758,
    "lastModifiedBy": "zzaXLX6rQo9UZdTe"
  },
  "_key": "!items!22ZIlNzPVMfS3XBM"
}