{
  "folder": "UFusW5PeI6LdrHT1",
  "name": "Залежність від Віта",
  "type": "feature",
  "_id": "22ZIlNzPVMfS3XBM",
  "img": "modules/vampire-the-masquerade-5e-compendium-ukr/packs/assets/SymbolThinBloodsV5.webp",
  "system": {
    "description": "<p>Ці Переваги та Вади застосовуються лише до тонкокровних персонажів. Вони не мають значення в крапках; кожна Вада врівноважує Перевагу, і навпаки. Таким чином, вони не враховуються в максимальній кількості крапок у Перевагах та Вадах, які можна вибрати під час створення персонажа або придбати за досвід</p><p>Ваша Кров нездатна самостійно підтримувати вампірські сили. Якщо ви не п'єте достатньо вампірської Крові, щоб втамувати один Голод щотижня, ви втрачаєте здатність отримувати та використовувати будь-які Дисципліни (включаючи Алхімію Тонкокровних). Ви відновлюєте свої сили, щойно втамуєте принаймні один Голод вампірською Кров'ю.</p>",
    "bonuses": [],
    "uses": {
      "max": 0,
      "current": 0,
      "enabled": false
    },
    "featuretype": "flaw",
    "points": 0,
    "macroid": ""
  },
  "effects": [],
  "sort": 0,
  "ownership": {
    "default": 0,
    "zzaXLX6rQo9UZdTe": 3
  },
  "flags": {},
  "_stats": {
    "compendiumSource": null,
    "duplicateSource": null,
    "exportSource": null,
    "coreVersion": "13.346",
    "systemId": "vtm5e",
    "systemVersion": "5.1.4",
    "createdTime": 1753836259056,
    "modifiedTime": 1753836654758,
    "lastModifiedBy": "zzaXLX6rQo9UZdTe"
  },
  "_key": "!items!22ZIlNzPVMfS3XBM"
}