{
  "folder": "r1wjwrIVzALpkFpo",
  "name": "Вуличний кіт",
  "type": "predatorType",
  "_id": "LMuKaffhHN1iI2AU",
  "img": "systems/vtm5e/assets/icons/items/discipline.png",
  "system": {
    "description": "Ви — бойовий нападник. Ви вистежуєте, долаєте силою і п'єте з будь-кого, коли випадає нагода. Ви можете погрожувати жертвам або використовувати Домінування, щоб змусити їх мовчати, або ж маскувати харчування під пограбування. Подумайте, як ви дійшли до такого прямого підходу до харчування і що дозволяє вам миритися з нежиттям, сповненим вистежування, нападів, харчування та втеч. Ви могли бути безхатьком, солдатом САС, найманим убивцею картелю або мисливцем на велику дичину.\n\n■ Додайте спеціалізацію: Залякування (Розбій) або Бійка (Захвати)\n■ Отримайте одну цятку Стрімкості або Могутності\n■ Втратьте одну цятку Людяності\n■ Отримайте три цятки Кримінальних контактів",
    "bonuses": [],
    "gamesystem": "vampire"
  },
  "effects": [],
  "sort": 0,
  "ownership": {
    "default": 0,
    "zzaXLX6rQo9UZdTe": 3
  },
  "flags": {},
  "_stats": {
    "compendiumSource": null,
    "duplicateSource": null,
    "exportSource": null,
    "coreVersion": "13.346",
    "systemId": "vtm5e",
    "systemVersion": "5.1.4",
    "createdTime": 1753913528064,
    "modifiedTime": 1753913750202,
    "lastModifiedBy": "zzaXLX6rQo9UZdTe"
  },
  "_key": "!items!LMuKaffhHN1iI2AU"
}