{
  "folder": "r1wjwrIVzALpkFpo",
  "name": "Екскаватор",
  "type": "predatorType",
  "_id": "TMdpcf5EJV13bDG4",
  "img": "systems/vtm5e/assets/icons/items/discipline.png",
  "system": {
    "description": "<p>Ви крадете, купуєте або іншим чином здобуваєте холодну кров замість полювання, покладаючись на чорний ринок або свої навички злодія чи стерв'ятника. Можливо, ви досі працюєте в нічну зміну в лікарні. Вентру не можуть обирати цей тип Хижака.</p><p>■ Додайте спеціалізацію: Злодійство (Зламування замків) або Вуличне чуття (Чорний ринок)</p><p>■ Отримайте одну цятку Кривавого чаклунства (лише для Тремерів) або Затемнення</p><p>■ Отримайте Перевагу Харчування: Залізна глотка (•••)</p><p>■ Отримайте Ваду «Ворог»: (••)Хтось вважає, що ви йому винні, або є інша причина, чому ви тримаєтеся подалі від вулиць.</p>",
    "bonuses": [],
    "gamesystem": "vampire"
  },
  "effects": [],
  "sort": 0,
  "ownership": {
    "default": 0,
    "zzaXLX6rQo9UZdTe": 3
  },
  "flags": {},
  "_stats": {
    "compendiumSource": null,
    "duplicateSource": null,
    "exportSource": null,
    "coreVersion": "13.346",
    "systemId": "vtm5e",
    "systemVersion": "5.1.4",
    "createdTime": 1753913571824,
    "modifiedTime": 1753913812569,
    "lastModifiedBy": "zzaXLX6rQo9UZdTe"
  },
  "_key": "!items!TMdpcf5EJV13bDG4"
}