{
  "folder": "wr5SIxwezXzT8NGk",
  "name": "Сила Крові 3",
  "type": "resonance",
  "_id": "YqhcVuqAPXI5uOgu",
  "img": "systems/vtm5e/assets/icons/items/discipline.png",
  "system": {
    "description": "<p>Для консервативніших старійшин ваша Кров загусла достатньо, щоб зробити вас не просто черговим сосунком, а справжнім Каїнітом, гідним уваги й визнання. Однак, хоча ваша Кров і дарує великі дари, вона також підживлює слабкість вашого клану.</p><p>■ Додайте два кубики Атрибута до свого запасу кубиків під час Сплеску Крові.</p><p>■ Киньте два кубики й оберіть найбільший результат під час Перевірки Пробудження для сил дисциплін 2-го рівня та нижче.</p><p>■ Кров тварин і консервована кров більше не втамовують ваш Голод.</p><p>■ Ви маєте Прокляття 2-го ступеня.</p>",
    "bonuses": [],
    "gamesystem": "vampire",
    "dyscrasia": ""
  },
  "effects": [],
  "sort": 0,
  "ownership": {
    "default": 0,
    "zzaXLX6rQo9UZdTe": 3
  },
  "flags": {},
  "_stats": {
    "compendiumSource": null,
    "duplicateSource": null,
    "exportSource": null,
    "coreVersion": "13.346",
    "systemId": "vtm5e",
    "systemVersion": "5.1.4",
    "createdTime": 1753914986505,
    "modifiedTime": 1753915301765,
    "lastModifiedBy": "zzaXLX6rQo9UZdTe"
  },
  "_key": "!items!YqhcVuqAPXI5uOgu"
}