{
  "folder": "wr5SIxwezXzT8NGk",
  "name": "Сила Крові 2",
  "type": "resonance",
  "_id": "30rrUPOpyv2OeluD",
  "img": "systems/vtm5e/assets/icons/items/discipline.png",
  "system": {
    "description": "<p>На голову вище за нижчих сородичів, ваша Кров краще підтримує ваше вампірське існування, ніж їхня. Однак кров, що не є свіжою з людської посудини, починає втрачати свою силу, адже вона давно втратила свій смак.</p><p>■ Під час Загоєння Ушкоджень ви можете зняти два пункти Поверхневих ушкоджень за одну Перевірку Пробудження.</p><p>■ Додавайте один кубик до своїх резервів кубиків під час використання сил дисциплін або опору їм.</p><p>■ Ви мусите пити вдвічі більше тваринної або пакетованої крові, щоб втамувати 1 рівень Голоду.</p>",
    "bonuses": [],
    "gamesystem": "vampire",
    "dyscrasia": ""
  },
  "effects": [],
  "sort": 0,
  "ownership": {
    "default": 0,
    "zzaXLX6rQo9UZdTe": 3
  },
  "flags": {},
  "_stats": {
    "compendiumSource": null,
    "duplicateSource": null,
    "exportSource": null,
    "coreVersion": "13.346",
    "systemId": "vtm5e",
    "systemVersion": "5.1.4",
    "createdTime": 1753914976089,
    "modifiedTime": 1753915248512,
    "lastModifiedBy": "zzaXLX6rQo9UZdTe"
  },
  "_key": "!items!30rrUPOpyv2OeluD"
}