{
  "folder": "wr5SIxwezXzT8NGk",
  "name": "Сила Крові 0 (нуль): Слабкокровний",
  "type": "resonance",
  "_id": "oSaUNjeKe5Dl2CGk",
  "img": "systems/vtm5e/assets/icons/items/discipline.png",
  "system": {
    "description": "<p>Ви — слабокровка, вами нехтують та зневажають справжні вампіри.</p><p>■ Ви отримуєте ушкодження як смертні. Під час Загоєння Ушкоджень (с. 218) ви можете усунути одну одиницю поверхневих ушкоджень за одну Перевірку Пробудження. Рівень вашого Прокляття — 0, оскільки ви не маєте клану, а отже, не маєте і кланового прокляття.</p><p>■ Ви не можете створювати Кровні Узи (с. 233), впевнено дарувати Обійми або створювати гулів (с. 234).</p><p>■ Лише надприродні засоби можуть довести вас до шаленства (с. 219).</p><p>■ Ви отримуєте лише одну одиницю поверхневих ушкоджень за хід під прямими сонячними променями. Щоб дізнатися більше про обмеження та здібності слабокровних, дивіться с. 109</p>",
    "bonuses": [],
    "gamesystem": "vampire",
    "dyscrasia": ""
  },
  "effects": [],
  "sort": 0,
  "ownership": {
    "default": 0,
    "zzaXLX6rQo9UZdTe": 3
  },
  "flags": {},
  "_stats": {
    "compendiumSource": null,
    "duplicateSource": null,
    "exportSource": null,
    "coreVersion": "13.346",
    "systemId": "vtm5e",
    "systemVersion": "5.1.4",
    "createdTime": 1753914923602,
    "modifiedTime": 1753915165273,
    "lastModifiedBy": "zzaXLX6rQo9UZdTe"
  },
  "_key": "!items!oSaUNjeKe5Dl2CGk"
}