{
  "type": "Item",
  "folder": null,
  "name": "Сила Крові",
  "color": "#9f90a2",
  "sorting": "a",
  "_id": "wr5SIxwezXzT8NGk",
  "description": "",
  "sort": 0,
  "flags": {},
  "_stats": {
    "compendiumSource": null,
    "duplicateSource": null,
    "exportSource": null,
    "coreVersion": "13.346",
    "systemId": "vtm5e",
    "systemVersion": "5.1.4",
    "createdTime": 1753913513888,
    "modifiedTime": 1753913513888,
    "lastModifiedBy": "zzaXLX6rQo9UZdTe"
  },
  "_key": "!folders!wr5SIxwezXzT8NGk"
}