{
  "folder": "wr5SIxwezXzT8NGk",
  "name": "Сила Крові 4",
  "type": "resonance",
  "_id": "W4xJEGeafqxwhEUF",
  "img": "systems/vtm5e/assets/icons/items/discipline.png",
  "system": {
    "description": "<p>Так близько, і все ж так далеко, ви займаєте незавидне становище, пануючи над нижчими й водночас залишаючись дрібнотою для вищих. Вам потрібно дедалі більше людської плоті й крові, щоб втамувати свій Голод, і ви відчуваєте, як ваша Людяність вислизає з ваших закривавлених пальців.</p><p>■ Загоюючи пошкодження, ви можете зняти три очки поверхневих пошкоджень за кожну Перевірку Пробудження.</p><p>■ Додайте два кубики до ваших резервів кубиків, коли використовуєте сили Дисциплін або чините їм опір.</p><p>■ Коли ви харчуєтеся людьми, ви втамовуєте на 1 Голод менше за кожну людину.</p>",
    "bonuses": [],
    "gamesystem": "vampire",
    "dyscrasia": ""
  },
  "effects": [],
  "sort": 0,
  "ownership": {
    "default": 0,
    "zzaXLX6rQo9UZdTe": 3
  },
  "flags": {},
  "_stats": {
    "compendiumSource": null,
    "duplicateSource": null,
    "exportSource": null,
    "coreVersion": "13.346",
    "systemId": "vtm5e",
    "systemVersion": "5.1.4",
    "createdTime": 1753915003862,
    "modifiedTime": 1753915348612,
    "lastModifiedBy": "zzaXLX6rQo9UZdTe"
  },
  "_key": "!items!W4xJEGeafqxwhEUF"
}