{
  "folder": "wr5SIxwezXzT8NGk",
  "name": "Сила Крові 3",
  "type": "resonance",
  "_id": "YqhcVuqAPXI5uOgu",
  "img": "systems/vtm5e/assets/icons/items/discipline.png",
  "system": {
    "description": "<p>Для більш консервативних старійшин ваша Кров згустилася достатньо, щоб зробити вас не просто лизуном, а справжнім Каїнітом, гідним уваги та поваги. Проте, хоча ваша Кров дарує великі дари, вона також живить слабкість вашого клану.</p><p>■ Додайте два кубики Атрибута до вашого запасу кубиків під час виконання Сплеску Крові.</p><p>■ Киньте два кубики й оберіть найбільше значення під час Перевірки Пробудження для сил дисциплін 2-го рівня та нижче.</p><p>■ Тваринна та пакетована кров більше не втамовує ваш Голод.</p><p>■ Ваша Тяжкість Прокляття дорівнює 2.</p>",
    "bonuses": [],
    "gamesystem": "vampire",
    "dyscrasia": ""
  },
  "effects": [],
  "sort": 0,
  "ownership": {
    "default": 0,
    "zzaXLX6rQo9UZdTe": 3
  },
  "flags": {},
  "_stats": {
    "compendiumSource": null,
    "duplicateSource": null,
    "exportSource": null,
    "coreVersion": "13.346",
    "systemId": "vtm5e",
    "systemVersion": "5.1.4",
    "createdTime": 1753914986505,
    "modifiedTime": 1753915301765,
    "lastModifiedBy": "zzaXLX6rQo9UZdTe"
  },
  "_key": "!items!YqhcVuqAPXI5uOgu"
}