{
  "folder": "wr5SIxwezXzT8NGk",
  "name": "Сила Крові 1",
  "type": "resonance",
  "_id": "7XWp1JxbGtnuyiHP",
  "img": "systems/vtm5e/assets/icons/items/discipline.png",
  "system": {
    "description": "<p>Ти справжній вампір, хоча, за словами деяких старійшин, лише з натяжкою. Проте, твоя вампірська Кров здатна на вражаючі речі, коли її розбурхати.</p><p>■ Додай один кубик Атрибута до свого запасу кубиків під час виконання Сплеску Крові (стор. 218).</p><p>■ Під час лікування ушкоджень ти можеш зняти 1 очко поверхневих ушкоджень за одну Перевірку Пробудження.</p><p>■ Кинь два кубики й обери найвищий результат під час Перевірки Пробудження для сил Дисциплін 1-го рівня. (Або перекинь Перевірку Пробудження)</p><p>■ Ти маєш Тяжкість Прокляття 1.</p>",
    "bonuses": [],
    "gamesystem": "vampire",
    "dyscrasia": ""
  },
  "effects": [],
  "sort": 0,
  "ownership": {
    "default": 0,
    "zzaXLX6rQo9UZdTe": 3
  },
  "flags": {},
  "_stats": {
    "compendiumSource": null,
    "duplicateSource": null,
    "exportSource": null,
    "coreVersion": "13.346",
    "systemId": "vtm5e",
    "systemVersion": "5.1.4",
    "createdTime": 1753914964477,
    "modifiedTime": 1753915210230,
    "lastModifiedBy": "zzaXLX6rQo9UZdTe"
  },
  "_key": "!items!7XWp1JxbGtnuyiHP"
}