{
  "folder": "r1wjwrIVzALpkFpo",
  "name": "Сікач",
  "type": "predatorType",
  "_id": "4IqaYfUhm75WTOur",
  "img": "systems/vtm5e/assets/icons/items/discipline.png",
  "system": {
    "description": "<p>Ви таємно харчуєтеся кров'ю своєї (або чиєїсь) смертної родини та друзів, з якими все ще підтримуєте зв'язки. Найрадикальніші клівери всиновлюють дітей, одружуються з людьми та намагаються підтримувати сімейне життя так довго, як тільки можуть. Додайте свою родину до Карти стосунків. Клівери часто йдуть на все, щоб приховати правду про свій стан від родини, але деякі також підтримують нездорові стосунки зі своїми рідними. Камарилья забороняє заводити людську родину в такий спосіб і з осудом ставиться до кліверів, вважаючи їх потенційними порушниками Маскараду. Мудріші Сородичі можуть вирізати вашу родину для вашого ж блага, якщо дізнаються про вашу таємницю і їм не байдужа ваша доля.</p><p>■ Додайте спеціалізацію: Переконання (Газлайтинг) або Хитрощі (Приховування)</p><p>■ Отримайте одну цятку Домінування або Анімалізму</p><p>■ Отримайте Ваду Темна таємниця: (•)Клівер</p><p>■ Отримайте Перевагу Череда (••)</p><p></p>",
    "bonuses": [],
    "gamesystem": "vampire"
  },
  "effects": [],
  "sort": 0,
  "ownership": {
    "default": 0,
    "zzaXLX6rQo9UZdTe": 3
  },
  "flags": {},
  "_stats": {
    "compendiumSource": null,
    "duplicateSource": null,
    "exportSource": null,
    "coreVersion": "13.346",
    "systemId": "vtm5e",
    "systemVersion": "5.1.4",
    "createdTime": 1753913600231,
    "modifiedTime": 1753914014510,
    "lastModifiedBy": "zzaXLX6rQo9UZdTe"
  },
  "_key": "!items!4IqaYfUhm75WTOur"
}