{
  "folder": "r1wjwrIVzALpkFpo",
  "name": "Сім'янин",
  "type": "predatorType",
  "_id": "4IqaYfUhm75WTOur",
  "img": "systems/vtm5e/assets/icons/items/discipline.png",
  "system": {
    "description": "<p>Ви таємно харчуєтеся від своєї (або чиєїсь) смертної родини та друзів, з якими ви все ще підтримуєте зв'язки. Найбільш екстремальні сім'янини всиновлюють дітей, одружуються з людиною і намагаються підтримувати сімейне життя якомога довше. Додайте свою сім'ю до Мапи стосунків. Сім'янини часто йдуть на багато що, щоб приховати правду про свій стан від родини, але деякі також підтримують нездорові стосунки зі своїми родичами. Камарилья забороняє мати людську сім'ю таким чином і дивиться на сім'янинів як на потенційне порушення Маскараду. Мудріші Сородичі можуть вирізати вашу сім'ю для вашого ж блага, якщо дізнаються вашу таємницю і їм не байдуже, що з вами станеться.</p><p>■ Додайте спеціалізацію: Переконання (Газлайтинг) або Хитрість (Прикриття)</p><p>■ Отримайте одну цятку Домінування або Анімалізму</p><p>■ Отримайте Ваду Темна таємниця: (•)Сім'янин</p><p>■ Отримайте Перевагу Стадо (••)</p><p></p>",
    "bonuses": [],
    "gamesystem": "vampire"
  },
  "effects": [],
  "sort": 0,
  "ownership": {
    "default": 0,
    "zzaXLX6rQo9UZdTe": 3
  },
  "flags": {},
  "_stats": {
    "compendiumSource": null,
    "duplicateSource": null,
    "exportSource": null,
    "coreVersion": "13.346",
    "systemId": "vtm5e",
    "systemVersion": "5.1.4",
    "createdTime": 1753913600231,
    "modifiedTime": 1753914014510,
    "lastModifiedBy": "zzaXLX6rQo9UZdTe"
  },
  "_key": "!items!4IqaYfUhm75WTOur"
}