{
  "folder": "r1wjwrIVzALpkFpo",
  "name": "Консенсуаліст",
  "type": "predatorType",
  "_id": "WRykPxFBJIHET2ij",
  "img": "systems/vtm5e/assets/icons/items/discipline.png",
  "system": {
    "description": "<p>Ви ніколи не харчуєтеся проти волі вашої жертви. Ви видаєте себе за представника благодійної акції зі збору крові, за кінк-лорда, що п'є кров, у «справжній вампірській спільноті», або ж просто розповідаєте жертвам, хто ви є, і отримуєте їхній дозвіл на харчування. Камарилья називає останній метод порушенням Маскараду, але багато філософів-анархів вважають це прийнятним ризиком. У житті ви могли бути ким завгодно, але секс-працівник, політичний організатор або юрист могли б остерігатися харчуватися без згоди.</p><p>■ Додайте спеціалізацію: Медицина (Флеботомія) або Переконання (Жертви)</p><p>■ Отримайте одну цятку Прозріння або Стійкості</p><p>■ Отримайте одну цятку Людяності</p><p>■ Отримайте Ваду Темна таємниця: (•) Порушник Маскараду</p><p>■ Отримайте Ваду Харчування: (•) Виключення здобичі (ті, що не дають згоди)</p>",
    "bonuses": [],
    "gamesystem": "vampire"
  },
  "effects": [],
  "sort": 0,
  "ownership": {
    "default": 0,
    "zzaXLX6rQo9UZdTe": 3
  },
  "flags": {},
  "_stats": {
    "compendiumSource": null,
    "duplicateSource": null,
    "exportSource": null,
    "coreVersion": "13.346",
    "systemId": "vtm5e",
    "systemVersion": "5.1.4",
    "createdTime": 1753913617655,
    "modifiedTime": 1753914074135,
    "lastModifiedBy": "zzaXLX6rQo9UZdTe"
  },
  "_key": "!items!WRykPxFBJIHET2ij"
}