{
  "folder": "r1wjwrIVzALpkFpo",
  "name": "Консенсуаліст",
  "type": "predatorType",
  "_id": "WRykPxFBJIHET2ij",
  "img": "systems/vtm5e/assets/icons/items/discipline.png",
  "system": {
    "description": "<p>Ви ніколи не харчуєтеся проти вільної волі вашої жертви. Ви маскуєтеся під представника благодійної акції зі збору крові, під кінк-лорда, що п'є кров, у «справжній вампірській спільноті», або ж просто розповідаєте жертвам, хто ви є, і отримуєте їхній дозвіл на харчування. Камарилья називає останній метод порушенням Маскараду, але багато філософів-анархів вважають це прийнятним ризиком. За життя ви могли бути ким завгодно, але секс-працівник, політичний організатор або юрист — усі вони могли б з осторогою ставитися до харчування без згоди.</p><p>■ Додайте спеціалізацію: Медицина (Флеботомія) або Переконання (Жертви)</p><p>■ Отримайте одне очко Провидіння або Стійкості</p><p>■ Отримайте одне очко Людяності</p><p>■ Отримайте Ваду «Темна таємниця»: (•) Порушник Маскараду</p><p>■ Отримайте Ваду харчування: (•) Виключення здобичі (ті, хто не дають згоди)</p>",
    "bonuses": [],
    "gamesystem": "vampire"
  },
  "effects": [],
  "sort": 0,
  "ownership": {
    "default": 0,
    "zzaXLX6rQo9UZdTe": 3
  },
  "flags": {},
  "_stats": {
    "compendiumSource": null,
    "duplicateSource": null,
    "exportSource": null,
    "coreVersion": "13.346",
    "systemId": "vtm5e",
    "systemVersion": "5.1.4",
    "createdTime": 1753913617655,
    "modifiedTime": 1753914074135,
    "lastModifiedBy": "zzaXLX6rQo9UZdTe"
  },
  "_key": "!items!WRykPxFBJIHET2ij"
}