{
  "folder": "r1wjwrIVzALpkFpo",
  "name": "Фермер",
  "type": "predatorType",
  "_id": "VdOPCYrSqRjxHHNr",
  "img": "systems/vtm5e/assets/icons/items/discipline.png",
  "system": {
    "description": "<p>Ви харчуєтеся лише тваринами. Ваш Голод постійно гризе вас, але ви досі не вбили жодної людини (за винятком, можливо, того єдиного разу), і ви маєте намір дотримуватися цього й надалі. За життя ви могли бути ким завгодно, але ваш вибір свідчить про людину, одержиму мораллю. Можливо, за життя ви були активістом, священником, гуманітарним працівником або веганом, але рішення ніколи не ризикувати людським життям — це вибір, до якого може прийти будь-хто і якого важко дотримуватися. Вентру не можуть обирати цей тип Хижака. Ви не можете обрати цей тип Хижака, якщо ваша Сила Крові 3 або вище.</p><p>■ Додайте спеціалізацію: Знання тварин (Конкретна тварина) або Виживання (Полювання)</p><p>■ Отримайте одну цятку Анімалізму або Метаморфоз</p><p>■ Отримайте одну цятку Людяності</p><p>■ Отримайте Ваду Харчування: (••) Веган</p>",
    "bonuses": [],
    "gamesystem": "vampire"
  },
  "effects": [],
  "sort": 0,
  "ownership": {
    "default": 0,
    "zzaXLX6rQo9UZdTe": 3
  },
  "flags": {},
  "_stats": {
    "compendiumSource": null,
    "duplicateSource": null,
    "exportSource": null,
    "coreVersion": "13.346",
    "systemId": "vtm5e",
    "systemVersion": "5.1.4",
    "createdTime": 1753913627791,
    "modifiedTime": 1753914167685,
    "lastModifiedBy": "zzaXLX6rQo9UZdTe"
  },
  "_key": "!items!VdOPCYrSqRjxHHNr"
}