{
  "folder": "r1wjwrIVzALpkFpo",
  "name": "Фермер",
  "type": "predatorType",
  "_id": "VdOPCYrSqRjxHHNr",
  "img": "systems/vtm5e/assets/icons/items/discipline.png",
  "system": {
    "description": "<p>Ви харчуєтеся лише тваринами. Ваш Голод постійно гризе вас, але ви досі не вбили жодної людини (за винятком, можливо, того одного разу), і ви маєте намір дотримуватися цього. У житті ви могли бути ким завгодно, але ваш вибір свідчить про когось, одержимого мораллю. Можливо, у житті ви були активістом, священиком, гуманітарним працівником або веганом, але вибір ніколи не ризикувати людським життям — це те, до чого може прийти кожен і з чим доведеться боротися. Вентру не можуть обрати цей тип Хижака. Ви не можете обрати цей тип Хижака, якщо ваша Сила Крові 3 або вище.</p><p>■ Додайте спеціалізацію: Знання тварин (Конкретна тварина) або Виживання (Полювання)</p><p>■ Отримайте одну цятку Анімалізму або Перевертання</p><p>■ Отримайте одну цятку Людяності</p><p>■ Отримайте Ваду Харчування: (••) Веган</p>",
    "bonuses": [],
    "gamesystem": "vampire"
  },
  "effects": [],
  "sort": 0,
  "ownership": {
    "default": 0,
    "zzaXLX6rQo9UZdTe": 3
  },
  "flags": {},
  "_stats": {
    "compendiumSource": null,
    "duplicateSource": null,
    "exportSource": null,
    "coreVersion": "13.346",
    "systemId": "vtm5e",
    "systemVersion": "5.1.4",
    "createdTime": 1753913627791,
    "modifiedTime": 1753914167685,
    "lastModifiedBy": "zzaXLX6rQo9UZdTe"
  },
  "_key": "!items!VdOPCYrSqRjxHHNr"
}