{
  "folder": "r1wjwrIVzALpkFpo",
  "name": "Осіріс",
  "type": "predatorType",
  "_id": "IET1GfclEDpIhIkb",
  "img": "systems/vtm5e/assets/icons/items/discipline.png",
  "system": {
    "description": "<p>Ви — знаменитість серед смертних або ж очолюєте культ, церкву чи щось подібне. Ви харчуєтеся кров'ю своїх шанувальників чи послідовників, які ставляться до вас, як до божества. У вас завжди є доступ до легкої крові, але послідовники створюють проблеми з владою, організованою релігією та, власне, Камарильєю. За життя ви могли бути діджеєм, письменником, культистом, проповідником або організатором LARP-ів.</p><p>■ Додайте спеціалізацію: Окультизм (певна традиція) або Артистизм (певна сфера розваг)</p><p>■ Отримайте один пункт Кривавого чаклунства (лише для Тремерів) або Присутності</p><p>■ Розподіліть три пункти між Передісторіями «Слава» та «Паства»</p><p>■ Розподіліть два пункти між вадою «Вороги» та міфічними вадами</p>",
    "bonuses": [],
    "gamesystem": "vampire"
  },
  "effects": [],
  "sort": 0,
  "ownership": {
    "default": 0,
    "zzaXLX6rQo9UZdTe": 3
  },
  "flags": {},
  "_stats": {
    "compendiumSource": null,
    "duplicateSource": null,
    "exportSource": null,
    "coreVersion": "13.346",
    "systemId": "vtm5e",
    "systemVersion": "5.1.4",
    "createdTime": 1753913646195,
    "modifiedTime": 1753914209154,
    "lastModifiedBy": "zzaXLX6rQo9UZdTe"
  },
  "_key": "!items!IET1GfclEDpIhIkb"
}