{
  "type": "Item",
  "folder": null,
  "name": "Тип хижака",
  "color": "#a29ea3",
  "sorting": "a",
  "_id": "r1wjwrIVzALpkFpo",
  "description": "",
  "sort": 0,
  "flags": {},
  "_stats": {
    "compendiumSource": null,
    "duplicateSource": null,
    "exportSource": null,
    "coreVersion": "13.346",
    "systemId": "vtm5e",
    "systemVersion": "5.1.4",
    "createdTime": 1753913499099,
    "modifiedTime": 1753913499099,
    "lastModifiedBy": "zzaXLX6rQo9UZdTe"
  },
  "_key": "!folders!r1wjwrIVzALpkFpo"
}