{
  "folder": "r1wjwrIVzALpkFpo",
  "name": "Сін-квін",
  "type": "predatorType",
  "_id": "U3aFkYaQ5jIXmLIX",
  "img": "systems/vtm5e/assets/icons/items/discipline.png",
  "system": {
    "description": "<p>Ви покладаєтеся на своє знайомство з певною субкультурою та ретельно створений образ, харчуючись за рахунок ексклюзивної субкультури, яка вважає вас одним зі своїх. Ваші жертви обожнюють вас за ваш статус на сцені, а тим, хто розуміє, ким ви є, не вірять. Ви можете бути вихідцем з вулиці або буквально належати до вищого класу, використовуючи слабких за допомогою марної надії та обіцянок вивести їх на новий рівень. За життя ви майже напевно належали до сцени, схожої на ту, на якій ви полюєте зараз.</p><p>■ Додайте спеціалізацію: Етикет (конкретна сцена), Лідерство (конкретна сцена) або Вулична кмітливість (конкретна сцена)</p><p>■ Отримайте одну цятку Домінування або Могутності</p><p>■ Отримайте Перевагу Слава: (•)</p><p>■ Отримайте Перевагу Контакт: (•)</p><p>■ Отримайте або Ваду Впливу: (•) Недолюблюють (поза вашою субкультурою), або Ваду Харчування: (•) Виключення здобичі (інша субкультура, ніж ваша)</p>",
    "bonuses": [],
    "gamesystem": "vampire"
  },
  "effects": [],
  "sort": 0,
  "ownership": {
    "default": 0,
    "zzaXLX6rQo9UZdTe": 3
  },
  "flags": {},
  "_stats": {
    "compendiumSource": null,
    "duplicateSource": null,
    "exportSource": null,
    "coreVersion": "13.346",
    "systemId": "vtm5e",
    "systemVersion": "5.1.4",
    "createdTime": 1753913674169,
    "modifiedTime": 1753914347518,
    "lastModifiedBy": "zzaXLX6rQo9UZdTe"
  },
  "_key": "!items!U3aFkYaQ5jIXmLIX"
}