{
  "folder": "r1wjwrIVzALpkFpo",
  "name": "Королева сцени",
  "type": "predatorType",
  "_id": "U3aFkYaQ5jIXmLIX",
  "img": "systems/vtm5e/assets/icons/items/discipline.png",
  "system": {
    "description": "<p>Ви покладаєтеся на своє знайомство з певною субкультурою та добре продуману позу, харчуючись в ексклюзивній субкультурі, яка вважає вас одним зі своїх. Ваші жертви обожнюють вас за ваш статус на сцені, а тим, хто розуміє, хто ви є, не вірять. Ви можете належати до вулиці або бути справжнім представником вищого класу, зловживаючи слабкими за допомогою фальшивої надії та обіцянок вивести їх на новий рівень. У житті ви майже напевно належали до сцени, подібної до тієї, на якій ви полюєте зараз.</p><p>■ Додайте спеціалізацію: Етикет (конкретна сцена), Лідерство (конкретна сцена) або Вулична кмітливість (конкретна сцена)</p><p>■ Отримайте одну цятку Домінування або Могутності</p><p>■ Отримайте Перевагу Слава: (•)</p><p>■ Отримайте Перевагу Контакт: (•)</p><p>■ Отримайте або Ваду Вплив: (•) Недолюблюваний (поза вашою субкультурою), або Ваду Харчування: (•) Виключення здобичі (інша субкультура, ніж ваша)</p>",
    "bonuses": [],
    "gamesystem": "vampire"
  },
  "effects": [],
  "sort": 0,
  "ownership": {
    "default": 0,
    "zzaXLX6rQo9UZdTe": 3
  },
  "flags": {},
  "_stats": {
    "compendiumSource": null,
    "duplicateSource": null,
    "exportSource": null,
    "coreVersion": "13.346",
    "systemId": "vtm5e",
    "systemVersion": "5.1.4",
    "createdTime": 1753913674169,
    "modifiedTime": 1753914347518,
    "lastModifiedBy": "zzaXLX6rQo9UZdTe"
  },
  "_key": "!items!U3aFkYaQ5jIXmLIX"
}