{
  "folder": "r1wjwrIVzALpkFpo",
  "name": "Сирена",
  "type": "predatorType",
  "_id": "Bagl9LOhtzPV3a2v",
  "img": "systems/vtm5e/assets/icons/items/discipline.png",
  "system": {
    "description": "<p>Ви харчуєтеся майже виключно під час сексу або імітуючи його, і покладаєтеся на свої Дисципліни, навички зваблення або невгамовні апетити інших, щоб приховати свою хижацьку натуру. Ви досконало опанували мистецтво стосунків на одну ніч або рухаєтеся крізь сцену секс-клубів, немов темна зірка. Ви вважаєте себе сексуальним звіром, але в найпохмуріші моменти боїтеся, що в кращому разі ви — проблемний коханець, а в гіршому — серійний ґвалтівник. Колишній коханець, що уникнув знищення, може бути вашим Дороговказом або переслідувачем. (Якщо так, додайте його/її до Мапи стосунків.) Можливо, за життя ви були пікапером, кінопродюсером, письменником, славетним розпусним кінкстером — або незайманим, що має намір надолужити згаяне після смерті.</p><p>■ Додайте спеціалізацію: Переконання (Зваблення) або Хитрість (Зваблення)</p><p>■ Отримайте одну цятку Стійкості або Присутності</p><p>■ Отримайте перевагу Зовнішність: (••) Вродливий</p><p>■ Отримайте ваду Ворог: (•) Знехтуваний коханець або ревнивий партнер</p>",
    "bonuses": [],
    "gamesystem": "vampire"
  },
  "effects": [],
  "sort": 0,
  "ownership": {
    "default": 0,
    "zzaXLX6rQo9UZdTe": 3
  },
  "flags": {},
  "_stats": {
    "compendiumSource": null,
    "duplicateSource": null,
    "exportSource": null,
    "coreVersion": "13.346",
    "systemId": "vtm5e",
    "systemVersion": "5.1.4",
    "createdTime": 1753913686283,
    "modifiedTime": 1753914464369,
    "lastModifiedBy": "zzaXLX6rQo9UZdTe"
  },
  "_key": "!items!Bagl9LOhtzPV3a2v"
}