{
  "name": "Бруха",
  "type": "clan",
  "img": "modules/vampire-the-masquerade-5e-compendium-ukr/packs/assets/SymbolClanBrujahV5.webp",
  "system": {
    "description": "Дисципліни: Стрімкість, Могутність, Присутність\n\nКлан Бруха завжди поповнював свої лави з-поміж тих, хто симпатизує контркультурі та революції. Вони шукають союзників, які ставлять під сумнів загальноприйняті ідеї, і, розпізнаючи вогонь пригноблених, тяжіють до знедолених. Загальноприйнята думка відносить до Бруха панків, членів банд, дезадаптованих іммігрантів, відкинутих суспільством, яке мало б їх захищати, та бунтівників із плакатами й коктейлями Молотова. Хоча клан безперечно налічує значну кількість гучних і помітних аутсайдерів, їхнє прагнення до бунту притаманне і шахраю, що обкрадає власну компанію, і адвокату, що безкоштовно представляє інтереси бідних, і неонацисту, що називає себе «альт-правим», і підвальному мешканцю, що незаконно завантажує тисячі фільмів для розповсюдження на стрімінгових сайтах. Новонавернені, яким дали Обійми, щоб вони боролися та протестували, зазвичай відомі як «набрід». Бруха можуть бути як пристрасними бійцями, так і критичними мислителями; активісти клану часто дуже відрізняються від його теоретиків. Нерідко Обійми отримують колишні студенти, що вивчали гендерні дослідження чи соціологію, ті, хто пережив передсмертний досвід, та люди, що в інший спосіб зазнали великих страждань і особистих втрат. Бруха-філософи, відомі як елліни, вважають, що найкращий спосіб зруйнувати істеблішмент — це зрозуміти соціальні та культурні системи, які взагалі дозволяють йому існувати.",
    "bonuses": [],
    "gamesystem": "vampire",
    "bane": "<p>Кров Бруджа кипить ледь стримуваною люттю, вибухаючи від найменшої провокації. Відніміть від будь-якого кидка на опір шаленству люті кубики в кількості, що дорівнює Рівню Прокляття Бруджа. Це не може зменшити запас кубиків до менш ніж одного.</p>"
  },
  "effects": [],
  "folder": null,
  "ownership": {
    "default": 0,
    "zzaXLX6rQo9UZdTe": 3
  },
  "flags": {},
  "_stats": {
    "compendiumSource": null,
    "duplicateSource": null,
    "coreVersion": "13.346",
    "systemId": "vtm5e",
    "systemVersion": "5.0.11",
    "createdTime": 1745735152723,
    "modifiedTime": 1753740218942,
    "lastModifiedBy": "zzaXLX6rQo9UZdTe",
    "exportSource": null
  },
  "_id": "XaH51H131W2MaRmq",
  "sort": 700000,
  "_key": "!items!XaH51H131W2MaRmq"
}