{
  "name": "Бруджа",
  "type": "clan",
  "img": "modules/vampire-the-masquerade-5e-compendium-ukr/packs/assets/SymbolClanBrujahV5.webp",
  "system": {
    "description": "<h5>Дисципліни: Стрімкість, Могутність, Присутність</h5><h5>Клан Бруджа завжди дарував Обійми тим, хто симпатизує контркультурі та революції. Вони шукають союзників, які ставлять під сумнів нормативні ідеї, і, розпізнаючи вогонь пригноблених, тяжіють до аутсайдерів. Загальноприйнято вважати, що серед Бруджа є панки, члени банд, дезадаптовані іммігранти, відкинуті суспільством, яке мало б їх захищати, а також бунтівники з плакатами та коктейлями Молотова. Хоча клан, безперечно, включає значну кількість гучних і помітних аутсайдерів, їхнє прагнення до бунту сягає так само глибоко, як і шахрай, що обкрадає власну компанію, адвокат, що безкоштовно представляє інтереси бідних, неонацист, що називає себе «альт-правим», і мешканець підвалу, що незаконно завантажує тисячі фільмів для розповсюдження на стрімінгових сайтах. Новонароджені, що отримали Обійми для боротьби та протесту, зазвичай відомі як «набрід». Бруджа можуть бути пристрасними бійцями, але також і критичними мислителями; активісти клану часто дуже відрізняються від теоретиків клану. У багатьох випадках останні отримують Обійми з-поміж колишніх студентів гендерних досліджень або соціології, тих, хто пережив передсмертний досвід, і людей, які іншим чином зазнали великих страждань і особистих втрат. Філософські Бруджа, відомі як Елліни, вважають, що найкращий спосіб демонтувати істеблішмент — це зрозуміти соціальні та культурні системи, які дозволяють йому існувати в першу чергу.</h5>",
    "bonuses": [],
    "gamesystem": "vampire",
    "bane": "<p>Кров Бруджа кипить ледь стримуваною люттю, вибухаючи від найменшої провокації. Відніміть кубики, кількість яких дорівнює Рівню Прокляття Бруджа, з будь-якого кидка на опір шаленству лютості. Це не може зменшити пул кубиків нижче одного.</p>"
  },
  "effects": [],
  "folder": null,
  "ownership": {
    "default": 0,
    "zzaXLX6rQo9UZdTe": 3
  },
  "flags": {},
  "_stats": {
    "compendiumSource": null,
    "duplicateSource": null,
    "coreVersion": "13.346",
    "systemId": "vtm5e",
    "systemVersion": "5.0.11",
    "createdTime": 1745735152723,
    "modifiedTime": 1753740218942,
    "lastModifiedBy": "zzaXLX6rQo9UZdTe",
    "exportSource": null
  },
  "_id": "XaH51H131W2MaRmq",
  "sort": 700000,
  "_key": "!items!XaH51H131W2MaRmq"
}