{
  "name": "Каїтіф",
  "type": "clan",
  "img": "modules/vampire-the-masquerade-5e-compendium-ukr/packs/assets/LogoBloodlineCaitiff.png",
  "system": {
    "description": "<h5>Дисципліни: Будь-які три на ваш вибір</h5><h5>Багато Кревних помилково вважають, що всі Каїтіфи створюються випадково, що безкланові не обирають смертних для Обіймів. Цей погляд застарілий і неосвічений. У ці ночі безкланові все частіше стають силою, з якою доводиться рахуватися. Хоча вони більш розрізнені, індивідуалістичні та хаотичні, ніж їхні родичі, вони всі — вцілілі, і вони почали збиратися, будувати союзи та створювати власних дітей. Каїтіфи, які шукають смертних для Обіймів, зазвичай обирають вольових і тих, хто звик до незвичайних труднощів. Позиція Каїтіфа в ієрархії Кревних знаходиться на самому дні, трохи вище за тонкокровних, які взагалі не мали народитися, і вони змушені боротися за своє місце або впасти і бути забутими. Каїтіфи не бачать сенсу дарувати Обійми смертним, які навряд чи зможуть пережити ніч самостійно. Хоча Каїтіфи почали цілеспрямовано збільшувати свою чисельність, більшість з них все ще створюються, коли новонароджений, що отримав Обійми в одному з кланів, не утворює зв'язку зі своєю спадковою Кров'ю і не проявляє характерних ознак прокляття свого клану. Коли інші Кревні говорять про Каїтіфів, вони розповідають історії про Носферату, покинутих на тижні, які так і не розвинули жодної потворності, до болю розсудливих Малкавіан та молодих Вентру, здатних харчуватися ким завгодно. Не бажаючи приймати таке дитя як одного зі своїх, клан покидає їх. Або дитя відчуває у своїй Крові, що воно не належить до клану, незважаючи на протести свого сіра. Створення Каїтіфа — це не точна наука, і багато покинутих дітей все ще проявляють деякі характеристики свого батьківського клану, незважаючи на відсутність їхнього прокляття клану.</h5>",
    "bonuses": [],
    "gamesystem": "vampire",
    "bane": "<p>Недоторкані Допотопними, Каїтіфи не мають спільного прокляття клану. Персонажі-Каїтіфи починають з Вадою «Підозрілий» (•), і ви не можете купувати для них позитивний Статус під час створення персонажа. Оповідач завжди може накласти штраф в один або два кубики на Соціальні перевірки проти інших Кревних, які знають, що вони Каїтіфи, незалежно від їхнього кінцевого Статусу. Крім того, покращення однієї з Дисциплін Каїтіфа коштує в шість разів більше очок досвіду, ніж придбаний рівень.</p>"
  },
  "effects": [],
  "folder": null,
  "ownership": {
    "default": 0,
    "zzaXLX6rQo9UZdTe": 3
  },
  "flags": {},
  "_stats": {
    "compendiumSource": null,
    "duplicateSource": null,
    "coreVersion": "13.346",
    "systemId": "vtm5e",
    "systemVersion": "5.0.11",
    "createdTime": 1745735153866,
    "modifiedTime": 1753740213872,
    "lastModifiedBy": "zzaXLX6rQo9UZdTe",
    "exportSource": null
  },
  "_id": "jX7xP5LmQB47uRii",
  "sort": 900000,
  "_key": "!items!jX7xP5LmQB47uRii"
}