{
  "name": "Негідник",
  "type": "clan",
  "img": "modules/vampire-the-masquerade-5e-compendium-ukr/packs/assets/LogoBloodlineCaitiff.png",
  "system": {
    "description": "Дисципліни: будь-які три на ваш вибір\nБагато Свояків помилково вважають, що всі Каїтифи з'являються випадково, і що безкланові не обирають смертних для Обіймів. Цей погляд застарілий та неосвічений. У ці ночі безкланові все частіше стають силою, з якою доводиться рахуватися. Хоч вони й більш розрізнені, індивідуалістичні та хаотичні, ніж їхні родичі, усі вони — ті, хто вижив, і вони почали збиратися, укладати союзи та створювати власних нащадків. Каїтифи, які шукають смертних для Обіймів, зазвичай обирають ціллю вольових та тих, хто звик до неабияких труднощів. У ієрархії Свояків Каїтифи перебувають на самому дні, трохи вище за слабкокровних, які взагалі не мали б народитися, і вони змушені боротися за своє місце, або ж впасти й бути забутими. Каїтифи не бачать сенсу давати Обійми смертним, які навряд чи переживуть ніч самотужки. Хоча Каїтифи й почали цілеспрямовано збільшувати свою чисельність, більшість із них усе ще з'являються, коли новак, що отримав Обійми в одному з кланів, не утворює зв'язку з кров'ю своїх предків і не виявляє характерних ознак прокляття свого клану. Коли інші Свояки говорять про Каїтифів, вони розповідають історії про Носферату, покинутих на тижні й так і не набувших жодної потворності, до болю розсудливих Малкавіанів та молодих Вентру, здатних харчуватися будь-ким. Не бажаючи приймати такого нащадка за свого, клан покидає його. Або ж нащадок відчуває у своїй Крові, що він тут чужий, попри заперечення свого сира. Створення Каїтифа — не точна наука, і багато покинутих нащадків усе ж виявляють деякі риси батьківського клану попри відсутність їхнього прокляття.",
    "bonuses": [],
    "gamesystem": "vampire",
    "bane": "<p>Не зачеплені Праотцями, Каїтіфи не мають спільного прокляття. Персонажі-Каїтіфи починають з Вадою «Підозрілий» (•), і під час створення персонажа для них не можна придбати позитивний Статус. Оповідач завжди може накласти штраф в один або два кубики на Соціальні перевірки проти інших Родичів, які знають, що вони Каїтіфи, незалежно від їхнього майбутнього Статусу. До того ж, покращення однієї з Дисциплін Каїтіфа коштує новий рівень, помножений на шість, в очках досвіду.</p>"
  },
  "effects": [],
  "folder": null,
  "ownership": {
    "default": 0,
    "zzaXLX6rQo9UZdTe": 3
  },
  "flags": {},
  "_stats": {
    "compendiumSource": null,
    "duplicateSource": null,
    "coreVersion": "13.346",
    "systemId": "vtm5e",
    "systemVersion": "5.0.11",
    "createdTime": 1745735153866,
    "modifiedTime": 1753740213872,
    "lastModifiedBy": "zzaXLX6rQo9UZdTe",
    "exportSource": null
  },
  "_id": "jX7xP5LmQB47uRii",
  "sort": 900000,
  "_key": "!items!jX7xP5LmQB47uRii"
}