{
  "name": "Гангрел",
  "type": "clan",
  "img": "modules/vampire-the-masquerade-5e-compendium-ukr/packs/assets/SymbolClanGangrelV5.webp",
  "system": {
    "description": "Дисципліни: Анімалізм, Стійкість, Перевертання\n\nКлан Ґанґрел — це вигнанці, мандрівники, пройдисвіти та мисливці. Вони облаштовують притулки в найбідніших районах міста і анітрохи цього не соромляться. Вони рідко оголошують якісь домени своїми, але не коряться жодному князю. Якщо дикун заходить у місто, князь або змириться з цим, або муситиме битися з ним, щоб змусити його відступити. Ґанґрели дають Обійми тим, хто вижив, і бійцям: лідерам тюремних угруповань та банд, дослідникам (міським і не тільки) і будь-яким смертним, які бачать світ як простір для мандрів, а не місце, де треба ховатися. Їм байдуже до зовнішності чи титулів, натомість важливі досягнення та репутація. Дитя може стати випробуванням, але клан дотримується ритуалів та ініціацій, щоб переконатися, що новонавернений вартий витраченого часу. Успіх означає нового, шанованого члена клану. Невдача — лише забутого вигнанця або купу попелу. Будь-який смертний, здатний нав'язувати свою волю іншим, вивести групу з біди до успіху або боротися всупереч усьому, привертає увагу клану. Цей факт призводить до симптому, відомого як «забагато вождів», коли в клані більше лідерів, ніж послідовників. Звичаї заохочують боротьбу за домінування, але вона рідко триває до остаточної смерті, оскільки старійшини Ґанґрелів виступають проти того, щоб боротьбу за владу сприймали особисто, натомість заохочуючи культуру здорового суперництва.",
    "bonuses": [],
    "gamesystem": "vampire",
    "bane": "<p>Гангрели ставляться до свого Звіра так само, як інші Свояки ставляться до Гангрелів: підозріле партнерство. У стані шаленства Гангрели отримують одну або кілька тваринних рис: фізичну особливість, запах або поведінковий тик. Ці риси тривають ще одну ніч, залишаючись, наче похмілля після розпусти. Кожна риса зменшує один з Атрибутів на 1 очко — Оповідач може вирішити, що роздвоєний язик чи ведмежий мускус знижують Харизму, а кажанячі вуха — Рішучість («через усі ці відволікаючі звуки»). Якщо нічого одразу не спадає на думку, риса зменшує Інтелект або Маніпуляції. Кількість рис, які проявляє Гангрел, дорівнює його Рівню Прокляття. Якщо ваш персонаж Осідлає Хвилю шаленства (див. с. 219), ви можете обрати прояв лише однієї риси, отримавши таким чином лише один штраф до своїх Атрибутів.</p>"
  },
  "effects": [],
  "folder": null,
  "ownership": {
    "default": 0,
    "zzaXLX6rQo9UZdTe": 3
  },
  "flags": {},
  "_stats": {
    "compendiumSource": null,
    "duplicateSource": null,
    "coreVersion": "13.346",
    "systemId": "vtm5e",
    "systemVersion": "5.0.11",
    "createdTime": 1745735155003,
    "modifiedTime": 1753740223909,
    "lastModifiedBy": "zzaXLX6rQo9UZdTe",
    "exportSource": null
  },
  "_id": "GRtfOStIqTsQAir0",
  "sort": 800000,
  "_key": "!items!GRtfOStIqTsQAir0"
}