{
  "name": "Гангрел",
  "type": "clan",
  "img": "modules/vampire-the-masquerade-5e-compendium-ukr/packs/assets/SymbolClanGangrelV5.webp",
  "system": {
    "description": "<h5>Дисципліни: Анімалізм, Стійкість, Протеан</h5><h5>Клан Гангрел — це вигнанці, мандрівники, шахраї та мисливці. Вони влаштовують притулки в найбідніших частинах міста і не відчувають за це сорому. Вони претендують на небагато доменів як на свої власні, але не підкоряються жодному принцу. Якщо дикун входить у місто, принц або прийме це, або змушений буде битися з дикуном, щоб змусити його відступити. Гангрели дарують Обійми тим, хто вижив, і бійцям: лідерам тюремних бригад і банд, дослідникам (міським та іншим), і будь-якому смертному, хто бачить світ як щось, що треба пройти, а не від чого ховатися. Їм байдуже на зовнішність чи титул, але не на досягнення та репутацію. Дитя може бути викликом, але клан дотримується ритуалів та ініціацій, щоб переконатися, що новонароджений вартий витраченого часу. Успіх означає нового, шанованого члена клану. Невдача означає просто забутого відкинутого або купу попелу. Будь-який смертний, здатний нав'язувати свою волю іншим, вести групу від катастрофи до успіху або боротися з неможливими шансами, привертає увагу клану. Цей факт призводить до симптому, відомого як «забагато вождів», коли клан складається з більшої кількості лідерів, ніж послідовників. Звичаї заохочують боротьбу за домінування, але вона рідко триває до остаточної смерті, оскільки старійшини Гангрелів виступають проти особистого сприйняття конкуренції за владу, натомість заохочуючи культуру здорового суперництва.</h5>",
    "bonuses": [],
    "gamesystem": "vampire",
    "bane": "<p>Гангрели ставляться до свого Звіра так само, як інші Кревні ставляться до Гангрелів: з підозрілим партнерством. У шаленстві Гангрели набувають однієї або кількох тваринних рис: фізичної риси, запаху або поведінкового тику. Ці риси тривають ще одну ніч, залишаючись, як похмілля після розпусти. Кожна риса зменшує один Атрибут на 1 очко – Оповідач може вирішити, що роздвоєний язик або ведмежий мускус зменшують Харизму, тоді як вуха, як у кажана, зменшують Зосередженість («усі ці відволікаючі звуки»). Якщо нічого одразу не спадає на думку, риса зменшує Інтелект або Маніпулювання. Кількість рис, які проявляє Гангрел, дорівнює його Рівню Прокляття. Якщо ваш персонаж «Осідлає Хвилю» свого шаленства (див. стор. 219), ви можете вибрати лише одну рису для прояву, таким чином отримавши лише один штраф до своїх Атрибутів.</p>"
  },
  "effects": [],
  "folder": null,
  "ownership": {
    "default": 0,
    "zzaXLX6rQo9UZdTe": 3
  },
  "flags": {},
  "_stats": {
    "compendiumSource": null,
    "duplicateSource": null,
    "coreVersion": "13.346",
    "systemId": "vtm5e",
    "systemVersion": "5.0.11",
    "createdTime": 1745735155003,
    "modifiedTime": 1753740223909,
    "lastModifiedBy": "zzaXLX6rQo9UZdTe",
    "exportSource": null
  },
  "_id": "GRtfOStIqTsQAir0",
  "sort": 800000,
  "_key": "!items!GRtfOStIqTsQAir0"
}