{
  "name": "Малкавіан",
  "type": "clan",
  "img": "modules/vampire-the-masquerade-5e-compendium-ukr/packs/assets/SymbolClanMalkavianV5.webp",
  "system": {
    "description": "Дисципліни: Провидіння, Домінація, Затемнення\n\nДовгий час існувала хибна думка, що мало які родини Сородичів настільки ж розрізнені, як Клан Місяця. Інші клани бачать їх і міркують, що якщо вони всі божевільні, то й походження їхнє не має значення. Для Малкавіанів походження має величезне значення. Хоча сіри й обирають дітей з усіх прошарків суспільства, вікових груп, етносів та гендерів, кожен смертний, обраний для Обіймів, володіє чимось, що бачить лише Малкавіан. Один із дарів, який Малкавіани шукають у смертних, — це так званий другий зір. Якщо людина тлумачить сни, здатна бачити духів або безпомилково пророкує майбутні події, Малкавіани звертають на неї увагу. Така людина діє немов маяк, що кличе кожного члена клану, який її бачить. Інший дар, шанований Малкавіанами, — це так звана проникливість. Високий рівень емпатії, глибокі знання у складних галузях або ж одержиме прагнення шукати відповіді на філософські питання — усе це приваблює клан. Оскільки проникливість часто пов'язана з професією, клан отримує користь від різноманітних науковців та лікарів, особливо терапевтів та психологів. Нарешті, Клан Місяця захоплюється так званими зламаними — людьми, яких змінили травматичні події, або які просто народилися дещо відстороненими від себе та решти суспільства. Для Малкавіанів вони лише за один легкий поштовх від отримання доступу до зовсім іншого виміру реальності. Замість того, щоб вважати їх тягарем, клан бачить у них величезний потенціал. Усі Малкавіани після Обіймів страждають на психічні розлади, які іноді загострюють уже наявний стан, а іноді додають новий вимір їхній нестабільності. Їхні думки та вчинки ніби засновані на потойбічній логіці, і, здається, неможливо передбачити, коли їхній стан проявиться руйнівно, а коли подарує важливе бачення там, де його раніше бракувало. Як правило, жоден інший Сородич не почувається цілком комфортно поруч із відомим Малкавіаном, часто вважаючи їх непередбачуваними маніяками, чиї спалахи прозріння рідко варті нападів божевілля. Деякі Малкавіани стверджують, що в їхньому божевіллі є спільний чинник; що всі вони психічно пов'язані через спільну хвилю, свого роду колективну свідомість. Ті, хто знає про її існування, називають її павутиною або, віднедавна, мережею божевілля.",
    "bonuses": [],
    "gamesystem": "vampire",
    "bane": "<p>Уражені своїм походженням, усі Малкавіани страждають щонайменше від одного виду психічного розладу. Залежно від їхньої історії та стану розуму на момент смерті, вони можуть переживати марення, видіння жахливої ясності або щось зовсім інше. Коли Малкавіан зазнає Звірячого провалу або Примусу, його прокляття проявляється. Отримайте штраф на всю сцену до однієї категорії резервів кубиків (Фізичних, Соціальних або Ментальних), що дорівнює Тяжкості Прокляття вашого персонажа. Цей штраф додається до будь-яких штрафів від Примусів. Ви та Оповідач визначаєте тип штрафу та точну природу недуги персонажа під час його створення.</p>"
  },
  "effects": [],
  "folder": null,
  "ownership": {
    "default": 0,
    "zzaXLX6rQo9UZdTe": 3
  },
  "flags": {},
  "_stats": {
    "compendiumSource": null,
    "duplicateSource": null,
    "coreVersion": "13.346",
    "systemId": "vtm5e",
    "systemVersion": "5.0.11",
    "createdTime": 1745735156147,
    "modifiedTime": 1753740227558,
    "lastModifiedBy": "zzaXLX6rQo9UZdTe",
    "exportSource": null
  },
  "_id": "HhEPHpYzkx4DXmAf",
  "sort": 400000,
  "_key": "!items!HhEPHpYzkx4DXmAf"
}