{
  "name": "Малкавіан",
  "type": "clan",
  "img": "modules/vampire-the-masquerade-5e-compendium-ukr/packs/assets/SymbolClanMalkavianV5.webp",
  "system": {
    "description": "<h5>Дисципліни: Ауспекс, Домінування, Обфускація</h5><h5>Довгий час існувала хибна думка, що небагато родин Кревних настільки розрізнені, як Клан Місяця. Інші клани бачать їх і міркують: «кожен з них божевільний, тож яке значення має їхнє походження?» Для Малкавіан походження має велике значення. Хоча сіри можуть обирати дітей з усіх верств суспільства, вікових груп, етносів та гендерів, кожен смертний, обраний для Обіймів, володіє чимось, що видно лише Малкавіану. Один із дарів, який Малкавіани шукають у смертних, — це те, що вони називають «другим зором». Якщо людина тлумачить сни, може сприймати духів або безпомилково передбачає майбутні події, Малкавіани звертають на неї увагу. Така людина діє як маяк, кличучи кожного члена клану, який її бачить. Інший дар, шанований Малкавіанами, — це «проникливість». Високий рівень емпатії, тонко налаштоване знання складних предметів або просто нав'язливе прагнення шукати відповіді на філософські питання — все це приваблює клан. Оскільки проникливість часто пов'язана з професією, клан отримує користь від різноманітних науковців та лікарів — особливо терапевтів та психологів. Нарешті, Клан Місяця зачарований «зламаними» — особами, які змінилися внаслідок травматичних переживань або які просто народилися дещо відстороненими від себе та решти суспільства. Для Малкавіан вони знаходяться лише за один легкий поштовх від доступу до зовсім іншого плану реальності. Замість того, щоб ставитися до них як до тягаря, клан бачить у них великий потенціал. Усі Малкавіани страждають від психічних захворювань після Обіймів — іноді це посилює існуючий стан, а іноді додає новий вимір їхній нестабільності. Ніби їхні думки та дії базуються на потойбічній логіці, здається, неможливо знати, коли їхній стан проявиться руйнівно, а коли запропонує важливі перспективи там, де їх раніше бракувало. Як правило, жоден інший Кревний не почувається абсолютно комфортно поруч із відомим Малкавіаном, часто розглядаючи їх як непередбачуваних маніяків, чиї спалахи прозріння рідко варті нападів божевілля. Деякі Малкавіани стверджують, що в їхньому божевіллі є спільний фактор; що всі вони психічно пов'язані через спільну хвилю, свого роду спільну свідомість. Ті, хто знає про її існування, називають її «павутиною» або, останнім часом, «мережею божевілля».</h5>",
    "bonuses": [],
    "gamesystem": "vampire",
    "bane": "<p>Уражені своїм походженням, усі Малкавіани прокляті щонайменше одним типом психічного розладу. Залежно від їхньої історії та стану розуму на момент смерті, вони можуть переживати марення, бачення жахливої ясності або щось зовсім інше. Коли Малкавіан зазнає Звіриної Невдачі або Примусу, їхнє прокляття виходить на перший план. Отримайте штраф, що дорівнює Рівню Прокляття вашого персонажа, до однієї категорії пулів кубиків (Фізичні, Соціальні або Ментальні) на всю сцену. Це на додаток до будь-яких штрафів, понесених через Примуси. Ви та Оповідач визначаєте тип штрафу та точну природу недуги персонажа під час створення персонажа.</p>"
  },
  "effects": [],
  "folder": null,
  "ownership": {
    "default": 0,
    "zzaXLX6rQo9UZdTe": 3
  },
  "flags": {},
  "_stats": {
    "compendiumSource": null,
    "duplicateSource": null,
    "coreVersion": "13.346",
    "systemId": "vtm5e",
    "systemVersion": "5.0.11",
    "createdTime": 1745735156147,
    "modifiedTime": 1753740227558,
    "lastModifiedBy": "zzaXLX6rQo9UZdTe",
    "exportSource": null
  },
  "_id": "HhEPHpYzkx4DXmAf",
  "sort": 400000,
  "_key": "!items!HhEPHpYzkx4DXmAf"
}