{
  "name": "Носферату",
  "type": "clan",
  "img": "modules/vampire-the-masquerade-5e-compendium-ukr/packs/assets/SymbolClanNosferatuV5.webp",
  "system": {
    "description": "<h5>Дисципліни: Анімалізм, Обфускація, Могутність</h5><h5>Для Носферату Обійми — це подорож через приниження, оскільки Кров жаху поступово деформує тканини людського тіла, що борються, у гротескні потворності. Тижні болю призводять до деформацій, схожих на жахливі вроджені вади, ракові пухлини, каліцтва та проказоподібні виразки. Ті, хто це витримує, стають жахливими відлуннями срібного екрану Мурнау. Але, можливо, біль і приниження вчать співчуття. Носферату, як вони жартома себе називають, є найлюдянішими з Кревних, носячи своє прокляття зовні, а не всередині. Щоб злитися з натовпом, одні закликають Кров, щоб носити позичені обличчя своїх жертв або зникати з поля зору, тоді як інші покладаються на протези та важкий макіяж.</h5>",
    "bonuses": [],
    "gamesystem": "vampire",
    "bane": "<p>Потворні та мерзенні, всі Носферату вважаються такими, що мають Ваду «Відразливий» (-2) і ніколи не можуть підвищити свій рейтинг у Перевазі «Зовнішність». Крім того, будь-яка спроба замаскуватися під людину накладає штраф на ваш пул кубиків, що дорівнює Рівню Прокляття вашого персонажа (це включає сили Обфускації «Маска Тисячі Облич» та «Вигляд Самозванця»).</p>"
  },
  "effects": [],
  "folder": null,
  "ownership": {
    "default": 0,
    "zzaXLX6rQo9UZdTe": 3
  },
  "flags": {},
  "_stats": {
    "compendiumSource": null,
    "duplicateSource": null,
    "coreVersion": "13.346",
    "systemId": "vtm5e",
    "systemVersion": "5.0.11",
    "createdTime": 1745735157479,
    "modifiedTime": 1753740231953,
    "lastModifiedBy": "zzaXLX6rQo9UZdTe",
    "exportSource": null
  },
  "_id": "60LjioYLgLu4FWtX",
  "sort": 600000,
  "_key": "!items!60LjioYLgLu4FWtX"
}