{
  "name": "Носферату",
  "type": "clan",
  "img": "modules/vampire-the-masquerade-5e-compendium-ukr/packs/assets/SymbolClanNosferatuV5.webp",
  "system": {
    "description": "Дисципліни: Анімалізм, Затемнення, Могутність\n\nДля Носферату Обійми — це шлях крізь приниження, адже Кров жаху поступово спотворює тканини людського тіла, що пручаються, перетворюючи їх на гротескних потвор. Тижні болю завершуються каліцтвами, схожими на жахливі вроджені вади, ракові пухлини, травми, що калічать, та виразки, як у прокажених. Ті, хто це витримує, перетворюються на потворні відлуння бачення Мурнау зі срібного екрана. Та, можливо, біль і приниження вчать співчуттю. Носферату, як вони жартома себе називають, — найлюдяніші з-поміж Родичів, адже носять своє прокляття назовні, а не всередині. Щоб злитися з натовпом, дехто звертається до Крові, аби носити позичені обличчя своїх жертв або зникати з очей, тоді як інші покладаються на протези та щільний грим.",
    "bonuses": [],
    "gamesystem": "vampire",
    "bane": "Огидні та мерзенні, усі Носферату мають Ваду «Відраза» (-2) і ніколи не можуть підвищити свій рейтинг у Перевазі «Зовнішність». Крім того, будь-яка спроба замаскуватися під людину отримує штраф до вашого запасу кубиків, що дорівнює Рівню Прокляття вашого персонажа (це стосується і сил Затемнення: Маска Тисячі Облич та Обличчя Самозванця)."
  },
  "effects": [],
  "folder": null,
  "ownership": {
    "default": 0,
    "zzaXLX6rQo9UZdTe": 3
  },
  "flags": {},
  "_stats": {
    "compendiumSource": null,
    "duplicateSource": null,
    "coreVersion": "13.346",
    "systemId": "vtm5e",
    "systemVersion": "5.0.11",
    "createdTime": 1745735157479,
    "modifiedTime": 1753740231953,
    "lastModifiedBy": "zzaXLX6rQo9UZdTe",
    "exportSource": null
  },
  "_id": "60LjioYLgLu4FWtX",
  "sort": 600000,
  "_key": "!items!60LjioYLgLu4FWtX"
}