{
  "name": "Тонкокровні",
  "type": "clan",
  "img": "modules/vampire-the-masquerade-5e-compendium-ukr/packs/assets/SymbolThinBloodsV5.webp",
  "system": {
    "description": "<h5>Дисципліни: Алхімія Тонкокровних</h5><h5>Сіри кажуть своїм дітям 13-го та 14-го покоління ніколи не намагатися дарувати Обійми, оскільки їхня Кров занадто далека від Каїна. Вони кажуть, що це не принесе нічого, крім смерті та смутку. Але, чи то помилково, чи то навмисно, цей едикт не завжди виконується. Кревний 14-го покоління, який лише дивом уникнув вади тонкої крові, висушує смертного в нападі шаленства і з почуттям провини годує його ковтком віта, сподіваючись, що це зможе реанімувати зламане тіло. Вентру з довгого роду брехунів вважає себе ближчою до свого прабатька, ніж є насправді, і вірить, що створює гідного члена для свого клану. Правнук принца намагається влити свою розбавлену віта в рот страченого, зрадливого гуля свого предка, просто щоб помститися старому тирану. Тремер, якого часто ігнорує його клан через слабкість Крові та духу, експериментує з Обіймами, щоб довести, що він не гірший за них. У всіх цих випадках може прокинутися сутінковий, якщо на те буде воля Крові. Кревні, які мають намір породити тонкокровних, часто обирають осіб, з якими у них вже є стосунки, наприклад, довіреного гуля або члена людської родини, якого вони не можуть забути, або ж шукають судин, які демонструють специфічні риси чи рідкісні таланти, що роблять їх краще пристосованими до виживання як найслабших з хижаків. Багато Кревних розглядають тонкокровних як загрозу Маскараду і знищать їх, якщо буде така можливість. Тонкокровні можуть мати будь-яке смертне походження і не піддаються впливу прокляття свого батьківського клану чи його уподобань у тій же мірі, що й їхній сір. Якщо їм дозволять повстати, їх, швидше за все, відштовхнуть, і вони отримають розкіш свободи та небезпеку самотності. У 2009 році Внутрішнє Коло Камарильї видало едикт, згідно з яким усі тонкокровні повинні бути тавровані або татуйовані «знаком півмісяця». Нанесене татуювальником-Тремером або випалене променем сонячного світла, тавро є незворотним. Навіть Анархи та неприв'язані двічі подумають, перш ніж зв'язуватися з позначеним Меркуріанцем.</h5>",
    "bonuses": [],
    "gamesystem": "vampire",
    "bane": ""
  },
  "effects": [],
  "folder": null,
  "ownership": {
    "default": 0,
    "zzaXLX6rQo9UZdTe": 3
  },
  "flags": {},
  "_stats": {
    "compendiumSource": null,
    "duplicateSource": null,
    "coreVersion": "13.346",
    "systemId": "vtm5e",
    "systemVersion": "5.0.11",
    "createdTime": 1745735158662,
    "modifiedTime": 1753740287820,
    "lastModifiedBy": "zzaXLX6rQo9UZdTe",
    "exportSource": null
  },
  "_id": "jOuYihytvLfirAMH",
  "sort": 500000,
  "_key": "!items!jOuYihytvLfirAMH"
}