{
  "name": "Тонкокровний",
  "type": "clan",
  "img": "modules/vampire-the-masquerade-5e-compendium-ukr/packs/assets/SymbolThinBloodsV5.webp",
  "system": {
    "description": "Дисципліни: Алхімія слабкої крові\n\nСири кажуть своїм дітям 13-го та 14-го покоління ніколи не намагатися здійснити Обійми, оскільки їхня Кров надто далека від Каїна. Вони кажуть, що це не принесе нічого, крім смерті та скорботи. Але, випадково чи навмисно, цього едикту не завжди дотримуються. Сородич 14-го покоління, який лише дивом уникнув вади слабкої крові, висушує смертного в нападі шаленства і з почуттям провини вливає йому в рот ковток віте, сподіваючись попри все, що це зможе оживити понівечене тіло. Вентру з довгого роду брехунів вважає себе ближчою до свого пращура, ніж є насправді, і вірить, що створює гідного члена для свого клану. Пранащадок принца намагається силоміць влити своє розбавлене віте до рота страченого, зрадливого гуля свого предка, аби просто дошкулити старому тирану. Тремер, якого клан часто не помічає через слабкість його Крові та духу, експериментує з Обіймами, щоб довести, що він нічим не гірший за них. У всіх цих випадках може пробудитися сутінковий, якщо на те буде воля Крові. Сородичі, які мають намір створити слабкокровних, часто обирають тих, з ким у них уже є стосунки, наприклад, вірного гуля або члена людської родини, якого вони не можуть забути, або ж шукають посудини, що мають особливі риси чи рідкісні таланти, які допоможуть їм вижити в ролі найслабших із хижаків. Багато Сородичів вважають слабкокровних загрозою для Маскараду і знищать їх, якщо трапиться нагода. Слабкокровні можуть мати будь-яке смертне походження, і на них не поширюється прокляття батьківського клану чи його уподобання тією ж мірою, що й на їхнього сира. Якщо їм дозволять постати, їх, найімовірніше, проженуть, і вони отримають розкіш свободи та небезпеку самотності. У 2009 році Внутрішнє Коло Камарильї видало едикт про те, що всі слабкокровні мають бути тавровані або татуйовані «знаком півмісяця». Нанесене татуювальником-Тремером або випалене променем сонячного світла, це тавро неможливо звести. Навіть Анархи та неприкаяні двічі подумають, перш ніж зв'язуватися з позначеним Меркуріанцем.",
    "bonuses": [],
    "gamesystem": "vampire",
    "bane": ""
  },
  "effects": [],
  "folder": null,
  "ownership": {
    "default": 0,
    "zzaXLX6rQo9UZdTe": 3
  },
  "flags": {},
  "_stats": {
    "compendiumSource": null,
    "duplicateSource": null,
    "coreVersion": "13.346",
    "systemId": "vtm5e",
    "systemVersion": "5.0.11",
    "createdTime": 1745735158662,
    "modifiedTime": 1753740287820,
    "lastModifiedBy": "zzaXLX6rQo9UZdTe",
    "exportSource": null
  },
  "_id": "jOuYihytvLfirAMH",
  "sort": 500000,
  "_key": "!items!jOuYihytvLfirAMH"
}