{
  "name": "Тореадор",
  "type": "clan",
  "img": "modules/vampire-the-masquerade-5e-compendium-ukr/packs/assets/SymbolClanToreadorV5.webp",
  "system": {
    "description": "Дисципліни: Провидіння, Стрімкість, Присутність\n\nКлан Тореадор завжди проповідував вибірковість у своїх ритуалах Обіймів. Старійшини клану знову і знову наголошують, що клан потребує першопрохідців у мистецтві та всіляких авангардистів. Клан найсильніший, коли складається з найпрогресивніших мислителів і тих, хто прагне експериментів та естетичних відкриттів. З цієї причини багато Тореадорів походять з-поміж успішних митців, як нових, так і тих, чия слава вже згасла. Але не кожен митець тримає в руках пензель: для Тореадорів мистецтво охоплює всі форми розваг та стимуляції. Клан шукає прихильності найвидатніших акторів, співаків, письменників, танцюристів і навіть секс-працівників, якщо ці дегенерати вірять, що такі смертні запропонують їхньому клану щось нове. Попри звичай давати Обійми лише найкращим, одержимість Тореадорів красою та невинністю змусила не одну діву поспіхом створити пташеня. Не раз місячної ночі нові члени клану виявлялися поверхневими гедоністами, дивами-одноденками або просто приголомшливим тілом, якому більше нічого запропонувати. Найбільші помилки стираються і забуваються. Та все ж, клан різноманітний, а його члени вважають свій загал калейдоскопом талантів і краси.",
    "bonuses": [],
    "gamesystem": "vampire",
    "bane": "<p>Тореадори втілюють стару приказку про те, що мистецтво в крові набуває дивних форм. Вони так палко жадають краси, що страждають за її відсутності. Коли ваш персонаж опиняється в некрасивому оточенні, він втрачає кількість кубиків, еквівалентну його Рівню Прокляття, з пулу кубиків для використання Дисциплін. Оповідач вирішує, як саме краса чи потворність оточення Тореадора (включно з одягом, кров'яними ляльками тощо) накладає на нього штрафи, залежно від естетичних уподобань персонажа. Проте, навіть прихильники Школи «Кошика для сміття» ніколи не вважають звичайні вулиці бездоганно красивими. Ця одержимість естетикою також змушує цих див забуватися в моменти краси, а звірячий провал часто призводить до захопленого трансу, як описано в правилах Примусу.</p>"
  },
  "effects": [],
  "folder": null,
  "ownership": {
    "default": 0,
    "zzaXLX6rQo9UZdTe": 3
  },
  "flags": {
    "vtm5e": {
      "dataItemId": "clan-toreador"
    },
    "core": {
      "sheetClass": ""
    }
  },
  "_stats": {
    "compendiumSource": null,
    "duplicateSource": null,
    "coreVersion": "13.346",
    "systemId": "vtm5e",
    "systemVersion": "5.0.11",
    "createdTime": 1745735159928,
    "modifiedTime": 1753740296526,
    "lastModifiedBy": "zzaXLX6rQo9UZdTe",
    "exportSource": null
  },
  "_id": "NclWBsYyU2A3xYwp",
  "sort": 100000,
  "_key": "!items!NclWBsYyU2A3xYwp"
}