{
  "name": "Тореадор",
  "type": "clan",
  "img": "modules/vampire-the-masquerade-5e-compendium-ukr/packs/assets/SymbolClanToreadorV5.webp",
  "system": {
    "description": "<h5>Дисципліни: Ауспекс, Стрімкість, Присутність</h5><h5>Клан Тореадор завжди проповідував вибірковість у своїх ритуалах Обіймів. Старійшини клану знову і знову наголошують, що клану потрібні піонери в мистецтві та всілякому авангарді. Клан найсильніший, коли складається з найсвіжіших мислителів і тих, хто прагне експериментів та естетичних відкриттів. З цієї причини багато Тореадорів виходять з лав визнаних митців, як нових, так і згаслих. Але не всім митцям потрібен пензель: для Тореадорів мистецтво охоплює всі форми розваг і стимуляції. Клан залицяється до найвидатніших акторів, співаків, письменників, танцюристів і навіть секс-працівників, якщо дегенерати вважають, що такі смертні запропонують щось нове їхньому клану. Незважаючи на звичай дарувати Обійми лише найкращим, фіксація Тореадорів на красі та невинності змусила багатьох дів поспішно створювати новонароджених. Багато місячних ночей нові члени клану з'являлися як поверхневі гедоністи, автори одного хіта або просто приголомшливі тіла, яким більше нічого запропонувати. Найбільші помилки стираються і забуваються. Тим не менш, клан різноманітний, його члени розглядають ансамбль як калейдоскоп талантів і краси.</h5>",
    "bonuses": [],
    "gamesystem": "vampire",
    "bane": "<p>Тореадори є прикладом старої приказки, що мистецтво в крові набуває дивних форм. Вони так сильно прагнуть краси, що страждають за її відсутності. Поки ваш персонаж перебуває в не надто красивому оточенні, втрачайте кількість кубиків, еквівалентну його Рівню Прокляття, з пулів кубиків для використання Дисциплін. Оповідач конкретно вирішує, як краса чи потворність оточення Тореадора (включаючи одяг, кров'яних ляльок тощо) штрафує їх, виходячи з естетики персонажа. Тим не менш, навіть прихильники Школи Ешкен ніколи не вважають звичайні вулиці ідеально красивими. Ця одержимість естетикою також змушує дів втрачати себе в моменти краси, а звірина невдача часто призводить до захопленого трансу, як описано в правилах Примусу.</p>"
  },
  "effects": [],
  "folder": null,
  "ownership": {
    "default": 0,
    "zzaXLX6rQo9UZdTe": 3
  },
  "flags": {
    "vtm5e": {
      "dataItemId": "clan-toreador"
    },
    "core": {
      "sheetClass": ""
    }
  },
  "_stats": {
    "compendiumSource": null,
    "duplicateSource": null,
    "coreVersion": "13.346",
    "systemId": "vtm5e",
    "systemVersion": "5.0.11",
    "createdTime": 1745735159928,
    "modifiedTime": 1753740296526,
    "lastModifiedBy": "zzaXLX6rQo9UZdTe",
    "exportSource": null
  },
  "_id": "NclWBsYyU2A3xYwp",
  "sort": 100000,
  "_key": "!items!NclWBsYyU2A3xYwp"
}