{
  "name": "Тремер",
  "type": "clan",
  "img": "modules/vampire-the-masquerade-5e-compendium-ukr/packs/assets/SymbolClanTremereV5.webp",
  "system": {
    "description": "Дисципліни: Провидіння, Криваве чаклунство, Домінування\n\nПісля того, як Друга інквізиція знищила Головну капелу у Відні в 2008 році, Тремер з сірих кардиналів перетворилися на персон нон ґрата в багатьох регіонах. Через пиху Піраміди Узурпатори мали небагато друзів. Але потреба в чаклунстві не зникла; ба більше, вона зростає, оскільки проклята Кров змінюється в жилах Родичів. Без Піраміди, що вибудовувала їх за рангом і значенням, чорнокнижники змушені змагатися зі своїми побратимами-Родичами, а все частіше — й один з одним, за будь-що, що може повернути їм хоча б частину колишньої могутності. Загальнокланова погоня за артефактами та гримуарами, що належали їхнім спопелілим предкам, за своєю огидністю змагається із соціальними інтригами, а союз із Камарильєю є часто використовуваною зброєю між домами клану Тремер. Тим часом термін «маг-найманець» стає все більш поширеним, оскільки чорнокнижники, які раніше були Сковані волею своїх панів, тепер вільні служити за будь-яку ціну, яку самі призначать. Тремер служать трьома шляхами: Чорнокнижники служать іншим кланам, надаючи свої окультні знання, вони служать Камарильї за допомогою Кривавого чаклунства, і вони служать собі, виконуючи завдання задля здобуття влади. Хоча в ці ночі більше Тремерів, ніж будь-коли раніше, досягають праксису, вони все ще посідають менше престолів у світі, ніж клан Носферату. Насправді, більшість Чорнокнижників визнають, що стати Князем корисно лише тоді, коли це допомагає їм розширити свої знання. Тремер вбачають справжню могутність у знанні способів змінювати світ, доступі до потрібної крові та володінні найрідкіснішими стародавніми артефактами. Тремер укладають союзи зі збентеженими котеріями, що їх розшукують, полюють на добре захищені реліквії та артефакти, ретельно аналізують уривки знань, пов'язані з міфологією Каїнітів — і водночас скупо оберігають власні таємниці один від одного. Та всіх їх об'єднує жага до знань. Родич, який бажає зрозуміти частину своєї історії, вчинить мудро, звернувшись до Тремерів за відповідями, якщо він готовий поділитися кількома власними таємницями — свідомо чи ні.",
    "bonuses": [],
    "gamesystem": "vampire",
    "bane": "<p>Колись клан визначала жорстка ієрархія Кровних Уз, що простягалася від вершини до основи Піраміди. Але після падіння Відня їхня Кров відсахнулася й розірвала всі подібні зв'язки. Віте Тремер більше не може створювати Кровні Узи з іншими Родичами, хоча вони самі можуть бути зв'язані Узами Родичів з інших кланів. Тремер все ще може зв'язувати смертних і гулів, проте зіпсоване віте потрібно випити додаткову кількість разів, що дорівнює Рівню Прокляття вампіра, щоб узи сформувалися. Дехто припускає, що ця зміна є помстою Праотця, поглинутого Тремером, інші ж приписують це простій мутації. Незважаючи на це, клан ретельно вивчає своє віте, щоб з'ясувати, чи можна цей процес звернути, і, власне, вирішити, чи захочуть вони це робити.</p>"
  },
  "effects": [],
  "folder": null,
  "ownership": {
    "default": 0,
    "zzaXLX6rQo9UZdTe": 3
  },
  "flags": {},
  "_stats": {
    "compendiumSource": null,
    "duplicateSource": null,
    "coreVersion": "13.346",
    "systemId": "vtm5e",
    "systemVersion": "5.0.11",
    "createdTime": 1745735161487,
    "modifiedTime": 1753740303900,
    "lastModifiedBy": "zzaXLX6rQo9UZdTe",
    "exportSource": null
  },
  "_id": "bItMYfp1uhB18apM",
  "sort": 300000,
  "_key": "!items!bItMYfp1uhB18apM"
}