{
  "name": "Тремер",
  "type": "clan",
  "img": "modules/vampire-the-masquerade-5e-compendium-ukr/packs/assets/SymbolClanTremereV5.webp",
  "system": {
    "description": "<h5>Дисципліни: Ауспекс, Кривава Магія, Домінування</h5><h5>Після того, як Друга Інквізиція знищила Головну Чантрі у Відні в 2008 році, Тремери перетворилися з сірих кардиналів на персон нон ґрата в багатьох регіонах. Зарозумілість Піраміди не принесла Узурпаторам багато друзів. Але потреба в чаклунстві не зникла; навпаки, вона зростає, оскільки проклята Кров змінюється в жилах Кревних. Без Піраміди, що впорядковувала їх за рангом і цінністю, чаклуни змушені конкурувати зі своїми побратимами-Кревними і, все частіше, один з одним за все, що може дозволити їм повернути частину колишньої могутності. Загальнокланова гонитва за артефактами та гримуарами, що належали їхнім попелястим предкам, змагається в потворності з соціальними інтригами, а союз з Камарильєю є часто використовуваною зброєю між домами Клану Тремер. Тим часом термін «маг-найманець» стає все більш поширеним, оскільки чаклуни, які раніше були Зв'язані волею своїх господарів, тепер вільні служити за будь-яку ціну, яку вони оберуть. Тремери служать трьома способами: Чаклуни служать іншим кланам своїми окультними знаннями, вони служать Камарильї за допомогою Кривавої Магії, і вони служать собі, виконуючи місії для захоплення влади. Хоча в ці ночі більше Тремерів досягають праксису, ніж будь-коли раніше, вони все ще претендують на меншу кількість тронів у світі, ніж Клан Носферату. Насправді, більшість Чаклунів визнають, що стати Принцом корисно лише тоді, коли це допомагає їм розширити свої знання. Тремери бачать справжню силу в знанні способів формування світу, доступі до правильної крові та володінні найрідкіснішими стародавніми артефактами. Поки Тремери об'єднуються зі збентеженими котеріями, що їх шукають, полюють на добре захищені реліквії та артефакти або ретельно аналізують фрагменти знань, пов'язаних з міфами про Каїна — весь цей час скупо охороняючи свої таємниці один від одного — їх усіх об'єднує жага до знань. Кревний, який бажає зрозуміти частину своєї історії, вчинить правильно, звернувшись до Тремерів за відповідями, якщо він готовий поділитися кількома власними секретами — свідомо чи ні.</h5>",
    "bonuses": [],
    "gamesystem": "vampire",
    "bane": "<p>Колись клан визначався жорсткою ієрархією Кровних Зв'язків, що простягалася від вершини до основи Піраміди. Але після падіння Відня їхня Кров відсахнулася і розірвала всі такі зв'язки. Віта Тремерів більше не може створювати Кровний Зв'язок з іншими Кревними, хоча самі вони можуть бути Зв'язані Кревними з інших кланів. Тремер все ще може зв'язувати смертних і гулів, хоча зіпсована віта повинна бути випита додаткову кількість разів, що дорівнює Рівню Прокляття вампіра, щоб зв'язок утворився. Дехто теоретизує, що ця зміна є помстою Допотопного, поглинутого Тремером, інші приписують це простій мутації. Незважаючи на це, клан ретельно вивчає свою віта, щоб з'ясувати, чи можна цей процес звернути назад, і, власне, визначити, чи захочуть вони це зробити.</p>"
  },
  "effects": [],
  "folder": null,
  "ownership": {
    "default": 0,
    "zzaXLX6rQo9UZdTe": 3
  },
  "flags": {},
  "_stats": {
    "compendiumSource": null,
    "duplicateSource": null,
    "coreVersion": "13.346",
    "systemId": "vtm5e",
    "systemVersion": "5.0.11",
    "createdTime": 1745735161487,
    "modifiedTime": 1753740303900,
    "lastModifiedBy": "zzaXLX6rQo9UZdTe",
    "exportSource": null
  },
  "_id": "bItMYfp1uhB18apM",
  "sort": 300000,
  "_key": "!items!bItMYfp1uhB18apM"
}