{
  "name": "Вентру",
  "type": "clan",
  "img": "modules/vampire-the-masquerade-5e-compendium-ukr/packs/assets/SymbolClanVentrueV5.webp",
  "system": {
    "description": "<h5>Дисципліни: Домінування, Стійкість, Присутність</h5><h5>Клан Вентру довгий час був лідером Камарильї, займаючи більше владних позицій, ніж будь-який інший клан, і вони не бажають від цього відмовлятися. Навіть після втрати свого найвидатнішого представника внаслідок вбивства, скоєного Бруджа, Вентру продовжують стверджувати, що їм судилося правити всіма Кревними, незалежно від жертв. Вентру вірять у силу традицій та родоводу. Обійми — один з їхніх найважливіших ритуалів, і вибір дитя впливає на те, як інші члени клану ставляться до сіра. Тому Вентру прагнуть дарувати Обійми тим, хто досягає видатних успіхів, політично чи фінансово могутнім смертним, або тим, хто має талант, що виділяє їх з-поміж мас. У ці ночі Вентру обережні. Бездарні залишаються на узбіччі, тоді як найкращі зливаються з людством як банкіри, тіньові директори, відлюдкуваті магнати та керівники апаратів. Вентру більше не може відкрито очолювати раду директорів або займати чільне місце в смертній спільноті. Вони обурюються необхідністю впливати на своє оточення з тіні, але знають, що ризик фатального порушення Маскараду занадто високий, щоб ризикувати чимось іншим. Вентру — це істеблішмент. Вони встановлюють і підтримують правила, караючи тих, хто їх порушує, і час від часу винагороджуючи тих, хто їх дотримується. Їхні критики вважають їх тиранами або тюремниками інших Кревних. Неприємна правда полягає в тому, що без них Маскарад, а з ним і Камарилья, давно б впали. У ці ночі Вентру більш віддані своїй справі, ніж будь-коли раніше, а негаразди лише роблять їх більш рішучими досягти успіху і більш впевненими в тому, що вони мають право робити все, що завгодно.</h5>",
    "bonuses": [],
    "gamesystem": "vampire",
    "bane": "<p>Вентру мають витончений смак. Коли Вентру п'є кров будь-якого смертного, що не відповідає його уподобанням, потрібне надзвичайне зусилля волі, інакше випита кров вивергається назад у вигляді багряної блювоти. Уподобання дуже різноманітні: від Вентру, які можуть харчуватися лише справжніми брюнетами, особами швейцарського походження або гомосексуалами, до інших, які можуть харчуватися лише солдатами, смертними, що страждають на ПТСР, або споживачами метамфетаміну. За допомогою перевірки Зосередженість + Уважність (Складність 4 або більше) ваш персонаж може відчути, чи має смертний потрібну йому кров. Якщо ви хочете, щоб ваш персонаж харчувався кимось, окрім своєї бажаної жертви, ви повинні витратити очки Сили Волі, кількість яких дорівнює Рівню Прокляття персонажа.</p>"
  },
  "effects": [],
  "folder": null,
  "ownership": {
    "default": 0,
    "zzaXLX6rQo9UZdTe": 3
  },
  "flags": {
    "vtm5e": {
      "dataItemId": "clan-ventrue"
    }
  },
  "_stats": {
    "compendiumSource": null,
    "duplicateSource": null,
    "coreVersion": "13.346",
    "systemId": "vtm5e",
    "systemVersion": "5.0.11",
    "createdTime": 1745735162652,
    "modifiedTime": 1753740308843,
    "lastModifiedBy": "zzaXLX6rQo9UZdTe",
    "exportSource": null
  },
  "_id": "FQ6MTVWqLpRFQq9U",
  "sort": 200000,
  "_key": "!items!FQ6MTVWqLpRFQq9U"
}