{
  "name": "Вентру",
  "type": "clan",
  "img": "modules/vampire-the-masquerade-5e-compendium-ukr/packs/assets/SymbolClanVentrueV5.webp",
  "system": {
    "description": "Дисципліни: Домінування, Стійкість, Присутність\n\nКлан Вентру здавна були лідерами Камарильї, займаючи більше владних посад, ніж будь-який інший клан, і вони не бажають від цього відмовлятися. Навіть після втрати свого найвидатнішого представника внаслідок вбивства, скоєного Бруджа, Вентру продовжують стверджувати, що їм судилося правити усіма Сородичами, незважаючи на будь-які жертви. Вентру вірять у силу традицій та родоводу. Обійми — один з їхніх найважливіших ритуалів, і вибір дитя впливає на те, як інші члени клану ставляться до сира. Тому Вентру прагнуть давати Обійми видатним особистостям, політично чи фінансово могутнім смертним, або тим, чий талант вирізняє їх з-поміж натовпу. У ці ночі Вентру діють обережно. Бездарні залишаються позаду, тоді як найкращі зливаються з людством у ролі банкірів, тіньових директорів, відлюдькуватих магнатів та голів апаратів. Вентру більше не можуть відкрито очолювати раду директорів чи займати помітну посаду в суспільстві смертних. Вони обурюються тим, що змушені впливати на своє оточення з тіні, але знають, що ризик фатального порушення Маскараду занадто високий, щоб ризикувати чимось іншим. Вентру — це і є естаблішмент. Вони встановлюють правила та стежать за їх дотриманням, караючи тих, хто їх порушує, та час від часу винагороджуючи тих, хто їх дотримується. Їхні критики вважають їх тиранами або тюремниками для інших Сородичів. Незручна правда полягає в тому, що без них Маскарад, а разом з ним і Камарилья, давно б уже впали. У ці ночі Вентру як ніколи віддані своїй справі, а негаразди лише роблять їх більш рішучими на шляху до успіху і більш впевненими у своєму праві робити все необхідне.",
    "bonuses": [],
    "gamesystem": "vampire",
    "bane": "<p>Вентру мають витончені смаки. Коли Вентру п'є кров смертного, що не відповідає його вподобанням, потрібне надзвичайне напруження волі, інакше випита кров вивергається багряним блювотинням. Уподобання сильно різняться: від Вентру, які можуть харчуватися лише справжніми брюнетками, особами швейцарського походження чи гомосексуалами, до інших, що п'ють кров лише військових, смертних, які страждають на ПТСР, або споживачів метамфетаміну. За допомогою перевірки Рішучості + Обізнаності (Складність 4 або вище) ваш персонаж може відчути, чи має смертний потрібну йому кров. Якщо ви хочете, щоб ваш персонаж харчувався кимось, окрім своєї бажаної жертви, ви повинні витратити пункти Сили волі в кількості, що дорівнює Рівню Прокляття персонажа.</p>"
  },
  "effects": [],
  "folder": null,
  "ownership": {
    "default": 0,
    "zzaXLX6rQo9UZdTe": 3
  },
  "flags": {
    "vtm5e": {
      "dataItemId": "clan-ventrue"
    }
  },
  "_stats": {
    "compendiumSource": null,
    "duplicateSource": null,
    "coreVersion": "13.346",
    "systemId": "vtm5e",
    "systemVersion": "5.0.11",
    "createdTime": 1745735162652,
    "modifiedTime": 1753740308843,
    "lastModifiedBy": "zzaXLX6rQo9UZdTe",
    "exportSource": null
  },
  "_id": "FQ6MTVWqLpRFQq9U",
  "sort": 200000,
  "_key": "!items!FQ6MTVWqLpRFQq9U"
}