{
  "folder": "EVYSH77BrZNP1q3W",
  "name": "Смак Крові",
  "type": "power",
  "_id": "E0iETWlXHv8winFE",
  "img": "modules/vampire-the-masquerade-5e-compendium-ukr/packs/assets/330px-Blood_Sorcery_symbol.png",
  "system": {
    "description": "<p>Скуштувавши краплю крові, користувач може розрізнити певні основні риси того, кому вона належить. </p><p>■ Вартість: Безкоштовно </p><p>■ Пули кубиків: Зосередженість + Кривава Магія </p><p>■ Система: Користувач торкається крові язиком і робить кидок Зосередженість + Кривава Магія (Складність 3). У разі перемоги, користувач може визначити резонанс та інтенсивність крові, якщо вона людська. Він також може визначити, чи належить кров смертному, гулю, вампіру чи іншій надприродній істоті (він не обов'язково зможе ідентифікувати надприродну істоту, якщо це не Кревний або гуль). Скуштувавши віта, також визначається відносна Сила Крові (і, таким чином, ймовірний діапазон покоління) вампіра. Критична перемога також розкриває, чи вчиняв суб'єкт коли-небудь діаблері, та покоління (з точністю до одного) вампіра. Якщо користувач знає про відповідну надприродну істоту, він може ідентифікувати конкретну надприродну істоту при критичній перемозі після того, як скуштує кров. </p><p>■ Тривалість: Н/Д</p>",
    "bonuses": [],
    "discipline": "sorcery",
    "duration": "",
    "level": 1,
    "dicepool": {
      "fA1VHkA4": {
        "path": "attributes.resolve"
      },
      "8t6LiJar": {
        "path": "disciplines.sorcery"
      }
    },
    "cost": null,
    "gamesystem": "vampire",
    "macroid": ""
  },
  "effects": [],
  "sort": 0,
  "ownership": {
    "default": 0,
    "zzaXLX6rQo9UZdTe": 3
  },
  "flags": {},
  "_stats": {
    "compendiumSource": null,
    "duplicateSource": null,
    "coreVersion": "13.346",
    "systemId": "vtm5e",
    "systemVersion": "5.0.11",
    "createdTime": 1745735180957,
    "modifiedTime": 1753740472325,
    "lastModifiedBy": "zzaXLX6rQo9UZdTe",
    "exportSource": null
  },
  "_key": "!items!E0iETWlXHv8winFE"
}