{
  "folder": "EVYSH77BrZNP1q3W",
  "name": "Смак крові",
  "type": "power",
  "_id": "E0iETWlXHv8winFE",
  "img": "modules/vampire-the-masquerade-5e-compendium-ukr/packs/assets/330px-Blood_Sorcery_symbol.png",
  "system": {
    "description": "<p>Скуштувавши краплю крові, виконавець може розпізнати певні базові риси того, кому вона належить.</p><p>■ Вартість: Безкоштовно</p><p>■ Запас кубиків: Рішучість + Криваве чаклунство</p><p>■ Система: Виконавець торкається язиком крові та робить кидок Рішучості + Кривавого чаклунства (Складність 3). У разі успіху виконавець може визначити резонанс та інтенсивність крові, якщо вона людська. Він також може визначити, чи належить кров смертному, гулю, вампіру чи іншій надприродній істоті (виконавець не обов'язково зможе ідентифікувати надприродну істоту, якщо це не Сородич або гуль). Куштування віте також визначає відносну Силу Крові (а отже, і ймовірний діапазон покоління) вампіра. Критичний успіх також розкриває, чи скоював суб'єкт коли-небудь діаблері, та покоління вампіра (з точністю до одного). Якщо виконавець знає про відповідну надприродну істоту, він може ідентифікувати її у разі критичного успіху, скуштувавши її кров.</p><p>■ Тривалість: Відсутня</p>",
    "bonuses": [],
    "discipline": "sorcery",
    "duration": "",
    "level": 1,
    "dicepool": {
      "fA1VHkA4": {
        "path": "attributes.resolve"
      },
      "8t6LiJar": {
        "path": "disciplines.sorcery"
      }
    },
    "cost": null,
    "gamesystem": "vampire",
    "macroid": ""
  },
  "effects": [],
  "sort": 0,
  "ownership": {
    "default": 0,
    "zzaXLX6rQo9UZdTe": 3
  },
  "flags": {},
  "_stats": {
    "compendiumSource": null,
    "duplicateSource": null,
    "coreVersion": "13.346",
    "systemId": "vtm5e",
    "systemVersion": "5.0.11",
    "createdTime": 1745735180957,
    "modifiedTime": 1753740472325,
    "lastModifiedBy": "zzaXLX6rQo9UZdTe",
    "exportSource": null
  },
  "_key": "!items!E0iETWlXHv8winFE"
}