{
  "folder": "hPoLhRyILy7e1qxA",
  "name": "Повітряний Імпульс",
  "type": "power",
  "_id": "gvPH9VCShpRxQgZ3",
  "img": "modules/vampire-the-masquerade-5e-compendium-ukr/packs/assets/330px-Alchemy_symbol.png",
  "system": {
    "description": "<p>Ця формула дозволяє алхіміку піднятися з землі, досягаючи стану швидкого польоту або ширяння. Вони можуть літати в будь-якому напрямку, включаючи вгору або вниз, хоча їх вантажопідйомність обмежена. </p><p>■ Інгредієнти: Кров алхіміка, холерична та сангвінічна людська кров, шампанське, кров птаха, гелій, скополамін або екстракт беладони </p><p>■ Вартість активації: Одна Перевірка Збудження </p><p>■ Пули кубиків: Сила + Алхімія проти Сила+Атлетика (якщо є опір) </p><p>■ Система: Зілля дозволяє алхіміку (і тільки йому) літати або ширяти приблизно зі швидкістю бігу. Літун може нести масу розміром з людину, хоча його швидкість падає до швидкості ходьби. Схоплення та підняття в повітря небажаючого суб'єкта або стягування літуна на землю вимагає змагання між Силою + Алхімією алхіміка та Силою + Атлетикою іншого. </p><p>■ Тривалість: Одна сцена</p>",
    "bonuses": [],
    "discipline": "alchemy",
    "duration": "",
    "level": 4,
    "dicepool": {
      "gJDJYzH0": {
        "path": "attributes.strength"
      },
      "bt05Gd7Q": {
        "path": "disciplines.alchemy"
      }
    },
    "cost": 1,
    "gamesystem": "vampire",
    "macroid": ""
  },
  "effects": [],
  "sort": 0,
  "ownership": {
    "default": 0,
    "zzaXLX6rQo9UZdTe": 3
  },
  "flags": {},
  "_stats": {
    "compendiumSource": null,
    "duplicateSource": null,
    "coreVersion": "13.346",
    "systemId": "vtm5e",
    "systemVersion": "5.0.11",
    "createdTime": 1745735190439,
    "modifiedTime": 1753741410166,
    "lastModifiedBy": "zzaXLX6rQo9UZdTe",
    "exportSource": null
  },
  "_key": "!items!gvPH9VCShpRxQgZ3"
}