{
  "folder": "hPoLhRyILy7e1qxA",
  "name": "Повітряний імпульс",
  "type": "power",
  "_id": "gvPH9VCShpRxQgZ3",
  "img": "modules/vampire-the-masquerade-5e-compendium-ukr/packs/assets/330px-Alchemy_symbol.png",
  "system": {
    "description": "<p>Ця формула дозволяє алхіміку піднятися над землею, досягаючи стану швидкого польоту або левітації. Вони можуть летіти в будь-якому напрямку, включно з угору та вниз, хоча їхня вантажопідйомність обмежена.</p><p>■ Інгредієнти: Кров алхіміка, холерична та сангвінічна людська кров, шампанське, пташина кров, гелій, скополамін або екстракт беладони.</p><p>■ Вартість активації: Одна Перевірка Пробудження.</p><p>■ Дайс-пули: Сила + Алхімія проти Сили + Атлетики (у разі опору).</p><p>■ Система: Зілля дозволяє алхіміку (і тільки йому) літати або зависати в повітрі приблизно зі швидкістю бігу. Літун може нести вантаж розміром з людину, хоча його швидкість падає до швидкості ходьби. Щоб схопити та підняти в повітря особу, яка чинить опір, або стягнути літуна на землю, потрібен змагальний кидок: Сила + Алхімія алхіміка проти Сили + Атлетики іншої особи.</p><p>■ Тривалість: Одна сцена.</p>",
    "bonuses": [],
    "discipline": "alchemy",
    "duration": "",
    "level": 4,
    "dicepool": {
      "gJDJYzH0": {
        "path": "attributes.strength"
      },
      "bt05Gd7Q": {
        "path": "disciplines.alchemy"
      }
    },
    "cost": 1,
    "gamesystem": "vampire",
    "macroid": ""
  },
  "effects": [],
  "sort": 0,
  "ownership": {
    "default": 0,
    "zzaXLX6rQo9UZdTe": 3
  },
  "flags": {},
  "_stats": {
    "compendiumSource": null,
    "duplicateSource": null,
    "coreVersion": "13.346",
    "systemId": "vtm5e",
    "systemVersion": "5.0.11",
    "createdTime": 1745735190439,
    "modifiedTime": 1753741410166,
    "lastModifiedBy": "zzaXLX6rQo9UZdTe",
    "exportSource": null
  },
  "_key": "!items!gvPH9VCShpRxQgZ3"
}