{
  "folder": "dZMEdv9suHOLBz4O",
  "name": "Тваринна соковитість",
  "type": "power",
  "_id": "q8hCTvKqgER4a7l5",
  "img": "modules/vampire-the-masquerade-5e-compendium-ukr/packs/assets/330px-Animalism_symbol.png",
  "system": {
    "description": "<p>Вампір може втамувати додатковий Голод, харчуючись тваринами. Крім того, вампір може поглинути свого фамільяра, отримуючи значно більше поживи, ніж від тварини схожого розміру, і поглинаючи частинку його основної риси.</p><p>■ Вартість: Безкоштовно</p><p>■ Система: Харчування кров'ю тварин втамовує 1 додатковий Голод, а Сила Крові вампіра вважається на два рівні нижчою щодо штрафів за втамування Голоду кров'ю тварин. Поглинання фамільяра втамовує 4 Голоду, незалежно від розміру тварини. Ця дія ніколи не може прибрати останній кубик Голоду. Крім того, поглинання фамільяра збільшує Атрибут вампіра, найбільш пов'язаний з цією твариною (на розсуд Оповідача), на дві цятки. Поглинання кота може підвищити Спритність або Самоконтроль; поглинання собаки може підвищити Харизму або Рішучість. Оповідачі можуть змінювати нагороду за поглинання фамільяра: випивши сову, можна підвищити Атрибут у будь-якому запасі кубиків на сприйняття на дві цятки, або в запасах кубиків, що стосуються прийняття мудрих рішень. Бонус діє до наступного харчування вампіра або доки його Голод не досягне 5.</p><p>■ Тривалість: Пасивна</p>",
    "bonuses": [],
    "discipline": "animalism",
    "duration": "",
    "level": 3,
    "dicepool": {},
    "cost": null,
    "gamesystem": "vampire",
    "macroid": ""
  },
  "effects": [],
  "sort": 0,
  "ownership": {
    "default": 0,
    "zzaXLX6rQo9UZdTe": 3
  },
  "flags": {
    "vtm5e": {
      "dataItemId": "power-animal-succulence"
    }
  },
  "_stats": {
    "compendiumSource": null,
    "duplicateSource": null,
    "coreVersion": "13.346",
    "systemId": "vtm5e",
    "systemVersion": "5.0.11",
    "createdTime": 1745735176351,
    "modifiedTime": 1753740345896,
    "lastModifiedBy": "zzaXLX6rQo9UZdTe",
    "exportSource": null
  },
  "_key": "!items!q8hCTvKqgER4a7l5"
}