{
  "folder": "pNBWmUGAz5N6bSRl",
  "name": "Домінування над Тваринами",
  "type": "power",
  "_id": "Xv1xV6OZ4XrsAvV2",
  "img": "modules/vampire-the-masquerade-5e-compendium-ukr/packs/assets/330px-Animalism_symbol.png",
  "system": {
    "description": "<p>Сила, яку вампір має над звірами, тепер достатньо велика, щоб командувати зграями та стадами, ніби вони є продовженням його власного тіла. За одним жестом, тварини віддають свої життя десятками, навіть сотнями, щоб догодити своєму господарю. </p><p>■ Вартість: Дві Перевірки Збудження </p><p>■ Пули кубиків: Харизма + Анімалізм</p><p>■ Система: Виберіть тип тварини та зробіть кидок Харизма + Анімалізм зі Складністю, що залежить від природи тварин та відданого наказу. Змусити зграю ворон розлетітися та шукати конкретну особу (за умови наявності способу ідентифікації цілі) відносно легко (Складність 3), але змусити зграю собак віддати свої життя в самогубній атаці на іншого вампіра є більшим викликом (Складність 5). Сила не дозволяє користувачеві викликати тварин, але змушує вже присутніх коритися. Вампір може наказати тваринам повернутися після виконання завдання, якщо у нього є для цього засоби. </p><p>■ Тривалість: Одна сцена або до виконання наказу, залежно від того, що настане раніше.</p>",
    "bonuses": [],
    "discipline": "animalism",
    "duration": "",
    "level": 5,
    "dicepool": {
      "2aPArIz9": {
        "path": "attributes.charisma"
      },
      "yWi6WnOI": {
        "path": "disciplines.animalism"
      }
    },
    "cost": 2,
    "gamesystem": "vampire",
    "macroid": ""
  },
  "effects": [],
  "sort": 0,
  "ownership": {
    "default": 0,
    "zzaXLX6rQo9UZdTe": 3
  },
  "flags": {},
  "_stats": {
    "compendiumSource": null,
    "duplicateSource": null,
    "coreVersion": "13.346",
    "systemId": "vtm5e",
    "systemVersion": "5.0.11",
    "createdTime": 1745735176351,
    "modifiedTime": 1753740358763,
    "lastModifiedBy": "zzaXLX6rQo9UZdTe",
    "exportSource": null
  },
  "_key": "!items!Xv1xV6OZ4XrsAvV2"
}