{
  "folder": "pNBWmUGAz5N6bSRl",
  "name": "Панування тварин",
  "type": "power",
  "_id": "Xv1xV6OZ4XrsAvV2",
  "img": "modules/vampire-the-masquerade-5e-compendium-ukr/packs/assets/330px-Animalism_symbol.png",
  "system": {
    "description": "Влада вампіра над звірами тепер настільки велика, що дозволяє наказувати зграям, ніби вони є продовженням його власного тіла. Одним жестом тварини десятками, а то й сотнями, віддають свої життя, щоб догодити своєму господарю.\n\n■ Вартість: Дві Перевірки Пробудження\n\n■ Запас кубиків: Харизма + Анімалізм\n\n■ Система: Оберіть вид тварин і зробіть кидок Харизма + Анімалізм зі Складністю, що залежить від природи тварин та відданого наказу. Змусити зграю ворон розлетітися на пошуки певної особи (за наявності способу ідентифікувати ціль) відносно легко (Складність 3), але змусити зграю собак віддати життя в самогубній атаці на іншого вампіра є складнішим завданням (Складність 5). Ця здатність не дозволяє користувачу викликати тварин, але змушує вже присутніх коритися. Вампір може наказати тваринам повернутися після виконання завдання, якщо вони мають таку можливість.\n\n■ Тривалість: Одна сцена або до виконання наказу, залежно від того, що настане раніше.",
    "bonuses": [],
    "discipline": "animalism",
    "duration": "",
    "level": 5,
    "dicepool": {
      "2aPArIz9": {
        "path": "attributes.charisma"
      },
      "yWi6WnOI": {
        "path": "disciplines.animalism"
      }
    },
    "cost": 2,
    "gamesystem": "vampire",
    "macroid": ""
  },
  "effects": [],
  "sort": 0,
  "ownership": {
    "default": 0,
    "zzaXLX6rQo9UZdTe": 3
  },
  "flags": {},
  "_stats": {
    "compendiumSource": null,
    "duplicateSource": null,
    "coreVersion": "13.346",
    "systemId": "vtm5e",
    "systemVersion": "5.0.11",
    "createdTime": 1745735176351,
    "modifiedTime": 1753740358763,
    "lastModifiedBy": "zzaXLX6rQo9UZdTe",
    "exportSource": null
  },
  "_key": "!items!Xv1xV6OZ4XrsAvV2"
}