{
  "folder": "dZMEdv9suHOLBz4O",
  "name": "Тваринна Соковитість",
  "type": "power",
  "_id": "q8hCTvKqgER4a7l5",
  "img": "modules/vampire-the-masquerade-5e-compendium-ukr/packs/assets/330px-Animalism_symbol.png",
  "system": {
    "description": "<p>Вампір може втамовувати додатковий Голод, харчуючись тваринами. Крім того, вампір може спожити свого фамулуса, отримуючи поживу, що значно перевищує ту, яку можна було б отримати від тварини подібного розміру, і поглинаючи частинку його основної риси. </p><p>■ Вартість: Безкоштовно </p><p>■ Система: Харчування тваринами втамовує 1 додатковий Голод, і вампір вважає свою Силу Крові на два рівні нижчою щодо штрафів за втамування Голоду тваринною кров'ю. Споживання свого фамулуса втамовує 4 Голоду, незалежно від розміру тварини. Ця дія ніколи не може прибрати останній кубик Голоду. Крім того, споживання свого фамулуса збільшує Атрибут вампіра, найбільш пов'язаний з цією твариною (за визначенням Оповідача), на два пункти. Споживання кота може підвищити Спритність або Стриманість; споживання собаки може підвищити Харизму або Зосередженість. Оповідачі можуть змінювати нагороду за споживання фамулуса: висмоктування сови може підвищити Атрибут у будь-якому пулі сприйняття на два пункти, або в пулах, що включають прийняття мудрих рішень. Бонус триває до наступного харчування вампіра або доки його Голод не досягне 5. </p><p>■ Тривалість: Пасивна</p>",
    "bonuses": [],
    "discipline": "animalism",
    "duration": "",
    "level": 3,
    "dicepool": {},
    "cost": null,
    "gamesystem": "vampire",
    "macroid": ""
  },
  "effects": [],
  "sort": 0,
  "ownership": {
    "default": 0,
    "zzaXLX6rQo9UZdTe": 3
  },
  "flags": {
    "vtm5e": {
      "dataItemId": "power-animal-succulence"
    }
  },
  "_stats": {
    "compendiumSource": null,
    "duplicateSource": null,
    "coreVersion": "13.346",
    "systemId": "vtm5e",
    "systemVersion": "5.0.11",
    "createdTime": 1745735176351,
    "modifiedTime": 1753740345896,
    "lastModifiedBy": "zzaXLX6rQo9UZdTe",
    "exportSource": null
  },
  "_key": "!items!q8hCTvKqgER4a7l5"
}