{
  "folder": "j5lafE2pXRKjQYGK",
  "name": "Пробуди сплячого",
  "type": "power",
  "_id": "4Ee6EUjcaVtYnzfG",
  "img": "modules/vampire-the-masquerade-5e-compendium-ukr/packs/assets/330px-Alchemy_symbol.png",
  "system": {
    "description": "<p>Ця формула дозволяє створити еліксир, який, якщо додати до людської крові, може пробудити вампіра зі стану Заціпеніння.</p><p>■ Інгредієнти: Кров алхіміка, кров холерика або сангвініка, адреналін, карбонат амонію, оленячий ріг, кофеїн або бензедрин, мелатонін</p><p>■ Система: Алхімік використовує свою посудину (Кальцинація) або власну вену (Атанор Корпоріс), щоб отримати еліксир «Пробудження Сплячого», якщо не використовує Фіксацію. Потім він змішує еліксир з людською кров’ю. За кожен успіх понад 2 на кидку дистиляції, еліксир може пробудити вампіра відповідної Сили Крові. Приклад: Харі отримує 5 успіхів на своєму кидку дистиляції «Пробудження Сплячого»: цей еліксир може пробудити заціпенілого вампіра з Силою Крові 3 або менше (5 – 3 = 2).</p><p>■ Атанор Корпоріс: Алхімік може брати кров з власної вени раз на ніч для цього еліксиру до наступного годування або доки не досягне 5-го рівня Голоду. Йому не потрібно знову платити ціну дистиляції.</p><p>■ Кальцинація: Якщо посудина виживає після взяття крові, алхімік може знову взяти з неї кров через тиждень, щоб отримати ще еліксиру. Йому не потрібно знову платити ціну дистиляції, але посудина щоразу платить ціну Здоров'я (5 пунктів агравованих ушкоджень), коли з неї беруть кров. Алхімік також може просто згодувати кров посудини сплячому напряму.</p>",
    "bonuses": [],
    "discipline": "alchemy",
    "duration": "",
    "level": 5,
    "dicepool": {},
    "cost": null,
    "gamesystem": "vampire",
    "macroid": ""
  },
  "effects": [],
  "sort": 0,
  "ownership": {
    "default": 0,
    "zzaXLX6rQo9UZdTe": 3
  },
  "flags": {},
  "_stats": {
    "compendiumSource": null,
    "duplicateSource": null,
    "coreVersion": "13.346",
    "systemId": "vtm5e",
    "systemVersion": "5.0.11",
    "createdTime": 1745735190439,
    "modifiedTime": 1753741413549,
    "lastModifiedBy": "zzaXLX6rQo9UZdTe",
    "exportSource": null
  },
  "_key": "!items!4Ee6EUjcaVtYnzfG"
}