{
  "folder": "j5lafE2pXRKjQYGK",
  "name": "Пробудити Сплячого",
  "type": "power",
  "_id": "4Ee6EUjcaVtYnzfG",
  "img": "modules/vampire-the-masquerade-5e-compendium-ukr/packs/assets/330px-Alchemy_symbol.png",
  "system": {
    "description": "<p>Ця формула створює еліксир, який, при додаванні до людської крові, може пробудити вампіра з Торпору.</p><p>■ Інгредієнти: Кров алхіміка, холерична або сангвінічна людська кров, адреналін, карбонат амонію, оленячий ріг, кофеїн або бензедрин, мелатонін</p><p>■ Система: Алхімік використовує свою судину (Calcinatio) або власну вену (Athanor Corporis), щоб отримати еліксир Пробудження Сплячого, якщо він не використовує Fixatio. Потім він змішує еліксир з людською кров'ю. За кожен успіх понад 2 на кидку дистиляції, еліксир може пробудити вампіра відповідної Сили Крові. Приклад: Харі отримує 5 успіхів на своєму кидку дистиляції Пробудження Сплячого: цей еліксир може пробудити вампіра в торпорі з Силою Крові 3 або менше (5 – 3 = 2).</p><p>■ Athanor Corporis: Алхімік може використовувати власну вену раз на ніч для цього еліксиру до наступного харчування, або доки його Голод не досягне 5. Йому не потрібно знову платити вартість дистиляції.</p><p>■ Calcinatio: Якщо судина виживає після використання, алхімік може використовувати її знову через тиждень для отримання ще еліксиру. Йому не потрібно знову платити вартість дистиляції, але судина платить вартість Здоров'я (5 Агравованих ушкоджень) кожного разу, коли її використовують. Алхімік також може просто нагодувати сплячого кров'ю судини напряму </p>",
    "bonuses": [],
    "discipline": "alchemy",
    "duration": "",
    "level": 5,
    "dicepool": {},
    "cost": null,
    "gamesystem": "vampire",
    "macroid": ""
  },
  "effects": [],
  "sort": 0,
  "ownership": {
    "default": 0,
    "zzaXLX6rQo9UZdTe": 3
  },
  "flags": {},
  "_stats": {
    "compendiumSource": null,
    "duplicateSource": null,
    "coreVersion": "13.346",
    "systemId": "vtm5e",
    "systemVersion": "5.0.11",
    "createdTime": 1745735190439,
    "modifiedTime": 1753741413549,
    "lastModifiedBy": "zzaXLX6rQo9UZdTe",
    "exportSource": null
  },
  "_key": "!items!4Ee6EUjcaVtYnzfG"
}