{
  "name": "Благоговіння",
  "type": "power",
  "_id": "5P6YvhZZlastLrZo",
  "img": "modules/vampire-the-masquerade-5e-compendium-ukr/packs/assets/330px-Presence_symbol.png",
  "system": {
    "description": "<p>Кожен, хто перебуває в присутності вампіра, відчуває, що його увага незрозумілим чином прикута до нього. Ті, хто слухає вампіра, можуть раптово погодитися з ним у питаннях, щодо яких раніше мали інші погляди. Хоча ця сила не викликає захопленого закохання, вона все ж достатньо сильна, щоб вплинути на думки більшості смертних.</p><p>■ Вартість: Безкоштовно</p><p>■ Пули кубиків: Маніпулювання + Присутність проти Стриманість + Інтелект</p><p>■ Система: Додайте рейтинг Присутності до будь-якого кидка Навички, що включає Переконання або Виступ, а також до інших кидків, пов'язаних з Харизмою, на розсуд Оповідача. Кожен, хто усвідомлює, що на нього впливають, може спробувати чинити опір у змаганні Стриманість + Інтелект проти Маніпулювання + Присутність користувача. У разі перемоги, ціль може опиратися ефектам протягом однієї сцени; критична перемога робить ціль несприйнятливою на всю ніч. Коли дія сили припиняється, жертви повертаються до своїх попередніх думок.</p><p>■ Тривалість: Одна сцена або до свідомого припинення</p>",
    "bonuses": [],
    "discipline": "presence",
    "duration": "",
    "level": 1,
    "dicepool": {
      "NZv3BPWM": {
        "path": "attributes.manipulation"
      },
      "D6IV1ERW": {
        "path": "disciplines.presence"
      }
    },
    "cost": null,
    "gamesystem": "vampire",
    "macroid": ""
  },
  "effects": [],
  "folder": "DYv3jUMy9nMTEVmo",
  "sort": 100000,
  "ownership": {
    "default": 0,
    "zzaXLX6rQo9UZdTe": 3
  },
  "flags": {
    "vtm5e": {
      "dataItemId": "power-awe"
    }
  },
  "_stats": {
    "compendiumSource": null,
    "duplicateSource": null,
    "coreVersion": "13.346",
    "systemId": "vtm5e",
    "systemVersion": "5.0.11",
    "createdTime": 1745735186900,
    "modifiedTime": 1753740820599,
    "lastModifiedBy": "zzaXLX6rQo9UZdTe",
    "exportSource": null
  },
  "_key": "!items!5P6YvhZZlastLrZo"
}