{
  "name": "Благоговіння",
  "type": "power",
  "_id": "5P6YvhZZlastLrZo",
  "img": "modules/vampire-the-masquerade-5e-compendium-ukr/packs/assets/330px-Presence_symbol.png",
  "system": {
    "description": "<p>Кожен, хто опиняється в присутності вампіра, відчуває, як його увага незбагненно приковується до нього. Ті, хто слухає вампіра, можуть раптово погодитися з ним у питаннях, щодо яких раніше мали іншу думку. Хоча ця сила не викликає шаленого захоплення, вона все ж достатньо сильна, щоб схилити на свій бік думки більшості смертних.</p><p>■ Вартість: Безкоштовно</p><p>■ Запас кубиків: Маніпуляція + Присутність проти Самоконтролю + Інтелекту</p><p>■ Система: Додайте показник Присутності до будь-якого кидка Навички, що використовує Переконання або Виступ, а також до інших кидків, пов'язаних із Харизмою, на розсуд Оповідача. Кожен, хто усвідомлює, що на нього впливають, може спробувати чинити опір за допомогою змагального кидка: Самоконтроль + Інтелект проти Маніпуляції + Присутності користувача. У разі перемоги ціль може опиратися ефектам протягом однієї сцени; критична перемога робить ціль невразливою на всю ніч. Щойно дія сили спливає, жертви повертаються до своїх попередніх поглядів.</p><p>■ Тривалість: Одна сцена або до свідомого припинення</p>",
    "bonuses": [],
    "discipline": "presence",
    "duration": "",
    "level": 1,
    "dicepool": {
      "NZv3BPWM": {
        "path": "attributes.manipulation"
      },
      "D6IV1ERW": {
        "path": "disciplines.presence"
      }
    },
    "cost": null,
    "gamesystem": "vampire",
    "macroid": ""
  },
  "effects": [],
  "folder": "DYv3jUMy9nMTEVmo",
  "sort": 100000,
  "ownership": {
    "default": 0,
    "zzaXLX6rQo9UZdTe": 3
  },
  "flags": {
    "vtm5e": {
      "dataItemId": "power-awe"
    }
  },
  "_stats": {
    "compendiumSource": null,
    "duplicateSource": null,
    "coreVersion": "13.346",
    "systemId": "vtm5e",
    "systemVersion": "5.0.11",
    "createdTime": 1745735186900,
    "modifiedTime": 1753740820599,
    "lastModifiedBy": "zzaXLX6rQo9UZdTe",
    "exportSource": null
  },
  "_key": "!items!5P6YvhZZlastLrZo"
}