{
  "folder": "ud9trAwfCKOMokwZ",
  "name": "Дотик Баала",
  "type": "power",
  "_id": "6xphi8PWFeATVp0K",
  "img": "modules/vampire-the-masquerade-5e-compendium-ukr/packs/assets/330px-Blood_Sorcery_symbol.png",
  "system": {
    "description": "<p>Вампір може перетворити свою Кров на надзвичайно агресивну отруту, смертельну як для смертних, так і для Кревних. </p><p>■ Вартість: Одна або більше Перевірок Збудження </p><p>■ Пули кубиків: Сила + Кривава Магія проти Витривалість + Окультизм або Стійкість </p><p>■ Система: Ця сила використовує ту ж систему (і її отрута має ті ж обмеження), що й Дотик Скорпіона (стор. 273), зі збільшеним ушкодженням. Якщо отрута влучає, користувач робить змагальний кидок Сила + Кривава Магія проти Витривалість + Окультизм. (Вампіри зі Стійкістю можуть чинити опір за допомогою Стійкості замість навички Окультизм.) Якщо користувач перемагає, отрута завдає різницю у вигляді Агравованого ушкодження Здоров'ю як смертним, так і вампірам. Смертний, який отримує хоча б один пункт ушкодження, миттєво помирає. Якщо вампірська ціль отримує Агравоване ушкодження від цієї отрути, користувач знову робить змагальний кидок; у разі перемоги, вампір впадає в торпор, коли наступного разу засне.</p><p>■ Тривалість: Отрута залишається дієвою протягом однієї сцени</p>",
    "bonuses": [],
    "discipline": "sorcery",
    "duration": "",
    "level": 5,
    "dicepool": {
      "In3Dp8CX": {
        "path": "attributes.strength"
      },
      "ils4q7cC": {
        "path": "disciplines.sorcery"
      }
    },
    "cost": 1,
    "gamesystem": "vampire",
    "macroid": ""
  },
  "effects": [],
  "sort": 0,
  "ownership": {
    "default": 0,
    "zzaXLX6rQo9UZdTe": 3
  },
  "flags": {},
  "_stats": {
    "compendiumSource": null,
    "duplicateSource": null,
    "coreVersion": "13.346",
    "systemId": "vtm5e",
    "systemVersion": "5.0.11",
    "createdTime": 1745735180957,
    "modifiedTime": 1753740493611,
    "lastModifiedBy": "zzaXLX6rQo9UZdTe",
    "exportSource": null
  },
  "_key": "!items!6xphi8PWFeATVp0K"
}