{
  "folder": "OkkEd2MWDrrnArid",
  "name": "Блим",
  "type": "power",
  "_id": "7VztJcQXRNLngAUB",
  "img": "modules/vampire-the-masquerade-5e-compendium-ukr/packs/assets/330px-Aclarity_symbol.png",
  "system": {
    "description": "<p>Вампір стрімко зближується з ворогом, вступаючи в бій або тікаючи за мить ока. Для непідготовленого спостерігача здається, ніби користувач телепортується, і лише порив вітру видає його рух.</p><p>■ Вартість: одна Перевірка Жаги</p><p>■ Дайс-пул: Спритність + Атлетика, або за потреби</p><p>■ Система: Вампір рухається по прямій до цілі, долаючи відстань до 50 метрів, і при цьому встигає виконати дію (наприклад, атаку) протягом ходу. Якщо місцевість небезпечна, персонаж має зробити кидок Спритність + Атлетика, щоб не спіткнутися та не зупинитися на шляху. Оповідач може на свій розсуд призначати інші змагальні кидки, особливо якщо вампір змагається з віддаленим ворогом, намагаючись першим дістатися до об'єкта чи виконати дію. Вампіри, що використовують цю силу для вступу в бій, вважаються такими, що вже перебувають у ближньому бою на початку ходу.</p>",
    "bonuses": [],
    "discipline": "celerity",
    "duration": "",
    "level": 3,
    "dicepool": {
      "BObYCDw6": {
        "path": "attributes.dexterity"
      },
      "iCSkC5Xq": {
        "path": "skills.athletics"
      }
    },
    "cost": 1,
    "gamesystem": "vampire",
    "macroid": ""
  },
  "effects": [],
  "sort": 0,
  "ownership": {
    "default": 0,
    "zzaXLX6rQo9UZdTe": 3
  },
  "flags": {},
  "_stats": {
    "compendiumSource": null,
    "duplicateSource": null,
    "coreVersion": "13.346",
    "systemId": "vtm5e",
    "systemVersion": "5.0.11",
    "createdTime": 1745735182035,
    "modifiedTime": 1753740543141,
    "lastModifiedBy": "zzaXLX6rQo9UZdTe",
    "exportSource": null
  },
  "_key": "!items!7VztJcQXRNLngAUB"
}