{
  "folder": "OkkEd2MWDrrnArid",
  "name": "Мить",
  "type": "power",
  "_id": "7VztJcQXRNLngAUB",
  "img": "modules/vampire-the-masquerade-5e-compendium-ukr/packs/assets/330px-Aclarity_symbol.png",
  "system": {
    "description": "<p>Вампір стрімко наближається до ворога, вступаючи в бій або тікаючи в мить ока. Для непідготовленого спостерігача користувач майже ніби телепортується, і лише порив вітру є ознакою його проходження. </p><p>■ Вартість: Одна Перевірка Збудження </p><p>■ Пули кубиків: Спритність + Атлетика, або за потребою </p><p>■ Система: Вампір рухається по прямій лінії до цілі, долаючи будь-яку відстань до 50 метрів, і при цьому має достатньо часу для виконання дії, наприклад, атаки, протягом ходу. Якщо місцевість будь-яким чином небезпечна, персонаж повинен зробити кидок Спритність + Атлетика, щоб уникнути спотикання та зупинки на шляху. Оповідач може вимагати інших змагань за бажанням, особливо якщо вампір змагається з далеким ворогом за об'єкт або дію. Вампіри, що вступають у бій з ворогом за допомогою цієї сили, діють так, ніби вони вже були в бою на початку ходу.</p>",
    "bonuses": [],
    "discipline": "celerity",
    "duration": "",
    "level": 3,
    "dicepool": {
      "BObYCDw6": {
        "path": "attributes.dexterity"
      },
      "iCSkC5Xq": {
        "path": "skills.athletics"
      }
    },
    "cost": 1,
    "gamesystem": "vampire",
    "macroid": ""
  },
  "effects": [],
  "sort": 0,
  "ownership": {
    "default": 0,
    "zzaXLX6rQo9UZdTe": 3
  },
  "flags": {},
  "_stats": {
    "compendiumSource": null,
    "duplicateSource": null,
    "coreVersion": "13.346",
    "systemId": "vtm5e",
    "systemVersion": "5.0.11",
    "createdTime": 1745735182035,
    "modifiedTime": 1753740543141,
    "lastModifiedBy": "zzaXLX6rQo9UZdTe",
    "exportSource": null
  },
  "_key": "!items!7VztJcQXRNLngAUB"
}