{
  "folder": "C4M7AzXjgkD9PLDN",
  "name": "Кривава хода",
  "type": "power",
  "_id": "NWxSwXb0gSbHMKI7",
  "img": "modules/vampire-the-masquerade-5e-compendium-ukr/packs/assets/330px-Blood_Sorcery_symbol.png",
  "system": {
    "description": "<p>Цей ритуал розвиває силу «Смак крові», дозволяючи користувачеві дізнатися більше деталей про суб'єкта, за умови, що той є вампіром.</p><p>■ Інгредієнти: Срібна чаша, наповнена кров'ю суб'єкта (кількість, що дорівнює одній Перевірці Пробудження).</p><p>■ Процес: Користувач змішує свою кров із кров'ю суб'єкта та протягом приблизно години повторює заклинання над чашею.</p><p>■ Система: Успіх у кидку Ритуалу (див. Загальні системи) дозволяє користувачеві дізнатися покоління та ім'я суб'єкта, а також ім'я його сира. Критичний успіх також повідомляє про будь-які кровні узи, що діють на суб'єкта, як регнанта чи раба.</p>",
    "bonuses": [],
    "discipline": "rituals",
    "duration": "",
    "level": 1,
    "dicepool": {},
    "cost": null,
    "gamesystem": "vampire",
    "macroid": ""
  },
  "effects": [],
  "sort": 0,
  "ownership": {
    "default": 0,
    "zzaXLX6rQo9UZdTe": 3
  },
  "flags": {},
  "_stats": {
    "compendiumSource": null,
    "duplicateSource": null,
    "coreVersion": "13.346",
    "systemId": "vtm5e",
    "systemVersion": "5.0.11",
    "createdTime": 1745735189773,
    "modifiedTime": 1753740937277,
    "lastModifiedBy": "zzaXLX6rQo9UZdTe",
    "exportSource": null
  },
  "_key": "!items!NWxSwXb0gSbHMKI7"
}