{
  "folder": "QV1lfz9EU6hnQfkT",
  "name": "Кров Могутності",
  "type": "power",
  "_id": "K1u9NnNbWLnWYGuP",
  "img": "modules/vampire-the-masquerade-5e-compendium-ukr/packs/assets/330px-Blood_Sorcery_symbol.png",
  "system": {
    "description": "<p>Вампір може концентрувати свою Кров, тимчасово збільшуючи її силу.</p><p>■ Вартість: Одна Перевірка Пробудження</p><p>■ Дайспул: Рішучість + Криваве Чаклунство</p><p>■ Система: Користувач робить кидок Рішучість + Криваве Чаклунство проти Складності 2 + його Сила Крові. Перемога збільшує його Силу Крові на одиницю на цю сцену; критична перемога збільшує її на дві одиниці. Вампір може використовувати цю силу, щоб перевищити ліміт свого покоління для Сили Крові на час її дії.</p><p>■ Тривалість: Одна сцена або одна ніч</p>",
    "bonuses": [],
    "discipline": "sorcery",
    "duration": "",
    "level": 3,
    "dicepool": {
      "h9w9aCVM": {
        "path": "attributes.resolve"
      },
      "ka29IJIj": {
        "path": "disciplines.sorcery"
      }
    },
    "cost": 1,
    "gamesystem": "vampire",
    "macroid": ""
  },
  "effects": [],
  "sort": 0,
  "ownership": {
    "default": 0,
    "zzaXLX6rQo9UZdTe": 3
  },
  "flags": {},
  "_stats": {
    "compendiumSource": null,
    "duplicateSource": null,
    "coreVersion": "13.346",
    "systemId": "vtm5e",
    "systemVersion": "5.0.11",
    "createdTime": 1745735180957,
    "modifiedTime": 1753740482842,
    "lastModifiedBy": "zzaXLX6rQo9UZdTe",
    "exportSource": null
  },
  "_key": "!items!K1u9NnNbWLnWYGuP"
}