{
  "folder": "3itXhdHZZKj8mZhj",
  "name": "Зв'язати Фамулуса",
  "type": "power",
  "_id": "jKi5asy0Vad7t2X7",
  "img": "modules/vampire-the-masquerade-5e-compendium-ukr/packs/assets/330px-Animalism_symbol.png",
  "system": {
    "description": "<p>При Кровному Зв'язку з твариною вампір може зробити її фамулусом, утворюючи з нею ментальний зв'язок і полегшуючи використання інших сил Анімалізму. Хоча сама по собі ця сила не дозволяє двостороннього спілкування з твариною, вона може виконувати прості словесні інструкції, такі як «стояти» та «йди сюди». Вона атакує, захищаючи себе та свого господаря, але в іншому випадку її неможливо переконати битися з тим, на що вона зазвичай не нападає.</p><p>■ Пули кубиків: Харизма + Тваринництво</p><p>■ Вартість: Тварину потрібно годувати Кров'ю користувача три окремі ночі, кожна з яких вимагає Перевірки Збудження від користувача. Кількість Крові, необхідна для підтримки стану гуля у тварини після цього, незначна. Гравці, що починають з цією силою, вже завершили цей процес і можуть безкоштовно вибрати фамулуса.</p><p>■ Система: Без використання Дикого Шепоту, нижче, віддання команд тварині вимагає кидка Харизма + Тваринництво (Складність 2); збільшуйте Складність для складніших наказів. Вампір може мати лише одного фамулуса, але може отримати нового, якщо поточний помре. Вампір може безкоштовно використовувати Дикий Шепіт (Анімалізм 2) та Підкорення Духу (Анімалізм 4) на своєму фамулусі.</p><p>■ Тривалість: Лише смерть звільняє фамулуса, коли він зв'язаний. Поки він регулярно отримує вампірську Кров, фамулус не старіє.</p>",
    "bonuses": [],
    "discipline": "animalism",
    "duration": "",
    "level": 1,
    "dicepool": {
      "nuf0UOyC": {
        "path": "attributes.charisma"
      },
      "mTkMe6gT": {
        "path": "skills.animalken"
      }
    },
    "cost": 1,
    "gamesystem": "vampire",
    "macroid": ""
  },
  "effects": [],
  "sort": 0,
  "ownership": {
    "default": 0,
    "zzaXLX6rQo9UZdTe": 3
  },
  "flags": {},
  "_stats": {
    "compendiumSource": null,
    "duplicateSource": null,
    "coreVersion": "13.346",
    "systemId": "vtm5e",
    "systemVersion": "5.0.11",
    "createdTime": 1745735176351,
    "modifiedTime": 1753740334309,
    "lastModifiedBy": "zzaXLX6rQo9UZdTe",
    "exportSource": null
  },
  "_key": "!items!jKi5asy0Vad7t2X7"
}