{
  "folder": "3itXhdHZZKj8mZhj",
  "name": "Бонд Фамулус",
  "type": "power",
  "_id": "jKi5asy0Vad7t2X7",
  "img": "modules/vampire-the-masquerade-5e-compendium-ukr/packs/assets/330px-Animalism_symbol.png",
  "system": {
    "description": "<p>Створюючи криваві узи з твариною, вампір може зробити її фамільяром, утворюючи з нею ментальний зв'язок і полегшуючи використання інших сил Анімалізму. Хоча сама по собі ця сила не дозволяє двостороннього спілкування з твариною, вона може виконувати прості усні команди, як-от «місце» та «до мене». Тварина нападає, захищаючи себе та свого господаря, але в іншому випадку її неможливо переконати битися з тим, на що вона зазвичай не нападає.</p><p>■ Запас кубиків: Харизма + Спілкування з тваринами</p><p>■ Ціна: Тварину необхідно годувати кров'ю користувача протягом трьох окремих ночей, кожна з яких вимагає від користувача Перевірки пробудження. Кількість крові, необхідна для підтримки стану гуля у тварини після цього, є незначною. Гравці, які починають гру з цією силою, вже завершили цей процес і можуть безкоштовно обрати фамільяра.</p><p>■ Система: Без використання сили «Дикий шепіт» (див. нижче) віддання команд тварині вимагає кидка Харизма + Спілкування з тваринами (Складність 2); збільште Складність для складніших наказів. Вампір може мати лише одного фамільяра, але може завести нового, якщо поточний загине. Вампір може безкоштовно використовувати «Дикий шепіт» (Анімалізм 2) та «Підкорення духу» (Анімалізм 4) на свого фамільяра.</p><p>■ Тривалість: Лише смерть звільняє пов'язаного фамільяра. Доки він регулярно отримує вампірську кров, фамільяр не старіє.</p>",
    "bonuses": [],
    "discipline": "animalism",
    "duration": "",
    "level": 1,
    "dicepool": {
      "nuf0UOyC": {
        "path": "attributes.charisma"
      },
      "mTkMe6gT": {
        "path": "skills.animalken"
      }
    },
    "cost": 1,
    "gamesystem": "vampire",
    "macroid": ""
  },
  "effects": [],
  "sort": 0,
  "ownership": {
    "default": 0,
    "zzaXLX6rQo9UZdTe": 3
  },
  "flags": {},
  "_stats": {
    "compendiumSource": null,
    "duplicateSource": null,
    "coreVersion": "13.346",
    "systemId": "vtm5e",
    "systemVersion": "5.0.11",
    "createdTime": 1745735176351,
    "modifiedTime": 1753740334309,
    "lastModifiedBy": "zzaXLX6rQo9UZdTe",
    "exportSource": null
  },
  "_key": "!items!jKi5asy0Vad7t2X7"
}