{
  "folder": "xDhCZkrLPWWHDdEg",
  "name": "Жорстока стрічка",
  "type": "power",
  "_id": "pLPZd3T1Dz3zrKJd",
  "img": "modules/vampire-the-masquerade-5e-compendium-ukr/packs/assets/330px-Potence_symbol.png",
  "system": {
    "description": "<p>Відома як «Жорстокий поцілунок», ця здатність дозволяє користувачеві застосовувати нечестиву внутрішню силу під час висмоктування жертви. За лічені секунди нападник ковтає потоки крові, водночас калічачи жертву. Результатом є ефективне, хоч і брудне, харчування, яке часто застосовують у розпалі бою, де понівечені рештки жертви можна замаскувати.</p><p>■ Вартість: Безкоштовно.</p><p>■ Система: Вампір може повністю висушити людину за секунди, зазвичай протягом одного ходу. Кожен втамований пункт Голоду завдає жертві один пункт Агравованих ушкоджень здоров'я, оскільки її кровоносні судини розриваються, а органи зазнають забоїв і внутрішніх розривів. Використання Жорстокого Харчування проти вампіра завдає лише Поверхневих ушкоджень здоров'я їхнім мертвим та інертним органам. У бою Жорстоке Харчування застосовується одразу після успішної атаки Бійкою з використанням іклів. Жертва спочатку отримує ушкодження від укусу, а потім — від цієї здатності. Броня не захищає від Жорстокого Харчування, оскільки рани є переважно внутрішніми, або принаймні починаються як такі. Оповідачі можуть вирішити, що таке вбивство-каліцтво заслуговує на Плями (с. 239).</p><p>■ Тривалість: Одне харчування</p>",
    "bonuses": [],
    "discipline": "potence",
    "duration": "",
    "level": 3,
    "dicepool": {},
    "cost": null,
    "gamesystem": "vampire",
    "macroid": ""
  },
  "effects": [],
  "sort": 0,
  "ownership": {
    "default": 0,
    "zzaXLX6rQo9UZdTe": 3
  },
  "flags": {},
  "_stats": {
    "compendiumSource": null,
    "duplicateSource": null,
    "coreVersion": "13.346",
    "systemId": "vtm5e",
    "systemVersion": "5.0.11",
    "createdTime": 1745735185972,
    "modifiedTime": 1753740777760,
    "lastModifiedBy": "zzaXLX6rQo9UZdTe",
    "exportSource": null
  },
  "_key": "!items!pLPZd3T1Dz3zrKJd"
}