{
  "folder": "xDhCZkrLPWWHDdEg",
  "name": "Жорстоке Годування",
  "type": "power",
  "_id": "pLPZd3T1Dz3zrKJd",
  "img": "modules/vampire-the-masquerade-5e-compendium-ukr/packs/assets/330px-Potence_symbol.png",
  "system": {
    "description": "<p>Відома як «Дикий Поцілунок», ця сила дозволяє користувачеві використовувати нечестиву внутрішню силу при висмоктуванні жертви. За лічені секунди нападник ковтає потоки крові, калічачи жертву. Результатом є ефективне, хоч і брудне, годування, яке часто застосовується в запалі бою, де понівечені останки жертви можна замаскувати. </p><p>■ Вартість: Безкоштовно. </p><p>■ Система: Вампір може повністю висушити людину за секунди, зазвичай протягом одного ходу. Кожен втамований пункт Голоду завдає один пункт Агравованого ушкодження Здоров'ю жертві, оскільки її кровоносні судини лопаються, а органи отримують внутрішні синці та розриви. Використання Жорстокого Годування на вампірі завдає лише Поверхневе ушкодження Здоров'ю їхнім мертвим та інертним органам. У бою Жорстоке Годування відбувається одразу після успішної атаки Бійкою з використанням іклів. Жертва спочатку отримує ушкодження від укусу, а потім ушкодження від цієї сили. Броня не захищає від Жорстокого Годування, оскільки рани є, або принаймні починаються як, переважно внутрішні. Оповідачі можуть вирішити, що таке каліцтво-вбивство заслуговує на Плями (стор. 239). </p><p>■ Тривалість: Одне годування</p>",
    "bonuses": [],
    "discipline": "potence",
    "duration": "",
    "level": 3,
    "dicepool": {},
    "cost": null,
    "gamesystem": "vampire",
    "macroid": ""
  },
  "effects": [],
  "sort": 0,
  "ownership": {
    "default": 0,
    "zzaXLX6rQo9UZdTe": 3
  },
  "flags": {},
  "_stats": {
    "compendiumSource": null,
    "duplicateSource": null,
    "coreVersion": "13.346",
    "systemId": "vtm5e",
    "systemVersion": "5.0.11",
    "createdTime": 1745735185972,
    "modifiedTime": 1753740777760,
    "lastModifiedBy": "zzaXLX6rQo9UZdTe",
    "exportSource": null
  },
  "_key": "!items!pLPZd3T1Dz3zrKJd"
}