{
  "folder": "LXQ64bZ4gUJx8oZq",
  "name": "Котяча грація",
  "type": "power",
  "_id": "wfnjLhQ0w1IaDsKn",
  "img": "modules/vampire-the-masquerade-5e-compendium-ukr/packs/assets/330px-Aclarity_symbol.png",
  "system": {
    "description": "<p>Вампір набуває рівноваги та грації, що дорівнюють майстерності повітряних гімнастів світового класу і навіть перевершують її. Він може без зусиль ходити й навіть бігати по виступах і дротах, а також утримувати рівновагу на найвужчих опорах.</p><p>■ Вартість: Безкоштовно</p><p>■ Система: Користувач автоматично успішно проходить будь-який кидок на Спритність або Атлетику, необхідний для утримання рівноваги. Зауважте, що ця здатність не дозволяє йому утримувати рівновагу на опорі, яка не витримує його ваги.</p><p>■ Тривалість: Пасивна</p>",
    "bonuses": [],
    "discipline": "celerity",
    "duration": "",
    "level": 1,
    "dicepool": {},
    "cost": null,
    "gamesystem": "vampire",
    "macroid": ""
  },
  "effects": [],
  "sort": 0,
  "ownership": {
    "default": 0,
    "zzaXLX6rQo9UZdTe": 3
  },
  "flags": {},
  "_stats": {
    "compendiumSource": null,
    "duplicateSource": null,
    "coreVersion": "13.346",
    "systemId": "vtm5e",
    "systemVersion": "5.0.11",
    "createdTime": 1745735182035,
    "modifiedTime": 1753740530675,
    "lastModifiedBy": "zzaXLX6rQo9UZdTe",
    "exportSource": null
  },
  "_key": "!items!wfnjLhQ0w1IaDsKn"
}