{
  "folder": "LXQ64bZ4gUJx8oZq",
  "name": "Котяча Грація",
  "type": "power",
  "_id": "wfnjLhQ0w1IaDsKn",
  "img": "modules/vampire-the-masquerade-5e-compendium-ukr/packs/assets/330px-Aclarity_symbol.png",
  "system": {
    "description": "<p>Вампір отримує рівновагу та грацію, що дорівнюють і перевершують найкращих у світі трапецієвидних артистів. Вони можуть без зусиль ходити і навіть бігати по виступах і дротах, а також утримувати рівновагу на найтонших опорах. </p><p>■ Вартість: Безкоштовно </p><p>■ Система: Користувач автоматично проходить будь-який кидок на основі Спритності або Атлетики, необхідний для утримання рівноваги. Зауважте, що ця сила не дозволяє їм балансувати на опорі, яка не може витримати їхню вагу. </p><p>■ Тривалість: Пасивна</p>",
    "bonuses": [],
    "discipline": "celerity",
    "duration": "",
    "level": 1,
    "dicepool": {},
    "cost": null,
    "gamesystem": "vampire",
    "macroid": ""
  },
  "effects": [],
  "sort": 0,
  "ownership": {
    "default": 0,
    "zzaXLX6rQo9UZdTe": 3
  },
  "flags": {},
  "_stats": {
    "compendiumSource": null,
    "duplicateSource": null,
    "coreVersion": "13.346",
    "systemId": "vtm5e",
    "systemVersion": "5.0.11",
    "createdTime": 1745735182035,
    "modifiedTime": 1753740530675,
    "lastModifiedBy": "zzaXLX6rQo9UZdTe",
    "exportSource": null
  },
  "_key": "!items!wfnjLhQ0w1IaDsKn"
}