{
  "folder": "ud9trAwfCKOMokwZ",
  "name": "Котел Крові",
  "type": "power",
  "_id": "tUIxhRo7tOri9cTs",
  "img": "modules/vampire-the-masquerade-5e-compendium-ukr/packs/assets/330px-Blood_Sorcery_symbol.png",
  "system": {
    "description": "<p>Ця жахлива сила дозволяє користувачеві кип'ятити кров жертви в її власних венах, завдаючи величезних ушкоджень і нестерпного болю. Хоча існують більш ефективні способи вбивства, мало які методи наближаються до такого рівня жорстокості. </p><p>■ Вартість: Одна Перевірка Збудження та отримання однієї (або більше) Плям </p><p>■ Пули кубиків: Зосередженість + Кривава Магія проти Стриманість + Окультизм або Стійкість </p><p>■ Система: Користувач платить вартість і торкається жертви (Спритність + Атлетика в бою або подібних ситуаціях), роблячи змагальний кидок Зосередженість + Кривава Магія проти Стриманість + Окультизм. (Вампіри зі Стійкістю можуть чинити опір за допомогою Стриманість + Стійкість.) У разі перемоги, кожен пункт різниці завдає один пункт Агравованого ушкодження жертві. Смертні, які отримують хоча б один пункт ушкодження, помирають з криком. Вампірські жертви додають 1 Голод за кожен пункт завданого ушкодження, доки Голод не досягне 5. </p><p>■ Тривалість: Один хід</p>",
    "bonuses": [],
    "discipline": "sorcery",
    "duration": "",
    "level": 5,
    "dicepool": {
      "OxDAP6AL": {
        "path": "attributes.resolve"
      },
      "LOdCAOrH": {
        "path": "disciplines.sorcery"
      }
    },
    "cost": 1,
    "gamesystem": "vampire",
    "macroid": ""
  },
  "effects": [],
  "sort": 0,
  "ownership": {
    "default": 0,
    "zzaXLX6rQo9UZdTe": 3
  },
  "flags": {},
  "_stats": {
    "compendiumSource": null,
    "duplicateSource": null,
    "coreVersion": "13.346",
    "systemId": "vtm5e",
    "systemVersion": "5.0.11",
    "createdTime": 1745735180957,
    "modifiedTime": 1753740497526,
    "lastModifiedBy": "zzaXLX6rQo9UZdTe",
    "exportSource": null
  },
  "_key": "!items!tUIxhRo7tOri9cTs"
}