{
  "folder": "ud9trAwfCKOMokwZ",
  "name": "Казан Крові",
  "type": "power",
  "_id": "tUIxhRo7tOri9cTs",
  "img": "modules/vampire-the-masquerade-5e-compendium-ukr/packs/assets/330px-Blood_Sorcery_symbol.png",
  "system": {
    "description": "<p>Ця моторошна сила дозволяє користувачу закип'ятити кров жертви в її власних жилах, завдаючи величезних ушкоджень та нестерпного болю. Хоча існують ефективніші способи вбивства, мало які методи досягають такого рівня жорстокості.</p><p>■ Вартість: Одна Перевірка Пробудження та отримання однієї (або більше) Плями</p><p>■ Дайс-пули: Рішучість + Криваве Чаклунство проти Самоконтролю + Окультизм або Стійкість</p><p>■ Система: Користувач сплачує вартість і торкається жертви (Спритність + Атлетика в бою чи подібних ситуаціях), роблячи супротивний кидок Рішучість + Криваве Чаклунство проти Самоконтроль + Окультизм. (Вампіри зі Стійкістю можуть чинити опір, використовуючи Самоконтроль + Стійкість.) У разі перемоги кожне очко переваги завдає жертві одне очко Агравованих ушкоджень. Смертні, що отримали хоча б одне очко ушкоджень, помирають із криком. Жертви-вампіри отримують 1 Голод за кожне завдане очко ушкоджень, доки Голод не досягне 5.</p><p>■ Тривалість: Один хід</p>",
    "bonuses": [],
    "discipline": "sorcery",
    "duration": "",
    "level": 5,
    "dicepool": {
      "OxDAP6AL": {
        "path": "attributes.resolve"
      },
      "LOdCAOrH": {
        "path": "disciplines.sorcery"
      }
    },
    "cost": 1,
    "gamesystem": "vampire",
    "macroid": ""
  },
  "effects": [],
  "sort": 0,
  "ownership": {
    "default": 0,
    "zzaXLX6rQo9UZdTe": 3
  },
  "flags": {},
  "_stats": {
    "compendiumSource": null,
    "duplicateSource": null,
    "coreVersion": "13.346",
    "systemId": "vtm5e",
    "systemVersion": "5.0.11",
    "createdTime": 1745735180957,
    "modifiedTime": 1753740497526,
    "lastModifiedBy": "zzaXLX6rQo9UZdTe",
    "exportSource": null
  },
  "_key": "!items!tUIxhRo7tOri9cTs"
}