{
  "name": "Стрімкість",
  "sorting": "a",
  "folder": null,
  "type": "Item",
  "_id": "Uva2JojNYuKKLYLv",
  "description": "",
  "sort": 100000,
  "color": "#9b76a2",
  "flags": {},
  "_stats": {
    "compendiumSource": null,
    "duplicateSource": null,
    "coreVersion": "12.331",
    "systemId": "vtm5e",
    "systemVersion": "5.0.11",
    "createdTime": 1745735182019,
    "modifiedTime": 1745735182050,
    "lastModifiedBy": "zzaXLX6rQo9UZdTe"
  },
  "_key": "!folders!Uva2JojNYuKKLYLv"
}