{
  "folder": "YSRupupnXCyqqKc7",
  "name": "Ясновидіння",
  "type": "power",
  "_id": "JeX6DGl9tWvID0Lm",
  "img": "modules/vampire-the-masquerade-5e-compendium-ukr/packs/assets/330px-Auspex_symbol.png",
  "system": {
    "description": "<p>Закривши очі й увійшовши в легкий транс, вампір стає господарем свого оточення. За кілька хвилин він може зібрати з території розміром приблизно з міський квартал (більше, якщо це відкрита чи менш заселена місцевість) інформацію, на збір якої зазвичай знадобилося б багато годин, а то й днів польової роботи та розслідування. Увійшовши в такий зв'язок зі своїм оточенням, вампір також може отримувати інформацію про будь-які незвичайні події в цій місцевості.</p><p>■ Вартість: Одна Перевірка Пробудження</p><p>■ Дайс-пул: Інтелект + Провидіння</p><p>■ Система: Зробіть кидок Інтелект + Провидіння проти Складності, що залежить від безпеки та рівня активності в місцевості. Використання Ясновидіння у власному маєтку матиме Складність 3, тоді як для незнайомого кварталу в нетрях великого міста вона сягатиме 7 або й більше. Користувач додає до дайс-пулу додаткові кубики в кількості, що дорівнює базовому показнику його Притулку, коли використовує Ясновидіння у власному притулку. Оповідач відповідає на запитання вампіра про те, хто приходить і йде в цій місцевості, що люди бачили й чули, теми місцевих пліток, нещодавні значні потрясіння чи враження, тощо. Гравець може поставити приблизно одне запитання за кожне очко переваги; відповіді про навмисно приховану інформацію можуть коштувати більше одного очка. Критичний успіх розкриває щось важливе, незалежно від поставлених запитань, якщо є що розкривати. Вампір також може ясновидінням спостерігати за подіями, що відбуваються, але для цього він має залишатися в цій місцевості, доки діє ефект.</p><p>■ Тривалість: Кілька хвилин для збору інформації, до однієї ночі для пильного спостереження.</p>",
    "bonuses": [],
    "discipline": "auspex",
    "duration": "",
    "level": 5,
    "dicepool": {
      "ueS1bsYk": {
        "path": "attributes.intelligence"
      },
      "garjJZdh": {
        "path": "disciplines.auspex"
      }
    },
    "cost": 1,
    "gamesystem": "vampire",
    "macroid": ""
  },
  "effects": [],
  "sort": 0,
  "ownership": {
    "default": 0,
    "zzaXLX6rQo9UZdTe": 3
  },
  "flags": {},
  "_stats": {
    "compendiumSource": null,
    "duplicateSource": null,
    "coreVersion": "13.346",
    "systemId": "vtm5e",
    "systemVersion": "5.0.11",
    "createdTime": 1745735179703,
    "modifiedTime": 1753740443178,
    "lastModifiedBy": "zzaXLX6rQo9UZdTe",
    "exportSource": null
  },
  "_key": "!items!JeX6DGl9tWvID0Lm"
}