{
  "folder": "YSRupupnXCyqqKc7",
  "name": "Ясновидіння",
  "type": "power",
  "_id": "JeX6DGl9tWvID0Lm",
  "img": "modules/vampire-the-masquerade-5e-compendium-ukr/packs/assets/330px-Auspex_symbol.png",
  "system": {
    "description": "<p>Закривши очі та увійшовши в легкий транс, вампір стає господарем свого оточення. За кілька хвилин він може зібрати інформацію з території розміром приблизно з міський квартал (більше, якщо на відкритому повітрі або менш населеній місцевості), на що зазвичай знадобилося б багато годин, можливо, днів роботи та розслідування. Після такого зв'язку зі своїм оточенням вампір також може отримувати інформацію про все незвичайне, що відбувається в цьому районі. </p><p>■ Вартість: Одна Перевірка Збудження </p><p>■ Пули кубиків: Інтелект + Ауспекс </p><p>■ Система: Зробіть кидок Інтелект + Ауспекс проти Складності, що залежить від безпеки та рівня активності в районі. Використання Ясновидіння у власному особняку матиме Складність 3, тоді як незнайомий міський квартал у нетрях великого міста може мати Складність 7 або більше. Користувач додає свій базовий рейтинг Притулку у вигляді додаткових кубиків до пулу, коли використовує Ясновидіння у власному притулку. Оповідач відповідає на запитання вампіра про події в районі, що люди бачили й чули, теми місцевих пліток, нещодавні великі потрясіння чи враження тощо. Гравець може поставити приблизно одне запитання за кожен пункт різниці; відповіді на запитання про навмисно приховану інформацію можуть коштувати більше одного пункту. Критична перемога розкриває щось значне, незалежно від поставлених запитань, за умови, що є що розкривати. Вампір також може ясновидчо спостерігати за подіями, що відбуваються, хоча для цього йому потрібно залишатися в районі, поки ефект активний. </p><p>■ Тривалість: Кілька хвилин для збору інформації, до однієї ночі для пильності.</p>",
    "bonuses": [],
    "discipline": "auspex",
    "duration": "",
    "level": 5,
    "dicepool": {
      "ueS1bsYk": {
        "path": "attributes.intelligence"
      },
      "garjJZdh": {
        "path": "disciplines.auspex"
      }
    },
    "cost": 1,
    "gamesystem": "vampire",
    "macroid": ""
  },
  "effects": [],
  "sort": 0,
  "ownership": {
    "default": 0,
    "zzaXLX6rQo9UZdTe": 3
  },
  "flags": {},
  "_stats": {
    "compendiumSource": null,
    "duplicateSource": null,
    "coreVersion": "13.346",
    "systemId": "vtm5e",
    "systemVersion": "5.0.11",
    "createdTime": 1745735179703,
    "modifiedTime": 1753740443178,
    "lastModifiedBy": "zzaXLX6rQo9UZdTe",
    "exportSource": null
  },
  "_key": "!items!JeX6DGl9tWvID0Lm"
}