{
  "folder": "C4M7AzXjgkD9PLDN",
  "name": "Чіпляння Комахи",
  "type": "power",
  "_id": "MaVj9RHYNZ2tmCCp",
  "img": "modules/vampire-the-masquerade-5e-compendium-ukr/packs/assets/330px-Blood_Sorcery_symbol.png",
  "system": {
    "description": "<p>Вампір отримує здатність чіплятися за стіни, як гротескна комаха або павук. </p><p>■ Інгредієнти: Живий павук </p><p>■ Процес: Виконавець наповнює флакон власною Кров'ю і розчавлює в ньому павука, змішуючи подрібнені шматочки з Кров'ю перед тим, як проковтнути. (Це не повертає жодного отриманого Голоду.) Виконавець може проводити цей ритуал лише на собі; інші не отримують жодної користі від випивання суміші. </p><p>■ Система: Успішний Ритуал дає здатність чіплятися за стіни та стелю протягом однієї сцени, тоді як критична перемога подовжує тривалість на цілу ніч. Виконавець повинен чіплятися за поверхню обома руками та ногами; він рухається приблизно</p>",
    "bonuses": [],
    "discipline": "rituals",
    "duration": "",
    "level": 1,
    "dicepool": {},
    "cost": null,
    "gamesystem": "vampire",
    "macroid": ""
  },
  "effects": [],
  "sort": 0,
  "ownership": {
    "default": 0,
    "zzaXLX6rQo9UZdTe": 3
  },
  "flags": {},
  "_stats": {
    "compendiumSource": null,
    "duplicateSource": null,
    "coreVersion": "13.346",
    "systemId": "vtm5e",
    "systemVersion": "5.0.11",
    "createdTime": 1745735189773,
    "modifiedTime": 1753740940535,
    "lastModifiedBy": "zzaXLX6rQo9UZdTe",
    "exportSource": null
  },
  "_key": "!items!MaVj9RHYNZ2tmCCp"
}