{
  "folder": "C4M7AzXjgkD9PLDN",
  "name": "Чіпляння комахи",
  "type": "power",
  "_id": "MaVj9RHYNZ2tmCCp",
  "img": "modules/vampire-the-masquerade-5e-compendium-ukr/packs/assets/330px-Blood_Sorcery_symbol.png",
  "system": {
    "description": "<p>Вампір отримує здатність чіплятися за стіни, наче гротескна комаха чи павук. </p><p>■ Інгредієнти: Живий павук </p><p>■ Процес: Чародій наповнює флакон своєю кров'ю і розчавлює в ньому павука, змішуючи подрібнені рештки з кров'ю, перш ніж випити суміш. (Це не втамовує Голод.) Чародій може провести цей ритуал лише над собою; інші не отримають жодної користі, випивши суміш. </p><p>■ Система: Успішний ритуал дає здатність чіплятися за стіни та стелю на одну сцену, тоді як критичний успіх подовжує тривалість на цілу ніч. Чародій мусить чіплятися за поверхню обома руками й ногами; він рухається приблиз</p>",
    "bonuses": [],
    "discipline": "rituals",
    "duration": "",
    "level": 1,
    "dicepool": {},
    "cost": null,
    "gamesystem": "vampire",
    "macroid": ""
  },
  "effects": [],
  "sort": 0,
  "ownership": {
    "default": 0,
    "zzaXLX6rQo9UZdTe": 3
  },
  "flags": {},
  "_stats": {
    "compendiumSource": null,
    "duplicateSource": null,
    "coreVersion": "13.346",
    "systemId": "vtm5e",
    "systemVersion": "5.0.11",
    "createdTime": 1745735189773,
    "modifiedTime": 1753740940535,
    "lastModifiedBy": "zzaXLX6rQo9UZdTe",
    "exportSource": null
  },
  "_key": "!items!MaVj9RHYNZ2tmCCp"
}