{
  "folder": "FMODQuLpMI3LT9JX",
  "name": "Приховати зібрання",
  "type": "power",
  "_id": "gIlltX5hOWguc82N",
  "img": "modules/vampire-the-masquerade-5e-compendium-ukr/packs/assets/330px-Obfuscate_symbol.png",
  "system": {
    "description": "<p>Вампір може сховати своїх супутників під покровом Затемнення.</p><p>■ Вартість: одна Перевірка Пробудження на додачу до вартості поширюваної сили</p><p>■ Система: Вампір може поширити свою силу Затемнення на кількість додаткових охочих осіб, що дорівнює його Кмітливості, плюс одна за кожну додаткову Перевірку Пробудження. Сила Затемнення, що застосовується до групи, може бути будь-якою, відомою користувачеві, і кожен член групи вважається таким, що застосував її на себе, використовуючи рейтинг вампіра-користувача як свій власний, коли це потрібно для кидка. Члени групи все ще можуть сприймати одне одного, перебуваючи під дією сили. Якщо хтось, окрім користувача, викритий — чи то через власні дії, чи то через проникливого спостерігача — решта групи залишається схованою. Якщо викрито користувача, то викрито й усіх інших.</p><p>■ Тривалість: Як у поширюваної сили</p>",
    "bonuses": [],
    "discipline": "obfuscate",
    "duration": "",
    "level": 5,
    "dicepool": {},
    "cost": 1,
    "gamesystem": "vampire",
    "macroid": ""
  },
  "effects": [],
  "sort": 0,
  "ownership": {
    "default": 0,
    "zzaXLX6rQo9UZdTe": 3
  },
  "flags": {},
  "_stats": {
    "compendiumSource": null,
    "duplicateSource": null,
    "coreVersion": "13.346",
    "systemId": "vtm5e",
    "systemVersion": "5.0.11",
    "createdTime": 1745735184863,
    "modifiedTime": 1753740732681,
    "lastModifiedBy": "zzaXLX6rQo9UZdTe",
    "exportSource": null
  },
  "_key": "!items!gIlltX5hOWguc82N"
}