{
  "folder": "FMODQuLpMI3LT9JX",
  "name": "Приховати Зібрання",
  "type": "power",
  "_id": "gIlltX5hOWguc82N",
  "img": "modules/vampire-the-masquerade-5e-compendium-ukr/packs/assets/330px-Obfuscate_symbol.png",
  "system": {
    "description": "<p>Вампір може приховати своїх супутників під плащем Обфускації. </p><p>■ Вартість: Одна Перевірка Збудження на додаток до вартості поширеної сили </p><p>■ Система: Вампір може поширити свою силу Обфускації на кількість додаткових бажаючих суб'єктів, що дорівнює його Кмітливості, плюс один за кожну додаткову зроблену Перевірку Збудження. Сила Обфускації, використана на групі, може бути будь-якою, відомою користувачеві, і кожен член групи вважається таким, що використав її на собі, використовуючи рейтинг вампіра, що застосовує Обфускацію, як свій власний, коли це необхідно для кидка. Члени групи все ще можуть сприймати один одного під дією сили. Якщо хтось, крім користувача, буде виявлений, чи то через власні дії, чи то через пильного спостерігача, решта групи залишається прихованою. Якщо виявлено користувача, виявлено й усіх інших. </p><p>■ Тривалість: Як у поширеної сили</p>",
    "bonuses": [],
    "discipline": "obfuscate",
    "duration": "",
    "level": 5,
    "dicepool": {},
    "cost": 1,
    "gamesystem": "vampire",
    "macroid": ""
  },
  "effects": [],
  "sort": 0,
  "ownership": {
    "default": 0,
    "zzaXLX6rQo9UZdTe": 3
  },
  "flags": {},
  "_stats": {
    "compendiumSource": null,
    "duplicateSource": null,
    "coreVersion": "13.346",
    "systemId": "vtm5e",
    "systemVersion": "5.0.11",
    "createdTime": 1745735184863,
    "modifiedTime": 1753740732681,
    "lastModifiedBy": "zzaXLX6rQo9UZdTe",
    "exportSource": null
  },
  "_key": "!items!gIlltX5hOWguc82N"
}