{
  "folder": "zQVeuZtYSmq00SJJ",
  "name": "Хмарна пам'ять",
  "type": "power",
  "_id": "xCCtEroRVLAw314V",
  "img": "modules/vampire-the-masquerade-5e-compendium-ukr/packs/assets/330px-Dominate_symbol.png",
  "system": {
    "description": "<p>Промовивши фразу «Забудь!», користувач може змусити підкорену жертву забути поточний момент, а також останні кілька хвилин, чого достатньо, щоб замаскувати неглибоке годування або випадкову зустріч. Нові спогади не формуються, і якщо на жертву натиснути, вона усвідомить, що в неї бракує кількох хвилин пам'яті.</p><p>■ Вартість: Безкоштовно</p><p>■ Набори кубиків: Харизма + Домінування проти Кмітливості + Рішучості</p><p>■ Система: Кидок не потрібен проти непідготовленої смертної жертви. Затьмарення пам'яті жертви, що чинить опір, або іншого вампіра вимагає кидка Харизма + Домінування проти Кмітливості + Рішучості.</p><p>■ Тривалість: Безстроково</p>",
    "bonuses": [],
    "discipline": "dominate",
    "duration": "",
    "level": 1,
    "dicepool": {
      "qbwsrSKy": {
        "path": "attributes.charisma"
      },
      "wANPh1su": {
        "path": "disciplines.dominate"
      }
    },
    "cost": null,
    "gamesystem": "vampire",
    "macroid": ""
  },
  "effects": [],
  "sort": 0,
  "ownership": {
    "default": 0,
    "zzaXLX6rQo9UZdTe": 3
  },
  "flags": {},
  "_stats": {
    "compendiumSource": null,
    "duplicateSource": null,
    "coreVersion": "13.346",
    "systemId": "vtm5e",
    "systemVersion": "5.0.11",
    "createdTime": 1745735182706,
    "modifiedTime": 1753740576612,
    "lastModifiedBy": "zzaXLX6rQo9UZdTe",
    "exportSource": null
  },
  "_key": "!items!xCCtEroRVLAw314V"
}