{
  "folder": "Fmqyc3dTORcdXdkk",
  "name": "Спілкуватися з Родичем Сиром",
  "type": "power",
  "_id": "xlTgyyAOaLDsmSOJ",
  "img": "modules/vampire-the-masquerade-5e-compendium-ukr/packs/assets/330px-Blood_Sorcery_symbol.png",
  "system": {
    "description": "<p>Чаклун використовує зв'язок між сіром та дитям, щоб відкрити міст між їхніми розумами, дозволяючи дитяті створити телепатичний зв'язок для спілкування на великій відстані. Як і деякі інші Ритуали, цей знову набуває популярності в наші ночі прослуховування та електронного стеження.</p><p>■ Інгредієнти: предмет, що раніше належав сіру, та срібна чаша, наповнена чистою водою.</p><p>■ Процес: Чаклун занурює предмет у воду й капає своєю Кров'ю в чашу, зосереджуючись на останньому спогаді про свого сіра до 30 хвилин.</p><p>■ Система: Зробіть кидок ритуалу через 15 хвилин. Успіх дозволяє десять хвилин двостороннього мовчазного ментального спілкування ще через 15 хвилин. Критичний успіх дозволяє негайне спілкування. Будь-яке значне втручання з будь-якого боку розриває зв'язок.</p>",
    "bonuses": [],
    "discipline": "rituals",
    "duration": "",
    "level": 2,
    "dicepool": {},
    "cost": null,
    "gamesystem": "vampire",
    "macroid": ""
  },
  "effects": [],
  "sort": 0,
  "ownership": {
    "default": 0,
    "zzaXLX6rQo9UZdTe": 3
  },
  "flags": {},
  "_stats": {
    "compendiumSource": null,
    "duplicateSource": null,
    "coreVersion": "13.346",
    "systemId": "vtm5e",
    "systemVersion": "5.0.11",
    "createdTime": 1745735189773,
    "modifiedTime": 1753740913291,
    "lastModifiedBy": "zzaXLX6rQo9UZdTe",
    "exportSource": null
  },
  "_key": "!items!xlTgyyAOaLDsmSOJ"
}