{
  "folder": "Fmqyc3dTORcdXdkk",
  "name": "Спілкування з Сіром-Кревним",
  "type": "power",
  "_id": "xlTgyyAOaLDsmSOJ",
  "img": "modules/vampire-the-masquerade-5e-compendium-ukr/packs/assets/330px-Blood_Sorcery_symbol.png",
  "system": {
    "description": "<p>Виконавець використовує зв'язок між сіром і дитям, щоб відкрити міст між розумами, дозволяючи дитяті створити телепатичний зв'язок для спілкування на великій відстані. Як і деякі інші Ритуали, цей знову набуває популярності в ці ночі прослуховування та електронного спостереження.</p><p>■ Інгредієнти: Предмет, що раніше належав сіру, та срібна миска, наповнена чистою водою.</p><p>■ Процес: Виконавець занурює предмет у воду і дозволяє своїй Крові капати в миску, концентруючись на останньому спогаді про свого сіра протягом 30 хвилин.</p><p>■ Система: Зробіть кидок ритуалу через 15 хвилин. Перемога дозволяє десять хвилин двостороннього мовчазного ментального спілкування після того, як мине ще 15 хвилин. Критична перемога дозволяє негайне спілкування. Будь-яке значне порушення з будь-якого боку розриває зв'язок.</p>",
    "bonuses": [],
    "discipline": "rituals",
    "duration": "",
    "level": 2,
    "dicepool": {},
    "cost": null,
    "gamesystem": "vampire",
    "macroid": ""
  },
  "effects": [],
  "sort": 0,
  "ownership": {
    "default": 0,
    "zzaXLX6rQo9UZdTe": 3
  },
  "flags": {},
  "_stats": {
    "compendiumSource": null,
    "duplicateSource": null,
    "coreVersion": "13.346",
    "systemId": "vtm5e",
    "systemVersion": "5.0.11",
    "createdTime": 1745735189773,
    "modifiedTime": 1753740913291,
    "lastModifiedBy": "zzaXLX6rQo9UZdTe",
    "exportSource": null
  },
  "_key": "!items!xlTgyyAOaLDsmSOJ"
}