{
  "folder": "zQVeuZtYSmq00SJJ",
  "name": "Змушувати",
  "type": "power",
  "_id": "gyhnOSNiYqmWRLHT",
  "img": "modules/vampire-the-masquerade-5e-compendium-ukr/packs/assets/330px-Dominate_symbol.png",
  "system": {
    "description": "<p>Встановивши зоровий контакт, вампір може віддати жертві команду на одну дію, не довшу за коротке речення, яку та має виконати дослівно. Має бути можливість виконати команду за один хід. Оповідач вирішує, чи тлумачити неоднозначні команди неочікуваним або несприятливим чином; або ж команда просто спантеличує жертву і не спрацьовує.</p><p>■ Вартість: Безкоштовно</p><p>■ Запас кубів: Харизма + Домінування проти Інтелект + Рішучість</p><p>■ Система: Кидок не потрібен проти непідготовленої смертної жертви. Наказ жертві, що чинить опір, жертві, над якою вампір уже застосовував Домінування в цій сцені, або іншому вампіру вимагає змагання: Харизма + Домінування проти Інтелект + Рішучість. Команди, що суперечать натурі жертви, також вимагають такого змагання.</p><p>■ Тривалість: Не більше однієї сцени</p>",
    "bonuses": [],
    "discipline": "dominate",
    "duration": "",
    "level": 1,
    "dicepool": {
      "EWyUZHjW": {
        "path": "attributes.charisma"
      },
      "LY2310f2": {
        "path": "disciplines.dominate"
      }
    },
    "cost": null,
    "gamesystem": "vampire",
    "macroid": ""
  },
  "effects": [],
  "sort": 0,
  "ownership": {
    "default": 0,
    "zzaXLX6rQo9UZdTe": 3
  },
  "flags": {},
  "_stats": {
    "compendiumSource": null,
    "duplicateSource": null,
    "coreVersion": "13.346",
    "systemId": "vtm5e",
    "systemVersion": "5.0.11",
    "createdTime": 1745735182706,
    "modifiedTime": 1753740584196,
    "lastModifiedBy": "zzaXLX6rQo9UZdTe",
    "exportSource": null
  },
  "_key": "!items!gyhnOSNiYqmWRLHT"
}