{
  "folder": "zQVeuZtYSmq00SJJ",
  "name": "Примусити",
  "type": "power",
  "_id": "gyhnOSNiYqmWRLHT",
  "img": "modules/vampire-the-masquerade-5e-compendium-ukr/packs/assets/330px-Dominate_symbol.png",
  "system": {
    "description": "<p>За допомогою зорового контакту вампір може дати жертві команду на одну дію, не довшу за коротке речення, яку потрібно виконати буквально. Команду має бути можливо виконати за один хід. Оповідач вирішує, чи інтерпретувати неоднозначні команди несподіваним або несприятливим чином; в іншому випадку команда просто збиває жертву з пантелику і не спрацьовує.</p><p>■ Вартість: Безкоштовно</p><p>■ Пули кубиків: Харизма + Домінування проти Інтелект + Зосередженість</p><p>■ Система: Проти непідготовленої смертної жертви кидок не потрібен. Командування жертвою, що чинить опір, жертвою, яку вампір раніше Домінував у тій же сцені, або іншим вампіром вимагає змагання Харизма + Домінування проти Інтелект + Зосередженість. Команди, що суперечать природі жертви, також вимагають такого змагання.</p><p>■ Тривалість: Не більше однієї сцени</p>",
    "bonuses": [],
    "discipline": "dominate",
    "duration": "",
    "level": 1,
    "dicepool": {
      "EWyUZHjW": {
        "path": "attributes.charisma"
      },
      "LY2310f2": {
        "path": "disciplines.dominate"
      }
    },
    "cost": null,
    "gamesystem": "vampire",
    "macroid": ""
  },
  "effects": [],
  "sort": 0,
  "ownership": {
    "default": 0,
    "zzaXLX6rQo9UZdTe": 3
  },
  "flags": {},
  "_stats": {
    "compendiumSource": null,
    "duplicateSource": null,
    "coreVersion": "13.346",
    "systemId": "vtm5e",
    "systemVersion": "5.0.11",
    "createdTime": 1745735182706,
    "modifiedTime": 1753740584196,
    "lastModifiedBy": "zzaXLX6rQo9UZdTe",
    "exportSource": null
  },
  "_key": "!items!gyhnOSNiYqmWRLHT"
}