{
  "folder": "iznW7TmLfNnhTw0g",
  "name": "Приховувати",
  "type": "power",
  "_id": "krXsNDqixwKgjMXy",
  "img": "modules/vampire-the-masquerade-5e-compendium-ukr/packs/assets/330px-Obfuscate_symbol.png",
  "system": {
    "description": "<p>■ Амальгама: Провидіння 3 </p><p>Ця здатність дозволяє користувачеві приховати неживий об'єкт, як-от двері, автомобіль чи невеликий будинок. Як і інші сили Затемнення, вона не робить об'єкт невидимим у прямому сенсі, а створює тривалий гіпнотичний ефект, який змушує більшість людей просто ігнорувати його. У цьому випадку сила є особливо ефективною, з огляду на те, що об'єкт навряд чи приверне до себе увагу. Якщо щось не змусить перехожих зіткнутися з ним або хтось на нього не вкаже, люди поводяться так, ніби об'єкта там немає, за потреби оминаючи більші об'єкти.</p><p>■ Вартість: Одна перевірка пробудження </p><p>■ Дайс-пули: Інтелект + Затемнення </p><p>■ Система: Вампір торкається об'єкта і робить перевірку Інтелект + Затемнення проти Складності від 2 (приховати перстень у шухляді, повній інших пам'ятних речей) до 6 (приховати будинок посеред відкритої площі), залежно від розміру та розташування цілі. Сила діє одну ніч. Кожен додатковий успіх приховує об'єкт ще на одну ніч. Ця сила приховує будь-кого і будь-що всередині об'єкта (наприклад, людей в автомобілі або сараї), доки спостерігач залишається ззовні. Ця сила не може впливати на щось більше за двоповерховий будинок або на будь-який об'єкт, що рухається самостійно (наприклад, автомобіль у русі). Хтось із силою Провидіння «Відчуття невидимого» (або її еквівалентом) може помітити об'єкт, вигравши протистояння Кмітливість + Провидіння проти Інтелект + Затемнення користувача. </p><p>■ Тривалість: Одна ніч, плюс одна ніч за кожен додатковий успіх.</p><p></p>",
    "bonuses": [],
    "discipline": "obfuscate",
    "duration": "",
    "level": 4,
    "dicepool": {
      "h254M8et": {
        "path": "attributes.intelligence"
      },
      "7xLkJGPz": {
        "path": "disciplines.obfuscate"
      }
    },
    "cost": 1,
    "gamesystem": "vampire",
    "macroid": ""
  },
  "effects": [],
  "sort": 0,
  "ownership": {
    "default": 0,
    "zzaXLX6rQo9UZdTe": 3
  },
  "flags": {},
  "_stats": {
    "compendiumSource": null,
    "duplicateSource": null,
    "coreVersion": "13.346",
    "systemId": "vtm5e",
    "systemVersion": "5.0.11",
    "createdTime": 1745735184863,
    "modifiedTime": 1753740725642,
    "lastModifiedBy": "zzaXLX6rQo9UZdTe",
    "exportSource": null
  },
  "_key": "!items!krXsNDqixwKgjMXy"
}