{
  "folder": "iznW7TmLfNnhTw0g",
  "name": "Приховати",
  "type": "power",
  "_id": "krXsNDqixwKgjMXy",
  "img": "modules/vampire-the-masquerade-5e-compendium-ukr/packs/assets/330px-Obfuscate_symbol.png",
  "system": {
    "description": "<p>■ Амальгама: Ауспекс 3 </p><p>Ця здатність дозволяє користувачеві приховати неживий об'єкт, такий як двері, автомобіль або невеликий будинок. Як і в інших силах Обфускації, це не робить об'єкт невидимим, а створює тривалий гіпнотичний ефект, який змушує більшість людей просто ігнорувати його. У цьому випадку сила особливо ефективна, оскільки об'єкт навряд чи приверне до себе увагу. Якщо щось не змусить перехожих зіткнутися з ним або хтось не вкаже на нього, люди поводяться так, ніби об'єкта немає, обходячи більші об'єкти за потреби.</p><p>■ Вартість: Одна Перевірка Збудження </p><p>■ Пули кубиків: Інтелект + Обфускація </p><p>■ Система: Вампір торкається об'єкта і робить перевірку Інтелект + Обфускація проти Складності від 2 (Приховати перстень у шухляді, повній інших пам'ятних речей) до 6 (Приховати будинок посеред відкритої площі), залежно від розміру та розташування цілі. Сила діє одну ніч. Кожен пункт різниці при перемозі приховує об'єкт на додаткову ніч. Ця сила приховує будь-кого і будь-що всередині об'єкта (наприклад, людей в автомобілі або сараї), поки глядач залишається зовні. Ця сила не може впливати на щось більше за двоповерховий будинок або на будь-який об'єкт, що рухається власною силою (наприклад, рухомий автомобіль). Хтось із силою Ауспекс Відчути Невидиме (або еквівалентною) може помітити об'єкт, вигравши змагання Кмітливість + Ауспекс проти Інтелект + Обфускація користувача. </p><p>■ Тривалість: Одна ніч, з додатковою ніччю за кожен пункт різниці при перемозі.</p><p></p>",
    "bonuses": [],
    "discipline": "obfuscate",
    "duration": "",
    "level": 4,
    "dicepool": {
      "h254M8et": {
        "path": "attributes.intelligence"
      },
      "7xLkJGPz": {
        "path": "disciplines.obfuscate"
      }
    },
    "cost": 1,
    "gamesystem": "vampire",
    "macroid": ""
  },
  "effects": [],
  "sort": 0,
  "ownership": {
    "default": 0,
    "zzaXLX6rQo9UZdTe": 3
  },
  "flags": {},
  "_stats": {
    "compendiumSource": null,
    "duplicateSource": null,
    "coreVersion": "13.346",
    "systemId": "vtm5e",
    "systemVersion": "5.0.11",
    "createdTime": 1745735184863,
    "modifiedTime": 1753740725642,
    "lastModifiedBy": "zzaXLX6rQo9UZdTe",
    "exportSource": null
  },
  "_key": "!items!krXsNDqixwKgjMXy"
}