{
  "folder": "EVYSH77BrZNP1q3W",
  "name": "Корозійне Віта",
  "type": "power",
  "_id": "mDJ8uXmOcSZh3jZa",
  "img": "modules/vampire-the-masquerade-5e-compendium-ukr/packs/assets/330px-Blood_Sorcery_symbol.png",
  "system": {
    "description": "<p>Змінюючи властивості частини своєї власної Крові, користувач може зробити її надзвичайно корозійною для мертвих речовин, здатною роз'їсти більшість предметів до пароподібного шламу, за умови достатнього часу та пролитої Крові.</p><p>■ Вартість: Одна або більше Перевірок Збудження</p><p>■ Система: Додатковий кидок навички не потрібен. Користувач концентрується протягом ходу і випускає Кров через відкриту, зазвичай самостійно нанесену, рану. Потім користувач проливає свою Кров на неживий об'єкт (крім неживої плоті, такої як у Кревних), щоб роз'їсти та розкласти його. Кожна Перевірка Збудження роз'їдає приблизно 35 см матерії в усіх напрямках від бризок; це займає приблизно п'ять хвилин (довше на м'яких металах, таких як мідь або чавун). Твердіші метали, такі як сплави та сталь, лише покриваються подряпинами та ямками; чи вони значно ослабнуть, залишається на розсуд Оповідача. (Ця сила може роз'їсти ланцюги наручників за достатнього часу та віта.)</p><p>■ Тривалість: Н/Д</p>",
    "bonuses": [],
    "discipline": "sorcery",
    "duration": "",
    "level": 1,
    "dicepool": {},
    "cost": 1,
    "gamesystem": "vampire",
    "macroid": ""
  },
  "effects": [],
  "sort": 0,
  "ownership": {
    "default": 0,
    "zzaXLX6rQo9UZdTe": 3
  },
  "flags": {},
  "_stats": {
    "compendiumSource": null,
    "duplicateSource": null,
    "coreVersion": "13.346",
    "systemId": "vtm5e",
    "systemVersion": "5.0.11",
    "createdTime": 1745735180957,
    "modifiedTime": 1753740475776,
    "lastModifiedBy": "zzaXLX6rQo9UZdTe",
    "exportSource": null
  },
  "_key": "!items!mDJ8uXmOcSZh3jZa"
}