{
  "folder": "EVYSH77BrZNP1q3W",
  "name": "Роз'їдливе життя",
  "type": "power",
  "_id": "mDJ8uXmOcSZh3jZa",
  "img": "modules/vampire-the-masquerade-5e-compendium-ukr/packs/assets/330px-Blood_Sorcery_symbol.png",
  "system": {
    "description": "<p>Змінюючи властивості частини своєї Крові, користувач може зробити її надзвичайно їдкою для неживих речовин, що дозволяє роз'їсти більшість предметів до паруючого шламу за умови достатньої кількості часу та пролитої Крові.</p><p>■ Вартість: Одна або більше Перевірок Пробудження</p><p>■ Система: Додатковий кидок на навичку не потрібен. Користувач концентрується протягом одного ходу і виштовхує Кров через відкриту, зазвичай самостійно завдану, рану. Потім користувач проливає свою Кров на неживий об'єкт (за винятком неживої плоті, як-от у Сородичів), щоб роз'їсти та розкласти його. Кожна Перевірка Пробудження роз'їдає приблизно 35 см матерії в усіх напрямках від бризку; це займає приблизно п'ять хвилин (довше для м'яких металів, як-от мідь чи чавун). Твердіші метали, такі як сплави та сталь, лише покриваються рубцями та вибоїнами; чи вони значно ослабнуть, залишається на розсуд Оповідача. (Ця здатність може роз'їсти ланцюг наручників за умови достатньої кількості часу та віте.)</p><p>■ Тривалість: Не застосовується</p>",
    "bonuses": [],
    "discipline": "sorcery",
    "duration": "",
    "level": 1,
    "dicepool": {},
    "cost": 1,
    "gamesystem": "vampire",
    "macroid": ""
  },
  "effects": [],
  "sort": 0,
  "ownership": {
    "default": 0,
    "zzaXLX6rQo9UZdTe": 3
  },
  "flags": {},
  "_stats": {
    "compendiumSource": null,
    "duplicateSource": null,
    "coreVersion": "13.346",
    "systemId": "vtm5e",
    "systemVersion": "5.0.11",
    "createdTime": 1745735180957,
    "modifiedTime": 1753740475776,
    "lastModifiedBy": "zzaXLX6rQo9UZdTe",
    "exportSource": null
  },
  "_key": "!items!mDJ8uXmOcSZh3jZa"
}