{
  "folder": "C4M7AzXjgkD9PLDN",
  "name": "Створити кров'яний камінь",
  "type": "power",
  "_id": "C0iwLjySwTL8LxSQ",
  "img": "modules/vampire-the-masquerade-5e-compendium-ukr/packs/assets/330px-Blood_Sorcery_symbol.png",
  "system": {
    "description": "<p>Цей Ритуал створює Кривавий камінь — магічний відстежувач, напрямок і приблизну відстань до якого заклинач завжди знає. Оскільки Камарилья відмовляється від сучасних технологій, цей раніше знехтуваний Ритуал знову набув популярності.</p><p>■ Інгредієнти: Камінчик залізної руди або маленький магніт і літр крові будь-якого походження у срібній чаші.</p><p>■ Процес: Заклинач проливає свою Кров у чашу з кров'ю, а потім протягом години читає над нею замовляння, повторюючи його дві наступні ночі. Протягом трьох ночей камінчик (або магніт) вбирає кров; у разі успішного завершення ритуалу рідина стає напівпрозорою.</p><p>■ Система: Зробіть кидок Ритуалу наприкінці третьої ночі. У разі успіху заклинач налаштовує свій розум на Кривавий камінь. Заклинач може безпомилково відчувати напрямок і відстань до каменя. Цей ефект триває, доки Кривавий камінь не буде знищено або доки не мине тиждень. Заклинач може мати й відстежувати кількість каменів, що не перевищує його Рішучості.</p>",
    "bonuses": [],
    "discipline": "rituals",
    "duration": "",
    "level": 1,
    "dicepool": {},
    "cost": null,
    "gamesystem": "vampire",
    "macroid": ""
  },
  "effects": [],
  "sort": 0,
  "ownership": {
    "default": 0,
    "zzaXLX6rQo9UZdTe": 3
  },
  "flags": {},
  "_stats": {
    "compendiumSource": null,
    "duplicateSource": null,
    "coreVersion": "13.346",
    "systemId": "vtm5e",
    "systemVersion": "5.0.11",
    "createdTime": 1745735189773,
    "modifiedTime": 1753740943796,
    "lastModifiedBy": "zzaXLX6rQo9UZdTe",
    "exportSource": null
  },
  "_key": "!items!C0iwLjySwTL8LxSQ"
}