{
  "folder": "C4M7AzXjgkD9PLDN",
  "name": "Створення Кривавого Каменя",
  "type": "power",
  "_id": "C0iwLjySwTL8LxSQ",
  "img": "modules/vampire-the-masquerade-5e-compendium-ukr/packs/assets/330px-Blood_Sorcery_symbol.png",
  "system": {
    "description": "<p>Цей Ритуал створює Кривавий Камінь, магічний трекер, напрямок до якого, а також загальну відстань, виконавець завжди знає. Оскільки Камарилья відходить від сучасних технологій, цей раніше занедбаний Ритуал знову набуває популярності. </p><p>■ Інгредієнти: Камінчик залізної руди або невеликий магніт та літр крові з будь-якого джерела у срібній мисці </p><p>■ Процес: Користувач проливає свою Кров у кров у мисці, а потім протягом години читає над нею заклинання, повторюючи його протягом наступних двох ночей. Камінчик (або магніт) вбирає кров протягом трьох ночей; після успішного завершення рідина стає прозорою. </p><p>■ Система: Зробіть кидок Ритуалу наприкінці третьої ночі. У разі перемоги виконавець налаштовує свій розум на Кривавий Камінь. Виконавець може безпомилково відчувати напрямок і відстань до каменя. Цей ефект триває, доки Кривавий Камінь не буде знищено або не мине тиждень. Виконавець може мати та відстежувати кількість каменів, що дорівнює його Зосередженості.</p>",
    "bonuses": [],
    "discipline": "rituals",
    "duration": "",
    "level": 1,
    "dicepool": {},
    "cost": null,
    "gamesystem": "vampire",
    "macroid": ""
  },
  "effects": [],
  "sort": 0,
  "ownership": {
    "default": 0,
    "zzaXLX6rQo9UZdTe": 3
  },
  "flags": {},
  "_stats": {
    "compendiumSource": null,
    "duplicateSource": null,
    "coreVersion": "13.346",
    "systemId": "vtm5e",
    "systemVersion": "5.0.11",
    "createdTime": 1745735189773,
    "modifiedTime": 1753740943796,
    "lastModifiedBy": "zzaXLX6rQo9UZdTe",
    "exportSource": null
  },
  "_key": "!items!C0iwLjySwTL8LxSQ"
}