{
  "folder": "mwCJW1gqa3zwTmF5",
  "name": "Поклик Дагона",
  "type": "power",
  "_id": "e8BFiWAIm4AbZ2PL",
  "img": "modules/vampire-the-masquerade-5e-compendium-ukr/packs/assets/330px-Blood_Sorcery_symbol.png",
  "system": {
    "description": "<p>Жахлива техніка, яку використовують ассасини Бану Хакім, цей Ритуал дозволяє користувачеві розривати кровоносні судини жертви на відстані, лише коротко торкнувшись її раніше. Смертні помирають досить брудно, і навіть вампіри повинні боятися цього тихого вбивці.</p><p>■ Інгредієнти: Церемоніальний кинджал з золотою інкрустацією</p><p>■ Процес: Перед проведенням ритуалу жертва повинна бути піддана впливу Крові виконавця, або випивши її, або доторкнувшись до відкритої рани чи навіть до голої шкіри: достатньо однієї краплі, розмазаної по руці. Через годину, але не пізніше ніж через тиждень, виконавець може провести ритуал, проколовши власну шкіру церемоніальним кинджалом, проливаючи кров. Коли його Кров торкається землі, ритуал набуває чинності.</p><p>■ Система: Зробіть кидок Зосередженість + Кривава Магія проти Витривалість + Зосередженість. Кожен пункт різниці при перемозі завдає один пункт ушкодження жертві, оскільки її кровоносні судини лопаються, а легені наповнюються кров'ю. Це ушкодження є Агравованим для смертних, але лише Поверхневим для вампірів. Виконавець може повторити цей процес ще до двох разів, кожен раз вимагаючи від нього зробити додаткову Перевірку Збудження.</p>",
    "bonuses": [],
    "discipline": "rituals",
    "duration": "",
    "level": 3,
    "dicepool": {},
    "cost": null,
    "gamesystem": "vampire",
    "macroid": ""
  },
  "effects": [],
  "sort": 0,
  "ownership": {
    "default": 0,
    "zzaXLX6rQo9UZdTe": 3
  },
  "flags": {},
  "_stats": {
    "compendiumSource": null,
    "duplicateSource": null,
    "coreVersion": "13.346",
    "systemId": "vtm5e",
    "systemVersion": "5.0.11",
    "createdTime": 1745735189773,
    "modifiedTime": 1753740975625,
    "lastModifiedBy": "zzaXLX6rQo9UZdTe",
    "exportSource": null
  },
  "_key": "!items!e8BFiWAIm4AbZ2PL"
}