{
  "folder": "mwCJW1gqa3zwTmF5",
  "name": "Поклик Дагона",
  "type": "power",
  "_id": "e8BFiWAIm4AbZ2PL",
  "img": "modules/vampire-the-masquerade-5e-compendium-ukr/packs/assets/330px-Blood_Sorcery_symbol.png",
  "system": {
    "description": "<p>Жахлива техніка, яку використовують асасини Бану Хакім, цей ритуал дозволяє користувачеві розривати кровоносні судини жертви на відстані, лише ненадовго торкнувшись її раніше. Смертні гинуть у кривавому безладі, і навіть вампіри повинні боятися цього мовчазного вбивці.</p><p>■ Інгредієнти: Церемоніальний кинджал, інкрустований золотом</p><p>■ Процес: Перед проведенням ритуалу жертва повинна зазнати впливу крові чаклуна: випити її або допустити її контакт із відкритою раною чи навіть голою шкірою — достатньо однієї краплі, розмазаної по руці. Через годину, але не пізніше, ніж за тиждень, чаклун може провести ритуал, проколовши власну шкіру церемоніальним кинджалом і проливши кров. Ритуал починає діяти, щойно його кров торкається землі.</p><p>■ Система: Зробіть кидок Рішучість + Криваве Чаклунство проти Витривалість + Рішучість. Кожен пункт переваги у разі перемоги завдає жертві один пункт шкоди, оскільки її кровоносні судини розриваються, а легені наповнюються кров'ю. Ця шкода є Агрованою для смертних, але лише Поверхневою для вампірів. Чаклун може повторити цей процес ще до двох разів, щоразу вимагаючи від нього додаткової Перевірки Пробудження.</p>",
    "bonuses": [],
    "discipline": "rituals",
    "duration": "",
    "level": 3,
    "dicepool": {},
    "cost": null,
    "gamesystem": "vampire",
    "macroid": ""
  },
  "effects": [],
  "sort": 0,
  "ownership": {
    "default": 0,
    "zzaXLX6rQo9UZdTe": 3
  },
  "flags": {},
  "_stats": {
    "compendiumSource": null,
    "duplicateSource": null,
    "coreVersion": "13.346",
    "systemId": "vtm5e",
    "systemVersion": "5.0.11",
    "createdTime": 1745735189773,
    "modifiedTime": 1753740975625,
    "lastModifiedBy": "zzaXLX6rQo9UZdTe",
    "exportSource": null
  },
  "_key": "!items!e8BFiWAIm4AbZ2PL"
}