{
  "folder": "NjCpH5FkFKuYKwDg",
  "name": "Захист Священної Гавані",
  "type": "power",
  "_id": "uASUntSIRrTfaDkS",
  "img": "modules/vampire-the-masquerade-5e-compendium-ukr/packs/assets/330px-Blood_Sorcery_symbol.png",
  "system": {
    "description": "<p>Виконавець цього могутнього ритуалу може захистити своє пристановище від самого сонця, вберігаючи місце свого спочинку від проникнення його згубних променів, оскільки містична темрява огортає цю територію.</p><p>■ Інгредієнти: Нічого, крім Крові чаклуна</p><p>■ Процес: Чаклун креслить низку сигілів та гліфів на території, що захищається, та навколо неї. Він мусить бути особливо уважним біля вікон та дверей, але може захистити навіть відчинені двері, якщо територія знаходиться в приміщенні. (Ритуал захищає сірі або лімінальні зони, наприклад, руїни, на розсуд Оповідача.)</p><p>■ Система: Процес займає годину або більше, залежно від стану території, що захищається. Територія не може бути більшою за коло радіусом шість метрів. Ритуал автоматично провалюється, якщо чаклун виходить за межі території в будь-який час після завершення захисту. Чаклун робить кидок на Ритуал, щойно сходить сонце. У разі перемоги тінь огортає територію, закриваючи будь-який вид назовні, а також запобігаючи будь-якій шкоді від сонця вампірам усередині. У разі критичної перемоги ті, хто всередині, можуть тьмяно бачити зовнішній світ. Ритуал триває цілий день, якщо його не перерве чаклун, вийшовши за межі території.</p>",
    "bonuses": [],
    "discipline": "rituals",
    "duration": "",
    "level": 4,
    "dicepool": {},
    "cost": null,
    "gamesystem": "vampire",
    "macroid": ""
  },
  "effects": [],
  "sort": 0,
  "ownership": {
    "default": 0,
    "zzaXLX6rQo9UZdTe": 3
  },
  "flags": {},
  "_stats": {
    "compendiumSource": null,
    "duplicateSource": null,
    "coreVersion": "13.346",
    "systemId": "vtm5e",
    "systemVersion": "5.0.11",
    "createdTime": 1745735189773,
    "modifiedTime": 1753740998539,
    "lastModifiedBy": "zzaXLX6rQo9UZdTe",
    "exportSource": null
  },
  "_key": "!items!uASUntSIRrTfaDkS"
}