{
  "folder": "NjCpH5FkFKuYKwDg",
  "name": "Захист Священного Притулку",
  "type": "power",
  "_id": "uASUntSIRrTfaDkS",
  "img": "modules/vampire-the-masquerade-5e-compendium-ukr/packs/assets/330px-Blood_Sorcery_symbol.png",
  "system": {
    "description": "<p>Виконавець цього потужного ритуалу може захистити свій притулок від самого сонця, оберігаючи своє місце відпочинку від проникнення його руйнівних променів, оскільки містична темрява огортає територію.</p><p>■ Інгредієнти: Лише Кров виконавця</p><p>■ Процес: Виконавець наносить низку символів та гліфів на та навколо території, яку потрібно захистити. Він повинен бути особливо обережним з вікнами та дверними прорізами, але може захистити навіть відкритий дверний проріз, якщо територія знаходиться в приміщенні. (Ритуал захищає сірі або лімінальні зони, такі як руїни, на розсуд Оповідача.)</p><p>■ Система: Процес займає годину або більше, залежно від стану території, яку потрібно захистити. Територія не може бути більшою за коло з радіусом шість метрів. Ритуал автоматично провалюється, якщо виконавець виходить за межі території в будь-який час після завершення захисту. Виконавець робить кидок Ритуалу, як тільки сходить сонце. У разі перемоги, тінь огортає територію, закриваючи будь-який вид назовні, але також запобігаючи будь-яким сонячним ушкодженням вампірам всередині. У разі критичної перемоги, ті, хто всередині, можуть тьмяно бачити зовнішній світ. Ритуал триває протягом усього дня, якщо не буде припинений виходом виконавця за межі території.</p>",
    "bonuses": [],
    "discipline": "rituals",
    "duration": "",
    "level": 4,
    "dicepool": {},
    "cost": null,
    "gamesystem": "vampire",
    "macroid": ""
  },
  "effects": [],
  "sort": 0,
  "ownership": {
    "default": 0,
    "zzaXLX6rQo9UZdTe": 3
  },
  "flags": {},
  "_stats": {
    "compendiumSource": null,
    "duplicateSource": null,
    "coreVersion": "13.346",
    "systemId": "vtm5e",
    "systemVersion": "5.0.11",
    "createdTime": 1745735189773,
    "modifiedTime": 1753740998539,
    "lastModifiedBy": "zzaXLX6rQo9UZdTe",
    "exportSource": null
  },
  "_key": "!items!uASUntSIRrTfaDkS"
}