{
  "folder": "mwCJW1gqa3zwTmF5",
  "name": "Відхилення Дерев'яних Дверей",
  "type": "power",
  "_id": "r1a89eztdu9w5rcB",
  "img": "modules/vampire-the-masquerade-5e-compendium-ukr/packs/assets/330px-Blood_Sorcery_symbol.png",
  "system": {
    "description": "<p>Виконуючи цей ритуал, вампір захищає себе від проколу кілком. Перший кілок, який мав би пробити його серце, розбивається, не проникаючи крізь шкіру. </p><p>■ Інгредієнти: Дерев'яні тріски або стружка</p><p>■ Процес: Вампір змішує стружку зі своєю Кров'ю і малює навколо себе коло. Потім він повинен медитувати в цьому колі протягом години, завершуючи, поклавши одну тріску під язик. </p><p>■ Система: Не робіть кидок Ритуалу, доки вампіра не спробують проколоти кілком. Якщо кидок Ритуалу є перемогою, кілок розбивається, торкаючись шкіри вампіра. (Критична перемога засліплює нападника на два ходи, обсипаючи його обличчя трісками.) Це працює лише при справжніх спробах проколу - просте притискання кілка до вампіра не активує ефект. Захист триває до кінця ночі або доки тріска не буде видалена з-під язика вампіра, залежно від того, що настане раніше.</p>",
    "bonuses": [],
    "discipline": "rituals",
    "duration": "",
    "level": 3,
    "dicepool": {},
    "cost": null,
    "gamesystem": "vampire",
    "macroid": ""
  },
  "effects": [],
  "sort": 0,
  "ownership": {
    "default": 0,
    "zzaXLX6rQo9UZdTe": 3
  },
  "flags": {},
  "_stats": {
    "compendiumSource": null,
    "duplicateSource": null,
    "coreVersion": "13.346",
    "systemId": "vtm5e",
    "systemVersion": "5.0.11",
    "createdTime": 1745735189773,
    "modifiedTime": 1753740979650,
    "lastModifiedBy": "zzaXLX6rQo9UZdTe",
    "exportSource": null
  },
  "_key": "!items!r1a89eztdu9w5rcB"
}