{
  "folder": "mwCJW1gqa3zwTmF5",
  "name": "Прогин дерев'яних дверей",
  "type": "power",
  "_id": "r1a89eztdu9w5rcB",
  "img": "modules/vampire-the-masquerade-5e-compendium-ukr/packs/assets/330px-Blood_Sorcery_symbol.png",
  "system": {
    "description": "<p>Виконуючи цей ритуал, вампір захищає себе від протикання кілком. Перший кілок, що мав би пронизати його серце, розлітається на друзки, не встигнувши пробити шкіру.</p><p>■ Інгредієнти: Дерев'яні тріски або стружка</p><p>■ Процес: Вампір змішує стружку зі своєю Кров'ю і креслить коло навколо себе. Потім він мусить медитувати в цьому колі протягом години, а наприкінці — покласти одну дерев'яну тріску собі під язик.</p><p>■ Система: Не робіть кидок на Ритуал, доки вампіра не спробують пробити кілком. Якщо кидок на Ритуал успішний, кілок розлітається на друзки, щойно торкнувшись шкіри вампіра. (Критичний успіх засліплює нападника на два ходи, засипавши його обличчя скалками.) Це спрацьовує лише при справжній спробі пробити серце кілком — просте притискання кілка до вампіра не активує ефект. Захист діє до кінця ночі або доки тріску не буде вийнято з-під язика вампіра — залежно від того, що станеться раніше.</p>",
    "bonuses": [],
    "discipline": "rituals",
    "duration": "",
    "level": 3,
    "dicepool": {},
    "cost": null,
    "gamesystem": "vampire",
    "macroid": ""
  },
  "effects": [],
  "sort": 0,
  "ownership": {
    "default": 0,
    "zzaXLX6rQo9UZdTe": 3
  },
  "flags": {},
  "_stats": {
    "compendiumSource": null,
    "duplicateSource": null,
    "coreVersion": "13.346",
    "systemId": "vtm5e",
    "systemVersion": "5.0.11",
    "createdTime": 1745735189773,
    "modifiedTime": 1753740979650,
    "lastModifiedBy": "zzaXLX6rQo9UZdTe",
    "exportSource": null
  },
  "_key": "!items!r1a89eztdu9w5rcB"
}