{
  "folder": "21ET2rjQl0tVIxcC",
  "name": "Розфракціонувати",
  "type": "power",
  "_id": "7kiC8h5t2VIP1ql7",
  "img": "modules/vampire-the-masquerade-5e-compendium-ukr/packs/assets/330px-Alchemy_symbol.png",
  "system": {
    "description": "<p>За цією формулою виходить гомеопатичний еліксир. При додаванні до фракціонованої донорської крові еліксир повертає їй свіжість, що дозволяє вампірам без переваги «Залізний шлунок» отримувати з неї поживу.</p><p>■ Інгредієнти: Кров алхіміка, сангвінічна та меланхолічна людська кров, людська кров О-негативної групи (лише кілька мл), запліснявілий шпинат, гаряча чорна кава, октаноат натрію.</p><p>■ Система: Алхімік використовує свою посудину (Кальцинаціо) або власну вену (Атанор Корпоріс), щоб отримати еліксир «Дефракціонат», якщо не застосовує Фіксаціо. За кожен успіх при кидку на дистиляцію він отримує достатньо еліксиру, щоб перетворити один пакет крові (втамовує 1 Голод) з фракціонованої на нефракціоновану. Будь-який вампір може споживати цю кров і втамовувати нею Голод.</p><p>■ Атанор Корпоріс: Алхімік може брати цей еліксир із власної вени раз на ніч до наступного годування або доки не досягне 5 рівня Голоду. Йому не потрібно знову сплачувати вартість дистиляції.</p><p>■ Кальцинаціо: Якщо посудина переживе процедуру, алхімік може знову скористатися нею через тиждень, щоб отримати ще еліксиру. Йому не потрібно знову сплачувати вартість дистиляції, але посудина платить ціною здоров'я (3 агравованих ушкодження) кожного разу, коли її використовують.</p>",
    "bonuses": [],
    "discipline": "alchemy",
    "duration": "",
    "level": 3,
    "dicepool": {},
    "cost": null,
    "gamesystem": "vampire",
    "macroid": ""
  },
  "effects": [],
  "sort": 0,
  "ownership": {
    "default": 0,
    "zzaXLX6rQo9UZdTe": 3
  },
  "flags": {},
  "_stats": {
    "compendiumSource": null,
    "duplicateSource": null,
    "coreVersion": "13.346",
    "systemId": "vtm5e",
    "systemVersion": "5.0.11",
    "createdTime": 1745735190439,
    "modifiedTime": 1753741405972,
    "lastModifiedBy": "zzaXLX6rQo9UZdTe",
    "exportSource": null
  },
  "_key": "!items!7kiC8h5t2VIP1ql7"
}