{
  "folder": "21ET2rjQl0tVIxcC",
  "name": "Дефракціонування",
  "type": "power",
  "_id": "7kiC8h5t2VIP1ql7",
  "img": "modules/vampire-the-masquerade-5e-compendium-ukr/packs/assets/330px-Alchemy_symbol.png",
  "system": {
    "description": "<p>Ця формула створює гомеопатичний еліксир. При додаванні до фракціонованої медичної крові, еліксир повертає їй свіжість, дозволяючи вампірам без переваги Залізний Ковток отримувати з неї поживу. </p><p>■ Інгредієнти: Кров алхіміка, сангвінічна та меланхолійна людська кров, людська кров O-негативної групи (лише кілька мл), пліснявий шпинат, гаряча чорна кава, октаноат натрію </p><p>■ Система: Алхімік використовує свою судину (Calcinatio) або власну вену (Athanor Corporis), щоб отримати еліксир Дефракціонування, якщо він не використовує Fixatio. За кожен успіх на кидку дистиляції він отримує достатньо еліксиру, щоб перетворити один пакет крові (втамовує 1 Голод) з фракціонованої на нефракціоновану кров. Будь-який вампір може споживати цю кров і втамовувати нею Голод. </p><p>■ Athanor Corporis: Алхімік може використовувати власну вену раз на ніч для цього еліксиру до наступного харчування, або доки його Голод не досягне 5. Йому не потрібно знову платити вартість дистиляції. </p><p>■ Calcinatio: Якщо судина виживає після використання, алхімік може використовувати її знову через тиждень для отримання ще еліксиру. Йому не потрібно знову платити вартість дистиляції, але судина платить вартість Здоров'я (3 Агравованих ушкодження) кожного разу, коли її використовують.</p>",
    "bonuses": [],
    "discipline": "alchemy",
    "duration": "",
    "level": 3,
    "dicepool": {},
    "cost": null,
    "gamesystem": "vampire",
    "macroid": ""
  },
  "effects": [],
  "sort": 0,
  "ownership": {
    "default": 0,
    "zzaXLX6rQo9UZdTe": 3
  },
  "flags": {},
  "_stats": {
    "compendiumSource": null,
    "duplicateSource": null,
    "coreVersion": "13.346",
    "systemId": "vtm5e",
    "systemVersion": "5.0.11",
    "createdTime": 1745735190439,
    "modifiedTime": 1753741405972,
    "lastModifiedBy": "zzaXLX6rQo9UZdTe",
    "exportSource": null
  },
  "_key": "!items!7kiC8h5t2VIP1ql7"
}