{
  "folder": "3qCaMjd7HicXuaed",
  "name": "Кинути виклик прокляттю",
  "type": "power",
  "_id": "WmN6ihALeDJVbY6C",
  "img": "modules/vampire-the-masquerade-5e-compendium-ukr/packs/assets/330px-Fortitude_symbol.png",
  "system": {
    "description": "<p>Підготувавшись за допомогою витрати сили, вампір може тимчасово стати стійким до вогню та сонячного світла, а також до інших тяжких ран, що загрожують йому Остаточною Смертю.</p><p>■ Вартість: Одна Перевірка Збудження</p><p>■ Пули кубиків: Кмітливість + Виживання (для рефлексивної активації)</p><p>■ Система: Користувач може перетворити кількість Агравованих ушкоджень, що дорівнює його рейтингу Стійкості, на Поверхневі ушкодження при їх отриманні. Він не може лікувати ці Поверхневі ушкодження до кінця сцени. Ця сила перетворює кількість ушкоджень за сцену, а не за рану чи за атаку. Користувач може поновити цю силу після її закінчення, зробивши ще одну Перевірку Збудження. Якщо небезпека виникає несподівано, користувач може рефлексивно активувати цю силу за допомогою кидка Кмітливість + Виживання (Складність 3) при отриманні Агравованого ушкодження. Якщо користувач провалює перевірку, сила не активується; якщо він виграє перевірку, він повинен зробити Перевірку Збудження, щоб заплатити за силу. </p><p>■ Тривалість: Одна сцена або до закінчення, залежно від того, що настане раніше</p>",
    "bonuses": [],
    "discipline": "fortitude",
    "duration": "",
    "level": 3,
    "dicepool": {
      "6t1W7ILI": {
        "path": "attributes.wits"
      },
      "UX2FYYs2": {
        "path": "skills.survival"
      }
    },
    "cost": null,
    "gamesystem": "vampire",
    "macroid": ""
  },
  "effects": [],
  "sort": 0,
  "ownership": {
    "default": 0,
    "zzaXLX6rQo9UZdTe": 3
  },
  "flags": {},
  "_stats": {
    "compendiumSource": null,
    "duplicateSource": null,
    "coreVersion": "13.346",
    "systemId": "vtm5e",
    "systemVersion": "5.0.11",
    "createdTime": 1745735183811,
    "modifiedTime": 1753740646872,
    "lastModifiedBy": "zzaXLX6rQo9UZdTe",
    "exportSource": null
  },
  "_key": "!items!WmN6ihALeDJVbY6C"
}