{
  "folder": "3qCaMjd7HicXuaed",
  "name": "Кинь виклик Бейну",
  "type": "power",
  "_id": "WmN6ihALeDJVbY6C",
  "img": "modules/vampire-the-masquerade-5e-compendium-ukr/packs/assets/330px-Fortitude_symbol.png",
  "system": {
    "description": "<p>Витративши силу на підготовку, вампір може тимчасово стати стійким до вогню та сонячного світла, а також до інших тяжких ран, що загрожують йому Остаточною Смертю.</p><p>■ Вартість: Одна Перевірка Пробудження</p><p>■ Дайс-пул: Кмітливість + Виживання (для рефлекторної активації)</p><p>■ Система: Користувач може перетворити кількість Агравованих ушкоджень, що дорівнює його показнику Стійкості, на Поверхневі ушкодження, коли їх отримує. Він не може зцілювати ці Поверхневі ушкодження до кінця сцени. Ця здатність перетворює певну кількість ушкоджень за сцену, а не за рану чи атаку. Користувач може поновити дію цієї здатності після її завершення, зробивши ще одну Перевірку Пробудження. У разі несподіваної небезпеки користувач може рефлекторно активувати цю здатність кидком Кмітливість + Виживання (складність 3) після отримання Агравованих ушкоджень. Якщо користувач провалює перевірку, здатність не активується; якщо він перемагає, то мусить зробити Перевірку Пробудження, щоб заплатити за здатність.</p><p>■ Тривалість: Одна сцена або доки не вичерпається, залежно від того, що настане раніше</p>",
    "bonuses": [],
    "discipline": "fortitude",
    "duration": "",
    "level": 3,
    "dicepool": {
      "6t1W7ILI": {
        "path": "attributes.wits"
      },
      "UX2FYYs2": {
        "path": "skills.survival"
      }
    },
    "cost": null,
    "gamesystem": "vampire",
    "macroid": ""
  },
  "effects": [],
  "sort": 0,
  "ownership": {
    "default": 0,
    "zzaXLX6rQo9UZdTe": 3
  },
  "flags": {},
  "_stats": {
    "compendiumSource": null,
    "duplicateSource": null,
    "coreVersion": "13.346",
    "systemId": "vtm5e",
    "systemVersion": "5.0.11",
    "createdTime": 1745735183811,
    "modifiedTime": 1753740646872,
    "lastModifiedBy": "zzaXLX6rQo9UZdTe",
    "exportSource": null
  },
  "_key": "!items!WmN6ihALeDJVbY6C"
}