{
  "folder": "r6CF90GrMhTKyVCo",
  "name": "Деменція",
  "type": "power",
  "_id": "yqx27v2VCeBK3zYp",
  "img": "modules/vampire-the-masquerade-5e-compendium-ukr/packs/assets/330px-Dominate_symbol.png",
  "system": {
    "description": "■ Амальґама: Затемнення 2\n\nЦя витончена здатність не вимагає нічого, окрім невимушеної розмови, оскільки підступний вплив вампіра ховається між рядками та в інтонаціях. Жертва стає дедалі збудженішою, бо її внутрішні демони виходять на поверхню, зрештою заглушаючи будь-який глузд і розсудливість.\n\n■ Ціна: Одна перевірка Пробудження за сцену\n\n■ Дайс-пули: Маніпуляція + Домінування проти Витримка + Інтелект\n\n■ Система: Після розмови з жертвою користувач може активувати цю здатність. Протягом сцени користувач може щоходу атакувати одну особу в протистоянні Маніпуляція + Домінування проти Витримка + Інтелект, завдаючи поверхневих ушкоджень Силі волі. Смертний, що зазнав Погіршення (Impaired) через цю здатність, переживає нервовий зрив або психотичний напад, форма і характер яких залежать від його особистості (і, можливо, від Резонансу його крові). Вампір, що зазнав Погіршення (Impaired) через цю здатність, повинен негайно піддатися Примусу, обраному користувачем здатності. Якщо користувач хоче вплинути на кількох жертв, він повинен зробити окрему перевірку Пробудження для кожної з них.\n\n■ Тривалість: Одна сцена.",
    "bonuses": [],
    "discipline": "dominate",
    "duration": "",
    "level": 2,
    "dicepool": {},
    "cost": 1,
    "gamesystem": "vampire",
    "macroid": ""
  },
  "effects": [],
  "sort": 0,
  "ownership": {
    "default": 0,
    "zzaXLX6rQo9UZdTe": 3
  },
  "flags": {},
  "_stats": {
    "compendiumSource": null,
    "duplicateSource": null,
    "coreVersion": "13.346",
    "systemId": "vtm5e",
    "systemVersion": "5.0.11",
    "createdTime": 1745735182706,
    "modifiedTime": 1753740587581,
    "lastModifiedBy": "zzaXLX6rQo9UZdTe",
    "exportSource": null
  },
  "_key": "!items!yqx27v2VCeBK3zYp"
}