{
  "folder": "r6CF90GrMhTKyVCo",
  "name": "Дерзання",
  "type": "power",
  "_id": "yqx27v2VCeBK3zYp",
  "img": "modules/vampire-the-masquerade-5e-compendium-ukr/packs/assets/330px-Dominate_symbol.png",
  "system": {
    "description": "<p>■ Амальгама: Обфускація 2</p><p>Ця тонка сила не вимагає нічого, крім невимушеної розмови, оскільки підступний вплив вампіра ховається між рядками та в інтонаціях. Жертва стає все більш збудженою, оскільки її внутрішні демони виходять на поверхню, врешті-решт заглушаючи будь-який глузд і логіку. ■ Вартість: Одна Перевірка Збудження за сцену </p><p>■ Пули кубиків: Маніпулювання + Домінування проти Стриманість + Інтелект </p><p>■ Система: Після розмови з жертвою користувач може активувати цю силу. Протягом сцени користувач може атакувати одну особу кожного ходу в конфлікті Маніпулювання + Домінування проти Стриманість + Інтелект, завдаючи Поверхневе ушкодження Силі Волі. Смертний, який стає Ослабленим цією силою, переживає нервовий зрив або психотичний напад, форма і природа якого залежать від його особистості (і, можливо, від Резонансу його крові). Вампір, який стає Ослабленим цією силою, повинен негайно піддатися Примусу, обраному користувачем сили. Якщо користувач хоче вплинути на кількох жертв, йому потрібно зробити окрему Перевірку Збудження для кожної з них. </p><p>■ Тривалість: Одна сцена.</p>",
    "bonuses": [],
    "discipline": "dominate",
    "duration": "",
    "level": 2,
    "dicepool": {},
    "cost": 1,
    "gamesystem": "vampire",
    "macroid": ""
  },
  "effects": [],
  "sort": 0,
  "ownership": {
    "default": 0,
    "zzaXLX6rQo9UZdTe": 3
  },
  "flags": {},
  "_stats": {
    "compendiumSource": null,
    "duplicateSource": null,
    "coreVersion": "13.346",
    "systemId": "vtm5e",
    "systemVersion": "5.0.11",
    "createdTime": 1745735182706,
    "modifiedTime": 1753740587581,
    "lastModifiedBy": "zzaXLX6rQo9UZdTe",
    "exportSource": null
  },
  "_key": "!items!yqx27v2VCeBK3zYp"
}