{
  "folder": "m3PZOdIjLPH0Fhlp",
  "name": "Зілля могутності",
  "type": "power",
  "_id": "towCVvghMLnPPYMP",
  "img": "modules/vampire-the-masquerade-5e-compendium-ukr/packs/assets/330px-Potence_symbol.png",
  "system": {
    "description": "<p>Кров вампіра насичується силою Могутності, передаючи частину цієї сили кожному, хто її вип'є. Це еквівалент Могутності для Ковтка Витонченості (стор. 254).</p><p>■ Вартість: Одна перевірка Пробудження</p><p>■ Система: Випивши крові на одну перевірку Пробудження безпосередньо з донора, питущий отримує тимчасову Могутність, що дорівнює половині крапок Могутності донора (округлено вниз). Він отримує ті ж самі сили, що й донор, до цього рівня.</p><p>■ Тривалість: Одна ніч; для вампірів — до наступного годування або доки вампір не досягне Голоду 5</p>",
    "bonuses": [],
    "discipline": "potence",
    "duration": "",
    "level": 4,
    "dicepool": {},
    "cost": 1,
    "gamesystem": "vampire",
    "macroid": ""
  },
  "effects": [],
  "sort": 0,
  "ownership": {
    "default": 0,
    "zzaXLX6rQo9UZdTe": 3
  },
  "flags": {},
  "_stats": {
    "compendiumSource": null,
    "duplicateSource": null,
    "coreVersion": "13.346",
    "systemId": "vtm5e",
    "systemVersion": "5.0.11",
    "createdTime": 1745735185972,
    "modifiedTime": 1753740791278,
    "lastModifiedBy": "zzaXLX6rQo9UZdTe",
    "exportSource": null
  },
  "_key": "!items!towCVvghMLnPPYMP"
}