{
  "folder": "kNpKEV8wMiCSKJyJ",
  "name": "Напій Витривалості",
  "type": "power",
  "_id": "pyYh72yD3Hm9D4V6",
  "img": "modules/vampire-the-masquerade-5e-compendium-ukr/packs/assets/330px-Fortitude_symbol.png",
  "system": {
    "description": "<p>Кров вампіра насичується силою Стійкості, передаючи частину цієї сили кожному, хто її п'є. Це еквівалент Напою Елегантності (стор. 254) для Стійкості. </p><p>■ Вартість: Одна Перевірка Збудження </p><p>■ Система: Випивання Крові вартістю в одну Перевірку Збудження безпосередньо від користувача дарує тому, хто п'є, тимчасову Стійкість, що дорівнює половині пунктів Стійкості (округлено вниз) донора. Той, хто п'є, отримує ті ж самі сили, що й у донора, до цього рівня. </p><p>■ Тривалість: Одна ніч; для вампірів, до наступного годування або доки вампір не досягне Голоду 5</p>",
    "bonuses": [],
    "discipline": "fortitude",
    "duration": "",
    "level": 4,
    "dicepool": {},
    "cost": 1,
    "gamesystem": "vampire",
    "macroid": ""
  },
  "effects": [],
  "sort": 0,
  "ownership": {
    "default": 0,
    "zzaXLX6rQo9UZdTe": 3
  },
  "flags": {},
  "_stats": {
    "compendiumSource": null,
    "duplicateSource": null,
    "coreVersion": "13.346",
    "systemId": "vtm5e",
    "systemVersion": "5.0.11",
    "createdTime": 1745735183811,
    "modifiedTime": 1753740654204,
    "lastModifiedBy": "zzaXLX6rQo9UZdTe",
    "exportSource": null
  },
  "_key": "!items!pyYh72yD3Hm9D4V6"
}