{
  "folder": "kNpKEV8wMiCSKJyJ",
  "name": "Зілля витривалості",
  "type": "power",
  "_id": "pyYh72yD3Hm9D4V6",
  "img": "modules/vampire-the-masquerade-5e-compendium-ukr/packs/assets/330px-Fortitude_symbol.png",
  "system": {
    "description": "<p>Кров вампіра насичується силою Стійкості, передаючи частину цієї сили будь-кому, хто її вип'є. Це аналог Зілля Витонченості (стор. 254) для дисципліни Стійкість.</p><p>■ Ціна: Одна перевірка Пробудження</p><p>■ Система: Випивання крові на одну перевірку Пробудження безпосередньо з користувача наділяє того, хто п'є, тимчасовою Стійкістю, що дорівнює половині значень Стійкості донора (із заокругленням униз). Той, хто п'є, отримує ті самі сили, що й у донора, аж до цього рівня.</p><p>■ Тривалість: Одна ніч; для вампірів — до наступного харчування або доки вампір не досягне 5-го рівня Голоду.</p>",
    "bonuses": [],
    "discipline": "fortitude",
    "duration": "",
    "level": 4,
    "dicepool": {},
    "cost": 1,
    "gamesystem": "vampire",
    "macroid": ""
  },
  "effects": [],
  "sort": 0,
  "ownership": {
    "default": 0,
    "zzaXLX6rQo9UZdTe": 3
  },
  "flags": {},
  "_stats": {
    "compendiumSource": null,
    "duplicateSource": null,
    "coreVersion": "13.346",
    "systemId": "vtm5e",
    "systemVersion": "5.0.11",
    "createdTime": 1745735183811,
    "modifiedTime": 1753740654204,
    "lastModifiedBy": "zzaXLX6rQo9UZdTe",
    "exportSource": null
  },
  "_key": "!items!pyYh72yD3Hm9D4V6"
}