{
  "folder": "YAw3AHg94WWbqCnY",
  "name": "Ковток елегантності",
  "type": "power",
  "_id": "6vuCIALreASFTSkL",
  "img": "modules/vampire-the-masquerade-5e-compendium-ukr/packs/assets/330px-Aclarity_symbol.png",
  "system": {
    "description": "Кров вампіра насичується силою Стрімкості, передаючи частину цієї сили кожному, хто її вип'є. Хоча це також є першим кроком до Кровних Уз, вже зв'язані раби чи слуги не надто переймаються такими турботами, і навіть незв'язані союзники можуть наважитися на ковток заради тимчасової сили.\n\n■ Ціна: Один Тест Пробудження\n\n■ Система: Випивши крові на один Тест Пробудження безпосередньо з донора, питущий отримує тимчасову Стрімкість, рівну половині крапок Стрімкості донора (заокруглено вниз). Питущий отримує ті самі сили, що й у донора (крім Амальгамних), до цього рівня.\n\n■ Тривалість: Одна ніч; для вампірів — до наступного годування або доки вампір не досягне Голоду 5.",
    "bonuses": [],
    "discipline": "celerity",
    "duration": "",
    "level": 4,
    "dicepool": {},
    "cost": 1,
    "gamesystem": "vampire",
    "macroid": ""
  },
  "effects": [],
  "sort": 0,
  "ownership": {
    "default": 0,
    "zzaXLX6rQo9UZdTe": 3
  },
  "flags": {},
  "_stats": {
    "compendiumSource": null,
    "duplicateSource": null,
    "coreVersion": "13.346",
    "systemId": "vtm5e",
    "systemVersion": "5.0.11",
    "createdTime": 1745735182035,
    "modifiedTime": 1753740551369,
    "lastModifiedBy": "zzaXLX6rQo9UZdTe",
    "exportSource": null
  },
  "_key": "!items!6vuCIALreASFTSkL"
}