{
  "folder": "pNBWmUGAz5N6bSRl",
  "name": "Витягування Звіра",
  "type": "power",
  "_id": "r3Y2aoiqYzCvNKZj",
  "img": "modules/vampire-the-masquerade-5e-compendium-ukr/packs/assets/330px-Animalism_symbol.png",
  "system": {
    "description": "<p>Вампір може проектувати свого Звіра в момент шаленства жаху або люті, переносячи його на найближчого суб'єкта, чи то смертного, чи вампіра. Ця людина негайно переживає шаленство замість нього, впадаючи в безжальну лють або тікаючи в жаху, залежно від причини. </p><p>■ Вартість: Одна Перевірка Збудження </p><p>■ Пули кубиків: Кмітливість + Анімалізм проти Стриманість + Зосередженість </p><p>■ Система: Замість кидка Сили Волі для опору шаленству жаху або люті, зробіть кидок Кмітливість + Анімалізм проти Стриманість + Зосередженість цілі. Якщо користувач провалює, він впадає в шаленство, ніби провалив кидок Сили Волі. У разі перемоги, ціль переживає це шаленство замість користувача. Пізніші стимули все ще можуть спровокувати шаленство у користувача, але він може використовувати цю силу, поки може робити Перевірки Збудження і доступні подальші цілі. Ця сила не може перенести шаленство голоду. </p><p>■ Тривалість: Тривалість шаленства (див. стор. 220)</p>",
    "bonuses": [],
    "discipline": "animalism",
    "duration": "",
    "level": 5,
    "dicepool": {
      "zsjEzrbk": {
        "path": "attributes.wits"
      },
      "j1o0kWC7": {
        "path": "disciplines.animalism"
      }
    },
    "cost": 1,
    "gamesystem": "vampire",
    "macroid": ""
  },
  "effects": [],
  "sort": 0,
  "ownership": {
    "default": 0,
    "zzaXLX6rQo9UZdTe": 3
  },
  "flags": {},
  "_stats": {
    "compendiumSource": null,
    "duplicateSource": null,
    "coreVersion": "13.346",
    "systemId": "vtm5e",
    "systemVersion": "5.0.11",
    "createdTime": 1745735176351,
    "modifiedTime": 1753740362146,
    "lastModifiedBy": "zzaXLX6rQo9UZdTe",
    "exportSource": null
  },
  "_key": "!items!r3Y2aoiqYzCvNKZj"
}