{
  "folder": "pNBWmUGAz5N6bSRl",
  "name": "Пробудження звіра",
  "type": "power",
  "_id": "r3Y2aoiqYzCvNKZj",
  "img": "modules/vampire-the-masquerade-5e-compendium-ukr/packs/assets/330px-Animalism_symbol.png",
  "system": {
    "description": "<p>Вампір може спроєктувати свого Звіра в момент шаленства жаху чи люті, переносячи його на найближчу особу — смертну чи вампіра. Ця особа негайно впадає в шаленство замість нього, влаштовуючи нещадну різанину або тікаючи в жаху, залежно від тригера.</p><p>■ Вартість: Одна Перевірка Пробудження</p><p>■ Кидки: Кмітливість + Анімалізм проти Самоконтроль + Рішучість</p><p>■ Механіка: Замість кидка Сили Волі для опору шаленству жаху чи люті, виконується протиставний кидок: Кмітливість + Анімалізм користувача проти Самоконтроль + Рішучість цілі. Якщо користувач програє, він впадає в шаленство так, наче провалив кидок Сили Волі. Якщо користувач виграє, ціль впадає в шаленство замість нього. Подальші подразники все ще можуть спровокувати шаленство в користувача, але він може використовувати цю здатність, доки може робити Перевірки Пробудження і доки є доступні цілі. Ця здатність не може перенести шаленство голоду.</p><p>■ Тривалість: Тривалість шаленства (див. с. 220)</p>",
    "bonuses": [],
    "discipline": "animalism",
    "duration": "",
    "level": 5,
    "dicepool": {
      "zsjEzrbk": {
        "path": "attributes.wits"
      },
      "j1o0kWC7": {
        "path": "disciplines.animalism"
      }
    },
    "cost": 1,
    "gamesystem": "vampire",
    "macroid": ""
  },
  "effects": [],
  "sort": 0,
  "ownership": {
    "default": 0,
    "zzaXLX6rQo9UZdTe": 3
  },
  "flags": {},
  "_stats": {
    "compendiumSource": null,
    "duplicateSource": null,
    "coreVersion": "13.346",
    "systemId": "vtm5e",
    "systemVersion": "5.0.11",
    "createdTime": 1745735176351,
    "modifiedTime": 1753740362146,
    "lastModifiedBy": "zzaXLX6rQo9UZdTe",
    "exportSource": null
  },
  "_key": "!items!r3Y2aoiqYzCvNKZj"
}