{
  "folder": "arLlXU27usjx4RDu",
  "name": "Жахливий погляд",
  "type": "power",
  "_id": "ZtREmkrSoZZqmZkq",
  "img": "modules/vampire-the-masquerade-5e-compendium-ukr/packs/assets/330px-Presence_symbol.png",
  "system": {
    "description": "<p>На мить розкривши свою вампірську сутність, персонаж вселяє в одну ціль цілковитий жах. Смертні ціпеніють, тікають або застигають від страху, тоді як інші вампіри або підкоряються, мов побиті пси, або тікають у шаленому Ротшреку.</p><p>■ Вартість: Одна Перевірка Пробудження</p><p>■ Запас кубиків: Харизма + Присутність проти Самоконтролю + Рішучості</p><p>■ Система: Демонструючи ікла, з обличчям, скривленим у хижій гримасі, персонаж робить змагальний кидок Харизми + Присутності проти Самоконтролю + Рішучості цілі. <br>◻ Провал: Смертні не можуть діяти, окрім як для самозахисту, і відступають на один хід. На вампірів це не діє. <br>◻ Успіх: Смертні тікають у страху. Вампіри не можуть діяти, окрім як для самозахисту, протягом одного ходу, якщо не витратять Силу Волі, що дорівнює перевазі персонажа (мінімум один). <br>◻ Критичний успіх: Смертні застигають на місці або згортаються в позу ембріона. Вампіри мають пройти перевірку на шаленство від жаху (Складність 3). Якщо вони успішно проходять перевірку, на них все одно діє ефект звичайного успіху.</p><p>■ Тривалість: Один хід</p>",
    "bonuses": [],
    "discipline": "presence",
    "duration": "",
    "level": 3,
    "dicepool": {
      "cUaXcyRv": {
        "path": "attributes.charisma"
      },
      "1OqC4xbC": {
        "path": "disciplines.presence"
      }
    },
    "cost": 1,
    "gamesystem": "vampire",
    "macroid": ""
  },
  "effects": [],
  "sort": 0,
  "ownership": {
    "default": 0,
    "zzaXLX6rQo9UZdTe": 3
  },
  "flags": {
    "vtm5e": {
      "dataItemId": "power-dread-gaze"
    }
  },
  "_stats": {
    "compendiumSource": null,
    "duplicateSource": null,
    "coreVersion": "13.346",
    "systemId": "vtm5e",
    "systemVersion": "5.0.11",
    "createdTime": 1745735186900,
    "modifiedTime": 1753740831901,
    "lastModifiedBy": "zzaXLX6rQo9UZdTe",
    "exportSource": null
  },
  "_key": "!items!ZtREmkrSoZZqmZkq"
}