{
  "folder": "arLlXU27usjx4RDu",
  "name": "Жахливий Погляд",
  "type": "power",
  "_id": "ZtREmkrSoZZqmZkq",
  "img": "modules/vampire-the-masquerade-5e-compendium-ukr/packs/assets/330px-Presence_symbol.png",
  "system": {
    "description": "<p>Короткочасно розкриваючи свою вампірську природу, користувач вселяє в одного суб'єкта абсолютний жах. Смертні злякані, тікають або застигають від страху, тоді як інші вампіри або підкоряються, як побиті собаки, або тікають у шаленому Ротшреку.</p><p>■ Вартість: Одна Перевірка Збудження</p><p>■ Пули кубиків: Харизма + Присутність проти Стриманість + Зосередженість</p><p>■ Система: Показуючи свої ікла, з обличчям, спотвореним хижою гримасою, користувач робить змагальний кидок Харизма + Присутність проти Стриманість + Зосередженість своєї цілі. <br>◻ Невдача: Смертні не можуть діяти, крім як для самозахисту, відступаючи на один хід. Вампіри не зазнають впливу. <br>◻ Перемога: Смертні тікають у страху. Вампіри не можуть діяти, крім як для самозахисту, протягом одного ходу, якщо не витратять Силу Волі, що дорівнює різниці перемоги користувача (мінімум один). <br>◻ Критична Перемога: Смертні застигають або згортаються в позу ембріона. Вампіри повинні зробити перевірку на шаленство жаху (Складність 3). Якщо вони перемагають, вони все одно зазнають впливу, як зазначено вище.</p><p>■ Тривалість: Один хід</p>",
    "bonuses": [],
    "discipline": "presence",
    "duration": "",
    "level": 3,
    "dicepool": {
      "cUaXcyRv": {
        "path": "attributes.charisma"
      },
      "1OqC4xbC": {
        "path": "disciplines.presence"
      }
    },
    "cost": 1,
    "gamesystem": "vampire",
    "macroid": ""
  },
  "effects": [],
  "sort": 0,
  "ownership": {
    "default": 0,
    "zzaXLX6rQo9UZdTe": 3
  },
  "flags": {
    "vtm5e": {
      "dataItemId": "power-dread-gaze"
    }
  },
  "_stats": {
    "compendiumSource": null,
    "duplicateSource": null,
    "coreVersion": "13.346",
    "systemId": "vtm5e",
    "systemVersion": "5.0.11",
    "createdTime": 1745735186900,
    "modifiedTime": 1753740831901,
    "lastModifiedBy": "zzaXLX6rQo9UZdTe",
    "exportSource": null
  },
  "_key": "!items!ZtREmkrSoZZqmZkq"
}