{
  "folder": "wLlK2XTB18WvtApx",
  "name": "Землетрус",
  "type": "power",
  "_id": "aeTgjooyCrzyoQw2",
  "img": "modules/vampire-the-masquerade-5e-compendium-ukr/packs/assets/330px-Potence_symbol.png",
  "system": {
    "description": "<p>Його сила - стихійна, вампір може вдарити кулаком або ногою по землі, створюючи ударну хвилю, яка збиває супротивників з ніг. Це одне з найбільш драматичних застосувань Могутності, цю силу потрібно використовувати обережно, щоб користувач буквально не обрушив будинок на себе. </p><p>■ Вартість: Дві Перевірки Збудження </p><p>■ Система: Додаткова перевірка для створення ударної хвилі не потрібна. (По землі важко промахнутися.) Будь-хто в радіусі п'яти метрів від користувача повинен зробити кидок Спритність + Атлетика (Складність 3), з результатами нижче. Будь-хто, готовий до Землетрусу (наприклад, супутники користувача), може підвищити свої результати на один крок. <br>◻ Критична Перемога: Без ефекту. <br>◻ Перемога: Втрата рівноваги. Втрата поточної дії <br>◻ Невдача: Падіння на землю. Втрата поточної дії; потрібно витратити хід, щоб піднятися. <br>Ця сила завдає значних побічних ушкоджень. При використанні на землі, земля тріскається. При використанні в приміщенні, меблі ламаються, а дзеркала розбиваються. На будь-якому поверсі, крім першого, підлога може розбитися, змусивши всіх у радіусі впасти на поверх нижче. Цю силу можна використовувати лише раз за сцену. </p><p>■ Тривалість: Одне використання</p>",
    "bonuses": [],
    "discipline": "potence",
    "duration": "",
    "level": 5,
    "dicepool": {},
    "cost": 2,
    "gamesystem": "vampire",
    "macroid": ""
  },
  "effects": [],
  "sort": 0,
  "ownership": {
    "default": 0,
    "zzaXLX6rQo9UZdTe": 3
  },
  "flags": {},
  "_stats": {
    "compendiumSource": null,
    "duplicateSource": null,
    "coreVersion": "13.346",
    "systemId": "vtm5e",
    "systemVersion": "5.0.11",
    "createdTime": 1745735185972,
    "modifiedTime": 1753740798418,
    "lastModifiedBy": "zzaXLX6rQo9UZdTe",
    "exportSource": null
  },
  "_key": "!items!aeTgjooyCrzyoQw2"
}