{
  "folder": "Eu59sgcxwcMmse8A",
  "name": "Злиття з Землею",
  "type": "power",
  "_id": "pmMRZAmWCDB3GngE",
  "img": "modules/vampire-the-masquerade-5e-compendium-ukr/packs/assets/330px-Protean_symbol.png",
  "system": {
    "description": "<p>Стаючи єдиним з ґрунтом, вампір занурюється в землю. Якщо він не в торпорі, вампір піднімається знову наступної ночі. </p><p>■ Вартість: Одна Перевірка Збудження </p><p>■ Система: Перевірка не потрібна, але вампір повинен бути на природній поверхні: каміння, сира земля, трава тощо. Ця сила не працює на бетоні, асфальті чи інших штучних поверхнях. Вампіру потрібен один хід, щоб зануритися в землю, залишаючи предмети, які він ніс, на поверхні ґрунту. Перебуваючи в землі, вампір усвідомлює своє оточення, за винятком денного сну. У цей час, порушення (наприклад, копання або гучні звуки) пробуджують його чи ні, як і всіх вампірів (стор. 219). </p><p>■ Тривалість: Один день або більше, або доки його не потурбують</p>",
    "bonuses": [],
    "discipline": "protean",
    "duration": "",
    "level": 3,
    "dicepool": {},
    "cost": 1,
    "gamesystem": "vampire",
    "macroid": ""
  },
  "effects": [],
  "sort": 0,
  "ownership": {
    "default": 0,
    "zzaXLX6rQo9UZdTe": 3
  },
  "flags": {},
  "_stats": {
    "compendiumSource": null,
    "duplicateSource": null,
    "coreVersion": "13.346",
    "systemId": "vtm5e",
    "systemVersion": "5.0.11",
    "createdTime": 1745735188131,
    "modifiedTime": 1753740882299,
    "lastModifiedBy": "zzaXLX6rQo9UZdTe",
    "exportSource": null
  },
  "_key": "!items!pmMRZAmWCDB3GngE"
}