{
  "folder": "wLlK2XTB18WvtApx",
  "name": "Земний удар",
  "type": "power",
  "_id": "aeTgjooyCrzyoQw2",
  "img": "modules/vampire-the-masquerade-5e-compendium-ukr/packs/assets/330px-Potence_symbol.png",
  "system": {
    "description": "<p>Їхня сила — стихійна міць. Вампір може вдарити кулаком чи ногою по землі, створюючи ударну хвилю, що збиває супротивників з ніг. Одне з найвидовищніших застосувань Могутності, цю здатність слід застосовувати обережно, інакше користувач ризикує буквально обрушити дім собі на голову.</p><p>■ Вартість: Дві Перевірки Пробудження</p><p>■ Система: Для створення ударної хвилі додаткових перевірок не потрібно. (По землі важко схибити.) Усі в радіусі п'яти метрів від користувача повинні зробити кидок Спритність + Атлетика (Складність 3) з результатами, описаними нижче. Кожен, хто готовий до Землетрусу (наприклад, супутники користувача), може покращити свій результат на один крок.<br>◻ Критичний успіх: Жодного ефекту.<br>◻ Успіх: Втрата рівноваги. Втрачає поточну дію.<br>◻ Провал: Падає долілиць. Втрачає поточну дію; мусить витратити хід, щоб підвестися.<br>Ця здатність завдає значної побічної шкоди. При застосуванні на землі, вона тріскається. При застосуванні в приміщенні ламаються меблі та розбиваються дзеркала. На будь-якому поверсі, крім першого, підлога може розтрощитися, і всі в радіусі дії впадуть на поверх нижче. Цю здатність можна використовувати лише раз за сцену.</p><p>■ Тривалість: Одноразове застосування</p>",
    "bonuses": [],
    "discipline": "potence",
    "duration": "",
    "level": 5,
    "dicepool": {},
    "cost": 2,
    "gamesystem": "vampire",
    "macroid": ""
  },
  "effects": [],
  "sort": 0,
  "ownership": {
    "default": 0,
    "zzaXLX6rQo9UZdTe": 3
  },
  "flags": {},
  "_stats": {
    "compendiumSource": null,
    "duplicateSource": null,
    "coreVersion": "13.346",
    "systemId": "vtm5e",
    "systemVersion": "5.0.11",
    "createdTime": 1745735185972,
    "modifiedTime": 1753740798418,
    "lastModifiedBy": "zzaXLX6rQo9UZdTe",
    "exportSource": null
  },
  "_key": "!items!aeTgjooyCrzyoQw2"
}