{
  "folder": "Eu59sgcxwcMmse8A",
  "name": "Земляне злиття",
  "type": "power",
  "_id": "pmMRZAmWCDB3GngE",
  "img": "modules/vampire-the-masquerade-5e-compendium-ukr/packs/assets/330px-Protean_symbol.png",
  "system": {
    "description": "<p>Стаючи одним цілим із землею, вампір занурюється в неї. Якщо він не в торпорі, вампір знову підіймається наступної ночі.</p><p>■ Вартість: Одна Перевірка Пробудження</p><p>■ Система: Перевірка не потрібна, але вампір має перебувати на природній поверхні: каміння, гола земля, трава тощо. Ця здатність не діє на бетоні, асфальті чи інших штучних поверхнях. Вампіру потрібен один хід, щоб зануритися в землю, залишаючи предмети, які він ніс, на поверхні. Перебуваючи в землі, вампір усвідомлює своє оточення, за винятком денного сну. У цей час порушення спокою (наприклад, копання чи гучні звуки) будять його так само, як і всіх вампірів (стор. 219).</p><p>■ Тривалість: Один день або довше, або доки його не потривожать</p>",
    "bonuses": [],
    "discipline": "protean",
    "duration": "",
    "level": 3,
    "dicepool": {},
    "cost": 1,
    "gamesystem": "vampire",
    "macroid": ""
  },
  "effects": [],
  "sort": 0,
  "ownership": {
    "default": 0,
    "zzaXLX6rQo9UZdTe": 3
  },
  "flags": {},
  "_stats": {
    "compendiumSource": null,
    "duplicateSource": null,
    "coreVersion": "13.346",
    "systemId": "vtm5e",
    "systemVersion": "5.0.11",
    "createdTime": 1745735188131,
    "modifiedTime": 1753740882299,
    "lastModifiedBy": "zzaXLX6rQo9UZdTe",
    "exportSource": null
  },
  "_key": "!items!pmMRZAmWCDB3GngE"
}