{
  "folder": "nK00YNPhGdIZyUPI",
  "name": "Витривалі Звірі",
  "type": "power",
  "_id": "SRUoS7NaGbca9JI3",
  "img": "modules/vampire-the-masquerade-5e-compendium-ukr/packs/assets/330px-Fortitude_symbol.png",
  "system": {
    "description": "<p>■ Амальгама: Анімалізм 1</p><p>Користувач ділиться невеликою частиною своєї неприродної міцності з тваринами, на яких впливає. Численні рої та великі звірі однаково демонструють опір швидкоплинним ушкодженням, майже такий самий, як і сам вампір.</p><p>■ Вартість: Безкоштовно (для фамільяра); Одна перевірка Пробудження (для інших тварин)</p><p>■ Куби: Витривалість + Анімалізм (для тварин, що не є фамільярами)</p><p>■ Система: Вампір може поширити деякі зі своїх сил Стійкості на тварин, на яких діє його Анімалізм. Будь-яка тварина, наділена таким чином, отримує додаткові рівні Здоров'я, що дорівнюють значенню Стійкості вампіра. Застосування цієї сили на свого фамільяра є безкоштовним та автоматичним. Щоб наділити силою інших тварин, окрім фамільяра, користувач повинен зробити перевірку Пробудження та кидок Витривалість + Анімалізм (Складність 3). Користувач може зміцнити одну тварину за кожен пункт переваги. Коли ефект закінчується, спочатку прибирається неушкоджене Здоров'я; це може призвести до загибелі тварини.</p><p>■ Тривалість: Одна сцена.</p>",
    "bonuses": [],
    "discipline": "fortitude",
    "duration": "",
    "level": 2,
    "dicepool": {},
    "cost": null,
    "gamesystem": "vampire",
    "macroid": ""
  },
  "effects": [],
  "sort": 0,
  "ownership": {
    "default": 0,
    "zzaXLX6rQo9UZdTe": 3
  },
  "flags": {},
  "_stats": {
    "compendiumSource": null,
    "duplicateSource": null,
    "coreVersion": "13.346",
    "systemId": "vtm5e",
    "systemVersion": "5.0.11",
    "createdTime": 1745735183811,
    "modifiedTime": 1753740638098,
    "lastModifiedBy": "zzaXLX6rQo9UZdTe",
    "exportSource": null
  },
  "_key": "!items!SRUoS7NaGbca9JI3"
}