{
  "folder": "nK00YNPhGdIZyUPI",
  "name": "Витривалі Звірі",
  "type": "power",
  "_id": "SRUoS7NaGbca9JI3",
  "img": "modules/vampire-the-masquerade-5e-compendium-ukr/packs/assets/330px-Fortitude_symbol.png",
  "system": {
    "description": "<p>■ Амальгама: Анімалізм 1</p><p>Користувач ділиться невеликою частиною своєї неприродної витривалості з тваринами, на яких він впливає. Рої комах і великі звірі однаково виявляють стійкість до швидкоплинних травм, майже рівну самому вампіру. </p><p>■ Вартість: Безкоштовно (для фамулуса); Одна Перевірка Збудження (для інших тварин) </p><p>■ Пули кубиків: Витривалість + Анімалізм (для тварин, що не є фамулусами) </p><p>■ Система: Вампір може поширити деякі зі своїх сил Стійкості на тварин, на яких впливає його Анімалізм. Будь-яка тварина, наділена таким чином, отримує додаткові рівні Здоров'я, що дорівнюють пунктам Стійкості вампіра. Використання цієї сили на своєму фамулусі є безкоштовним і автоматичним. Щоб наділити інших тварин, крім свого фамулуса, користувач повинен зробити Перевірку Збудження і кидок Витривалість + Анімалізм (Складність 3). Користувач може зміцнити одну тварину за кожен пункт різниці. Коли ефект закінчується, спочатку знімається непозначене Здоров'я; це може призвести до смерті тварини. </p><p>■ Тривалість: Одна сцена.</p>",
    "bonuses": [],
    "discipline": "fortitude",
    "duration": "",
    "level": 2,
    "dicepool": {},
    "cost": null,
    "gamesystem": "vampire",
    "macroid": ""
  },
  "effects": [],
  "sort": 0,
  "ownership": {
    "default": 0,
    "zzaXLX6rQo9UZdTe": 3
  },
  "flags": {},
  "_stats": {
    "compendiumSource": null,
    "duplicateSource": null,
    "coreVersion": "13.346",
    "systemId": "vtm5e",
    "systemVersion": "5.0.11",
    "createdTime": 1745735183811,
    "modifiedTime": 1753740638098,
    "lastModifiedBy": "zzaXLX6rQo9UZdTe",
    "exportSource": null
  },
  "_key": "!items!SRUoS7NaGbca9JI3"
}