{
  "folder": "arLlXU27usjx4RDu",
  "name": "Зачарування",
  "type": "power",
  "_id": "J5RUvwLgB5VmdPZM",
  "img": "modules/vampire-the-masquerade-5e-compendium-ukr/packs/assets/330px-Presence_symbol.png",
  "system": {
    "description": "Вампір зосереджує свій неприродний шарм на одній людині, викликаючи в неї захоплене зачарування або закоханість, подібну до шаленого кохання чи зустрічі з кумиром усього життя. Людина під впливом докладає всіх зусиль, щоб догодити вампіру, але не завдасть фізичної шкоди собі чи своїм близьким.\n■ Вартість: Одна Перевірка Пробудження\n■ Дайс-пули: Харизма + Присутність проти Витримки + Кмітливості\n■ Система: Вампіру потрібно лише привернути увагу суб'єкта й виграти змагання Харизма + Присутність проти Витримка + Кмітливість. Ефект триває приблизно одну годину, плюс ще одну годину за кожен пункт переваги в перемозі. Вампір може поновлювати цей ефект нескінченно, але провал припиняє його дію і робить суб'єкта несприйнятливим до кінця ночі. Після успіху користувач додає кубики в кількості, що дорівнює його показнику Присутності, до будь-якого Соціального дайс-пулу проти зачарованого суб'єкта. Прохання, що призведуть до очевидної шкоди суб'єкту чи його близьким, або ті, що суперечать його Принципам, не виконуються і вимагають негайного змагання сили, як зазначено вище, інакше Зачарування негайно припиняється.\n■ Тривалість: Одна година плюс одна година за кожен пункт переваги",
    "bonuses": [],
    "discipline": "presence",
    "duration": "",
    "level": 3,
    "dicepool": {
      "3m2ZgCDw": {
        "path": "attributes.charisma"
      },
      "nUz5wnA8": {
        "path": "disciplines.presence"
      }
    },
    "cost": 1,
    "gamesystem": "vampire",
    "macroid": ""
  },
  "effects": [],
  "sort": 0,
  "ownership": {
    "default": 0,
    "zzaXLX6rQo9UZdTe": 3
  },
  "flags": {
    "vtm5e": {
      "dataItemId": "power-entrancement"
    }
  },
  "_stats": {
    "compendiumSource": null,
    "duplicateSource": null,
    "coreVersion": "13.346",
    "systemId": "vtm5e",
    "systemVersion": "5.0.11",
    "createdTime": 1745735186900,
    "modifiedTime": 1753740835500,
    "lastModifiedBy": "zzaXLX6rQo9UZdTe",
    "exportSource": null
  },
  "_key": "!items!J5RUvwLgB5VmdPZM"
}