{
  "folder": "arLlXU27usjx4RDu",
  "name": "Зачарування",
  "type": "power",
  "_id": "J5RUvwLgB5VmdPZM",
  "img": "modules/vampire-the-masquerade-5e-compendium-ukr/packs/assets/330px-Presence_symbol.png",
  "system": {
    "description": "<p>Вампір фокусує свою неприродну привабливість на одній людині, вселяючи в неї захоплену fascination або закоханість, подібну до падіння по вуха в кохання або зустрічі зі своїм довічним кумиром. Людина, що зазнала впливу, робить усе можливе, щоб залишатися в добрих стосунках з вампіром, але не доходить до того, щоб завдати фізичної шкоди собі або своїм іншим близьким. <br>■ Вартість: Одна Перевірка Збудження <br>■ Пули кубиків: Харизма + Присутність проти Стриманість + Кмітливість <br>■ Система: Вампіру потрібно лише привернути увагу суб'єкта і виграти змагання Харизма + Присутність проти Стриманість + Кмітливість. Ефект триває приблизно одну годину плюс одну за кожен пункт різниці при перемозі. Вампір може поновлювати цей ефект нескінченно, але невдача припиняє ефект і робить суб'єкта несприйнятливим до кінця ночі. Після успіху користувач додає кубики, що дорівнюють його рейтингу Присутності, до будь-якого соціального пулу кубиків проти зачарованого суб'єкта. Прохання, що призводять до очевидної шкоди суб'єкту або його близьким, або що суперечать Принципам суб'єкта, провалюються і вимагають негайного змагального кидка сили, як зазначено вище, або Зачарування негайно припиняється. <br>■ Тривалість: Одна година плюс одна за кожен пункт різниці</p>",
    "bonuses": [],
    "discipline": "presence",
    "duration": "",
    "level": 3,
    "dicepool": {
      "3m2ZgCDw": {
        "path": "attributes.charisma"
      },
      "nUz5wnA8": {
        "path": "disciplines.presence"
      }
    },
    "cost": 1,
    "gamesystem": "vampire",
    "macroid": ""
  },
  "effects": [],
  "sort": 0,
  "ownership": {
    "default": 0,
    "zzaXLX6rQo9UZdTe": 3
  },
  "flags": {
    "vtm5e": {
      "dataItemId": "power-entrancement"
    }
  },
  "_stats": {
    "compendiumSource": null,
    "duplicateSource": null,
    "coreVersion": "13.346",
    "systemId": "vtm5e",
    "systemVersion": "5.0.11",
    "createdTime": 1745735186900,
    "modifiedTime": 1753740835500,
    "lastModifiedBy": "zzaXLX6rQo9UZdTe",
    "exportSource": null
  },
  "_key": "!items!J5RUvwLgB5VmdPZM"
}