{
  "folder": "O5h1FKbj9xZh1QLh",
  "name": "Огортати",
  "type": "power",
  "_id": "5HnBgnuPH0GH4RcX",
  "img": "modules/vampire-the-masquerade-5e-compendium-ukr/packs/assets/330px-Alchemy_symbol.png",
  "system": {
    "description": "<p>Ця формула створює імлу, що огортає жертву, засліплюючи її та (у випадку смертних) спричиняючи задуху. </p><p>■ Інгредієнти: Кров алхіміка, людська кров меланхоліка та флегматика, хлорат калію, смог або галон </p><p>■ Вартість активації: Одна Перевірка Пробудження </p><p>■ Кидки: Кмітливість + Алхімія проти Витривалості + Виживання </p><p>■ Система: Алхімік активує силу та обирає ціль у межах видимості. Вихрова імла огортає ціль, затуманюючи їй зір і накладаючи штраф у три кубики на всі кидки, пов'язані з виявленням за допомогою зору та дальніми атаками. Крім того, алхімік може змусити імлу душити смертного за допомогою змагального кидка Кмітливість + Алхімія проти Витривалості + Виживання. У разі перемоги ціль не може виконувати жодних дій, окрім як кашляти та задихатися; у разі критичної перемоги ціль втрачає свідомість. Алхімік може застосовувати Огортання лише до одиночних цілей і лише до однієї за раз. </p><p>■ Тривалість: До кінця сцени або доки алхімік добровільно не припинить дію ефекту.</p>",
    "bonuses": [],
    "discipline": "alchemy",
    "duration": "",
    "level": 2,
    "dicepool": {
      "5vaipzY5": {
        "path": "attributes.wits"
      },
      "MWvgrHAp": {
        "path": "disciplines.alchemy"
      }
    },
    "cost": 1,
    "gamesystem": "vampire",
    "macroid": ""
  },
  "effects": [],
  "sort": 0,
  "ownership": {
    "default": 0,
    "zzaXLX6rQo9UZdTe": 3
  },
  "flags": {},
  "_stats": {
    "compendiumSource": null,
    "duplicateSource": null,
    "coreVersion": "13.346",
    "systemId": "vtm5e",
    "systemVersion": "5.0.11",
    "createdTime": 1745735190439,
    "modifiedTime": 1753741402404,
    "lastModifiedBy": "zzaXLX6rQo9UZdTe",
    "exportSource": null
  },
  "_key": "!items!5HnBgnuPH0GH4RcX"
}