{
  "folder": "O5h1FKbj9xZh1QLh",
  "name": "Огорнути",
  "type": "power",
  "_id": "5HnBgnuPH0GH4RcX",
  "img": "modules/vampire-the-masquerade-5e-compendium-ukr/packs/assets/330px-Alchemy_symbol.png",
  "system": {
    "description": "<p>Ця формула створює туман, який чіпляється за жертву, засліплюючи її та (у випадку смертних) викликаючи задуху. </p><p>■ Інгредієнти: Кров алхіміка, меланхолійна та флегматична людська кров, хлорат калію, смог або газ галон </p><p>■ Вартість активації: Одна Перевірка Збудження </p><p>■ Пули кубиків: Кмітливість + Алхімія проти Витривалість + Виживання </p><p>■ Система: Алхімік активує силу і вибирає ціль у межах видимості. Вихровий туман огортає ціль, затуманюючи її зір і накладаючи штраф у три кубики на всі пули кубиків для виявлення на основі зору та атак на відстані. Крім того, алхімік може змусити туман задушити смертного за допомогою змагання Кмітливість + Алхімія проти Витривалість + Виживання. У разі перемоги ціль не може виконувати жодних дій, крім кашлю та задихання; у разі критичної перемоги ціль втрачає свідомість. Алхімік може використовувати Огорнути лише на окремих цілях і лише на одній за раз. </p><p>■ Тривалість: До кінця сцени або доки алхімік добровільно не припинить ефект.</p>",
    "bonuses": [],
    "discipline": "alchemy",
    "duration": "",
    "level": 2,
    "dicepool": {
      "5vaipzY5": {
        "path": "attributes.wits"
      },
      "MWvgrHAp": {
        "path": "disciplines.alchemy"
      }
    },
    "cost": 1,
    "gamesystem": "vampire",
    "macroid": ""
  },
  "effects": [],
  "sort": 0,
  "ownership": {
    "default": 0,
    "zzaXLX6rQo9UZdTe": 3
  },
  "flags": {},
  "_stats": {
    "compendiumSource": null,
    "duplicateSource": null,
    "coreVersion": "13.346",
    "systemId": "vtm5e",
    "systemVersion": "5.0.11",
    "createdTime": 1745735190439,
    "modifiedTime": 1753741402404,
    "lastModifiedBy": "zzaXLX6rQo9UZdTe",
    "exportSource": null
  },
  "_key": "!items!5HnBgnuPH0GH4RcX"
}