{
  "folder": "sGR4QHB8SZ4yCBv0",
  "name": "Втеча до Справжнього Святилища",
  "type": "power",
  "_id": "hOn4UVkzrseLhTY2",
  "img": "modules/vampire-the-masquerade-5e-compendium-ukr/packs/assets/330px-Blood_Sorcery_symbol.png",
  "system": {
    "description": "<p>Підготувавши два містичні кола у важкому ритуалі, виконавець може миттєво переміститися з одного до іншого. Подорож є односторонньою, і виконавець повинен позначити одне коло для відправлення, тоді як «прибуттєве» коло служить виходом. </p><p>■ Інгредієнти: Два обвуглені кола діаметром приблизно один метр. </p><p>■ Процес: Виконавець випалює кола на землі або підлозі відкритим полум'ям, а потім освячує кожне коло. Освячення вимагає двох годин співів щоночі та двох Перевірок Збудження протягом трьох послідовних ночей. Загалом цей ритуал вимагає від виконавця Крові вартістю дванадцять Перевірок Збудження. </p><p>■ Система: Після завершення кіл виконавець повинен лише ступити в те, що позначене для відправлення, і сконцентруватися протягом ходу, роблячи кидок Ритуалу. (Виконавець робить кидок Ритуалу кожного разу, коли намагається подорожувати, але може зробити лише одну спробу за сцену.) У разі перемоги виконавець зникає, миттєво з'являючись посеред вихідного кола. Немає обмежень на відстань між двома колами, але вони повинні бути накреслені на землі або на підлозі будівлі, а не на підлозі транспортного засобу. Виконавець може перевезти з собою одну людину або об'єкт чи об'єкти загальною масою приблизно з людину. Пошкодження будь-якого кола повністю руйнує ритуал і робить обидва кола недійсними. Вампір може мати лише одну пару таких функціональних кіл в будь-який час.</p>",
    "bonuses": [],
    "discipline": "rituals",
    "duration": "",
    "level": 5,
    "dicepool": {},
    "cost": null,
    "gamesystem": "vampire",
    "macroid": ""
  },
  "effects": [],
  "sort": 0,
  "ownership": {
    "default": 0,
    "zzaXLX6rQo9UZdTe": 3
  },
  "flags": {},
  "_stats": {
    "compendiumSource": null,
    "duplicateSource": null,
    "coreVersion": "13.346",
    "systemId": "vtm5e",
    "systemVersion": "5.0.11",
    "createdTime": 1745735189773,
    "modifiedTime": 1753741017522,
    "lastModifiedBy": "zzaXLX6rQo9UZdTe",
    "exportSource": null
  },
  "_key": "!items!hOn4UVkzrseLhTY2"
}