{
  "folder": "sGR4QHB8SZ4yCBv0",
  "name": "Втеча до Справжнього Святилища",
  "type": "power",
  "_id": "hOn4UVkzrseLhTY2",
  "img": "modules/vampire-the-masquerade-5e-compendium-ukr/packs/assets/330px-Blood_Sorcery_symbol.png",
  "system": {
    "description": "<p>Підготувавши два містичні кола у виснажливому ритуалі, чаклун може миттєво переміщатися з одного до іншого. Подорож одностороння, і чаклун повинен визначити одне коло для відправлення, тоді як коло «прибуття» слугує виходом.</p><p>■ Інгредієнти: Два обвуглені кола діаметром приблизно один метр.</p><p>■ Процес: Чаклун випалює кола на землі або підлозі відкритим полум'ям, а потім освячує кожне коло. Освячення вимагає двох годин співів щоночі та двох Кидків на Пробудження протягом трьох ночей поспіль. Загалом цей ритуал вимагає від чаклуна Крові на дванадцять Кидків на Пробудження.</p><p>■ Система: Щойно кола готові, чаклунові потрібно лише ступити в те, що призначене для відправлення, і концентруватися протягом одного ходу, роблячи кидок Ритуалу. (Чаклун робить кидок Ритуалу щоразу, коли намагається переміститися, але може зробити лише одну спробу за сцену.) У разі успіху чаклун зникає, миттєво з'являючись у центрі вихідного кола. Відстань між двома колами не має обмежень, але вони повинні бути накреслені на землі або на підлозі будівлі, а не на підлозі транспортного засобу. Чаклун може перенести з собою одну людину або об'єкт чи об'єкти, загальна маса яких приблизно дорівнює масі людини. Пошкодження будь-якого з кіл повністю руйнує ритуал і робить обидва кола неактивними. Вампір може мати лише одну пару таких діючих кіл одночасно.</p>",
    "bonuses": [],
    "discipline": "rituals",
    "duration": "",
    "level": 5,
    "dicepool": {},
    "cost": null,
    "gamesystem": "vampire",
    "macroid": ""
  },
  "effects": [],
  "sort": 0,
  "ownership": {
    "default": 0,
    "zzaXLX6rQo9UZdTe": 3
  },
  "flags": {},
  "_stats": {
    "compendiumSource": null,
    "duplicateSource": null,
    "coreVersion": "13.346",
    "systemId": "vtm5e",
    "systemVersion": "5.0.11",
    "createdTime": 1745735189773,
    "modifiedTime": 1753741017522,
    "lastModifiedBy": "zzaXLX6rQo9UZdTe",
    "exportSource": null
  },
  "_key": "!items!hOn4UVkzrseLhTY2"
}