{
  "folder": "mwCJW1gqa3zwTmF5",
  "name": "Сутність повітря",
  "type": "power",
  "_id": "E7206bFG8iUjp6kz",
  "img": "modules/vampire-the-masquerade-5e-compendium-ukr/packs/assets/330px-Blood_Sorcery_symbol.png",
  "system": {
    "description": "<p>Заклинач створює зілля, яке після вживання дозволяє обмежено літати. Камарилья не схвалює використання цього Ритуалу через надзвичайний ризик порушення Маскараду; з цієї причини його популярність значно зменшилася в сучасні ночі.</p><p>■ Інгредієнти: Листя та ягоди беладони</p><p>■ Процес: Заклинач настоює беладону у своїй Крові, випарюючи відвар над жаровнею та промовляючи слова сили.</p><p>■ Система: Зробіть кидок Ритуалу під час випарювання суміші. (Критичний успіх готує дві дози зілля.) Заклинач знає, чи вдався ритуал, тож він не отримає недієве зілля. Отримане чорне зілля зберігає свою силу протягом однієї ночі й активується після вживання. Зілля дозволяє заклиначу (і тільки йому) літати або зависати в повітрі приблизно зі швидкістю бігу протягом однієї сцени. Заклинач може нести вантаж розміром з людину, хоча його швидкість падає до швидкості ходьби. Щоб схопити й підняти в повітря особу, що чинить опір, або стягнути летюна на землю, потрібне змагання між Силою + Кривавим чаклунством заклинача та Силою + Атлетикою іншої особи.</p>",
    "bonuses": [],
    "discipline": "rituals",
    "duration": "",
    "level": 3,
    "dicepool": {},
    "cost": null,
    "gamesystem": "vampire",
    "macroid": ""
  },
  "effects": [],
  "sort": 0,
  "ownership": {
    "default": 0,
    "zzaXLX6rQo9UZdTe": 3
  },
  "flags": {},
  "_stats": {
    "compendiumSource": null,
    "duplicateSource": null,
    "coreVersion": "13.346",
    "systemId": "vtm5e",
    "systemVersion": "5.0.11",
    "createdTime": 1745735189773,
    "modifiedTime": 1753740982868,
    "lastModifiedBy": "zzaXLX6rQo9UZdTe",
    "exportSource": null
  },
  "_key": "!items!E7206bFG8iUjp6kz"
}