{
  "folder": "mwCJW1gqa3zwTmF5",
  "name": "Есенція Повітря",
  "type": "power",
  "_id": "E7206bFG8iUjp6kz",
  "img": "modules/vampire-the-masquerade-5e-compendium-ukr/packs/assets/330px-Blood_Sorcery_symbol.png",
  "system": {
    "description": "<p>Виконавець створює зілля, яке при вживанні дозволяє обмежений політ. Камарилья не схвалює використання цього Ритуалу через надзвичайний ризик порушення Маскараду; з цієї причини його популярність значно зменшилася в сучасні ночі. </p><p>■ Інгредієнти: Листя та ягоди беладони </p><p>■ Процес: Виконавець настоює беладону у своїй Крові, випаровуючи відвар на жаровні, промовляючи слова сили. </p><p>■ Система: Зробіть кидок Ритуалу при випаровуванні суміші. (Критична перемога готує дві дози зілля.) Виконавець може визначити, чи вдався ритуал, тому він не залишиться з пустушкою. Отримане чорне зілля зберігає свою силу протягом ночі і активується при вживанні. Зілля дозволяє виконавцю (і тільки йому) літати або ширяти приблизно зі швидкістю бігу протягом однієї сцени. Виконавець може нести масу розміром з людину, хоча його швидкість падає до швидкості ходьби. Схоплення та підняття в повітря небажаючого суб'єкта, або стягування літуна на землю, вимагає змагання між Силою + Кривавою Магією виконавця та Силою + Атлетикою іншого.</p>",
    "bonuses": [],
    "discipline": "rituals",
    "duration": "",
    "level": 3,
    "dicepool": {},
    "cost": null,
    "gamesystem": "vampire",
    "macroid": ""
  },
  "effects": [],
  "sort": 0,
  "ownership": {
    "default": 0,
    "zzaXLX6rQo9UZdTe": 3
  },
  "flags": {},
  "_stats": {
    "compendiumSource": null,
    "duplicateSource": null,
    "coreVersion": "13.346",
    "systemId": "vtm5e",
    "systemVersion": "5.0.11",
    "createdTime": 1745735189773,
    "modifiedTime": 1753740982868,
    "lastModifiedBy": "zzaXLX6rQo9UZdTe",
    "exportSource": null
  },
  "_key": "!items!E7206bFG8iUjp6kz"
}