{
  "folder": "yRb674tIPv196dxQ",
  "name": "Згасити Віта",
  "type": "power",
  "_id": "1XvVZMsR8MiieIt3",
  "img": "modules/vampire-the-masquerade-5e-compendium-ukr/packs/assets/330px-Blood_Sorcery_symbol.png",
  "system": {
    "description": "<p>Користувач може навмисно позбавити властивостей, що дають нежиття, частини Крові іншого вампіра, розпалюючи його Голод, оскільки внутрішні резерви жертви згортаються в безсилля. </p><p>■ Вартість: Одна Перевірка Збудження </p><p>■ Пули кубиків: Інтелект + Кривава Магія проти Витривалість + Стриманість </p><p>■ Система: Користувач робить змагальний кидок Інтелект + Кривава Магія проти Витривалість + Стриманість цільового вампіра в межах прямої видимості, концентруючись протягом ходу і роблячи ледь помітні жести. Перемога збільшує Голод цілі на один, а критична перемога збільшує його на два. Жертва може розпізнати, хто на неї впливає, якщо бачить користувача, роблячи кидок Інтелект + Окультизм проти Кмітливість + Хитрість. </p><p>■ Тривалість: Н/Д</p>",
    "bonuses": [],
    "discipline": "sorcery",
    "duration": "",
    "level": 2,
    "dicepool": {
      "fzgEMEvs": {
        "path": "attributes.intelligence"
      },
      "Kve8ThgE": {
        "path": "disciplines.sorcery"
      }
    },
    "cost": 1,
    "gamesystem": "vampire",
    "macroid": ""
  },
  "effects": [],
  "sort": 0,
  "ownership": {
    "default": 0,
    "zzaXLX6rQo9UZdTe": 3
  },
  "flags": {},
  "_stats": {
    "compendiumSource": null,
    "duplicateSource": null,
    "coreVersion": "13.346",
    "systemId": "vtm5e",
    "systemVersion": "5.0.11",
    "createdTime": 1745735180957,
    "modifiedTime": 1753740479548,
    "lastModifiedBy": "zzaXLX6rQo9UZdTe",
    "exportSource": null
  },
  "_key": "!items!1XvVZMsR8MiieIt3"
}