{
  "folder": "yRb674tIPv196dxQ",
  "name": "Згасити життя",
  "type": "power",
  "_id": "1XvVZMsR8MiieIt3",
  "img": "modules/vampire-the-masquerade-5e-compendium-ukr/packs/assets/330px-Blood_Sorcery_symbol.png",
  "system": {
    "description": "<p>Користувач може навмисно позбавити частину Крові іншого вампіра її нежиттєдайних властивостей, розпалюючи його Голод, адже внутрішні резерви жертви згортаються в безсилля.</p><p>■ Ціна: Одна Перевірка Пробудження</p><p>■ Набори кубиків: Інтелект + Криваве Чаклунство проти Витривалості + Самоконтролю</p><p>■ Система: Концентруючись протягом ходу й непомітно жестикулюючи, користувач робить змагальну перевірку Інтелект + Криваве Чаклунство проти Витривалість + Самоконтроль вампіра-цілі в полі зору. Перемога збільшує Голод цілі на одиницю, а критична перемога — на дві. Жертва може розпізнати, хто на неї впливає, якщо бачить користувача, зробивши змагальну перевірку Інтелект + Окультизм проти Кмітливість + Хитрощі.</p><p>■ Тривалість: Немає</p>",
    "bonuses": [],
    "discipline": "sorcery",
    "duration": "",
    "level": 2,
    "dicepool": {
      "fzgEMEvs": {
        "path": "attributes.intelligence"
      },
      "Kve8ThgE": {
        "path": "disciplines.sorcery"
      }
    },
    "cost": 1,
    "gamesystem": "vampire",
    "macroid": ""
  },
  "effects": [],
  "sort": 0,
  "ownership": {
    "default": 0,
    "zzaXLX6rQo9UZdTe": 3
  },
  "flags": {},
  "_stats": {
    "compendiumSource": null,
    "duplicateSource": null,
    "coreVersion": "13.346",
    "systemId": "vtm5e",
    "systemVersion": "5.0.11",
    "createdTime": 1745735180957,
    "modifiedTime": 1753740479548,
    "lastModifiedBy": "zzaXLX6rQo9UZdTe",
    "exportSource": null
  },
  "_key": "!items!1XvVZMsR8MiieIt3"
}