{
  "folder": "NjCpH5FkFKuYKwDg",
  "name": "Очі нічного яструба",
  "type": "power",
  "_id": "d7Dqc34J4lt3ZBvr",
  "img": "modules/vampire-the-masquerade-5e-compendium-ukr/packs/assets/330px-Blood_Sorcery_symbol.png",
  "system": {
    "description": "<p>Пов’язаний із примітивними силами Анімалізму, цей Ритуал дозволяє чаклуну вселитися в м’ясоїдного птаха, зазвичай крука або хижого птаха, керуючи його польотом і бачачи його очима. Папуг і майн, оскільки вони не є м’ясоїдними, не можна використовувати в цьому Ритуалі. Деякі Тремери витрачали роки, навчаючи ворон або круків говорити, перш ніж використовувати їх як нічних яструбів; оскільки Піраміда зруйнована, тепер у меншої кількості Чаклунів є на це вільний час.</p><p>■ Інгредієнти: Очі використаного птаха, вирвані по завершенні Ритуалу.</p><p>■ Процес: Чаклун годує птаха своєю Кров’ю і впадає в транс.</p><p>■ Система: У разі успішного кидка Ритуалу чаклун може керувати птахом і бачити його очима. У разі критичного успіху птах під його контролем може виконувати прості дії, як-от підбирати предмети або маніпулювати ключами чи перемикачами. Чаклун може використовувати більшість нефізичних Дисциплін через птаха, навіть Домінування, за умови, що чаклун володіє Телепатією (с. 252) або іншим способом невербального спілкування з цілями. Дальність польоту птаха необмежена, проте, якщо наприкінці ночі чаклун не вирве птахові очі, він сам страждатиме від сліпоти наступні три ночі.</p>",
    "bonuses": [],
    "discipline": "rituals",
    "duration": "",
    "level": 4,
    "dicepool": {},
    "cost": null,
    "gamesystem": "vampire",
    "macroid": ""
  },
  "effects": [],
  "sort": 0,
  "ownership": {
    "default": 0,
    "zzaXLX6rQo9UZdTe": 3
  },
  "flags": {},
  "_stats": {
    "compendiumSource": null,
    "duplicateSource": null,
    "coreVersion": "13.346",
    "systemId": "vtm5e",
    "systemVersion": "5.0.11",
    "createdTime": 1745735189773,
    "modifiedTime": 1753741002573,
    "lastModifiedBy": "zzaXLX6rQo9UZdTe",
    "exportSource": null
  },
  "_key": "!items!d7Dqc34J4lt3ZBvr"
}