{
  "folder": "Fmqyc3dTORcdXdkk",
  "name": "Очі Вавилону",
  "type": "power",
  "_id": "QQDtbsfMv7u9XZQI",
  "img": "modules/vampire-the-masquerade-5e-compendium-ukr/packs/assets/330px-Blood_Sorcery_symbol.png",
  "system": {
    "description": "<p>З'ївши язик і око людини, виконавець отримує здатність читати і говорити будь-якою мовою, відомою жертві. </p><p>■ Інгредієнти: Свіже око і язик людини </p><p>■ Процес: Вирвавши інгредієнти свіжими з жертви, вампір жує і ковтає їх. (Це, швидше за все, призведе до Плями.) </p><p>■ Система: Перевірка Збудження, необхідна для цього ритуалу, дозволяє надприродне розчинення інгредієнтів після проковтування. Після цього зробіть кидок Ритуалу. Перемога дає виконавцю здатність читати і говорити будь-якою мовою, відомою жертві, на тому ж рівні навичок протягом тижня. Критична перемога подовжує тривалість до місяця.</p>",
    "bonuses": [],
    "discipline": "rituals",
    "duration": "",
    "level": 2,
    "dicepool": {},
    "cost": null,
    "gamesystem": "vampire",
    "macroid": ""
  },
  "effects": [],
  "sort": 0,
  "ownership": {
    "default": 0,
    "zzaXLX6rQo9UZdTe": 3
  },
  "flags": {},
  "_stats": {
    "compendiumSource": null,
    "duplicateSource": null,
    "coreVersion": "13.346",
    "systemId": "vtm5e",
    "systemVersion": "5.0.11",
    "createdTime": 1745735189773,
    "modifiedTime": 1753740917214,
    "lastModifiedBy": "zzaXLX6rQo9UZdTe",
    "exportSource": null
  },
  "_key": "!items!QQDtbsfMv7u9XZQI"
}