{
  "folder": "NjCpH5FkFKuYKwDg",
  "name": "Очі Нічного Яструба",
  "type": "power",
  "_id": "d7Dqc34J4lt3ZBvr",
  "img": "modules/vampire-the-masquerade-5e-compendium-ukr/packs/assets/330px-Blood_Sorcery_symbol.png",
  "system": {
    "description": "<p>Пов'язаний з примітивними силами Анімалізму, цей Ритуал дозволяє виконавцю вселитися в хижого птаха, зазвичай ворона або хижого птаха, керуючи його польотом і бачачи його очима. Папуги та майни, не будучи хижаками, не можуть бути використані в цьому Ритуалі. Деякі Тремери роками тренували ворон або круків говорити, перш ніж використовувати їх як нічних яструбів; з розпадом Піраміди, менше Чаклунів мають зараз на це вільний час. </p><p>■ Інгредієнти: Очі використаного птаха, взяті по завершенні Ритуалу </p><p>■ Процес: Виконавець годує птаха своєю Кров'ю і входить у транс. </p><p>■ Система: При переможному кидку Ритуалу виконавець може керувати птахом і бачити його очима. При критичній перемозі птах може виконувати прості дії під контролем, такі як підбирання предметів або маніпулювання ключами чи циферблатами. Виконавець може використовувати більшість нефізичних Дисциплін через птаха, навіть Домінування, за умови, що виконавець має Телепатію (стор. 252) або інший спосіб невербального спілкування з цілями. Немає обмежень на дальність польоту птаха, хоча якщо виконавець не вирве очі птаха наприкінці ночі, він сам страждатиме від сліпоти протягом трьох наступних ночей.</p>",
    "bonuses": [],
    "discipline": "rituals",
    "duration": "",
    "level": 4,
    "dicepool": {},
    "cost": null,
    "gamesystem": "vampire",
    "macroid": ""
  },
  "effects": [],
  "sort": 0,
  "ownership": {
    "default": 0,
    "zzaXLX6rQo9UZdTe": 3
  },
  "flags": {},
  "_stats": {
    "compendiumSource": null,
    "duplicateSource": null,
    "coreVersion": "13.346",
    "systemId": "vtm5e",
    "systemVersion": "5.0.11",
    "createdTime": 1745735189773,
    "modifiedTime": 1753741002573,
    "lastModifiedBy": "zzaXLX6rQo9UZdTe",
    "exportSource": null
  },
  "_key": "!items!d7Dqc34J4lt3ZBvr"
}