{
  "folder": "tx4ep2c0yOALUFLW",
  "name": "Очі Звіра",
  "type": "power",
  "_id": "BIHT7ZDD6sNZXKn8",
  "img": "modules/vampire-the-masquerade-5e-compendium-ukr/packs/assets/330px-Protean_symbol.png",
  "system": {
    "description": "<p>Вампір може за бажанням викликати надприродний червоний блиск у своїх очах, що дає йому зір навіть у повній темряві. </p><p>■ Вартість: Безкоштовно </p><p>■ Система: Для активації Очей Звіра кидок не потрібен. Поки сила активна, користувач ігнорує будь-які штрафи до зору, накладені темрявою, включаючи надприродну. Поки сила активна, нелюдський вигляд очей дає два бонусні кубики до пулів Залякування проти смертних. </p><p>■ Тривалість: Скільки завгодно</p>",
    "bonuses": [],
    "discipline": "protean",
    "duration": "",
    "level": 1,
    "dicepool": {},
    "cost": null,
    "gamesystem": "vampire",
    "macroid": ""
  },
  "effects": [],
  "sort": 0,
  "ownership": {
    "default": 0,
    "zzaXLX6rQo9UZdTe": 3
  },
  "flags": {},
  "_stats": {
    "compendiumSource": null,
    "duplicateSource": null,
    "coreVersion": "13.346",
    "systemId": "vtm5e",
    "systemVersion": "5.0.11",
    "createdTime": 1745735188131,
    "modifiedTime": 1753740871283,
    "lastModifiedBy": "zzaXLX6rQo9UZdTe",
    "exportSource": null
  },
  "_key": "!items!BIHT7ZDD6sNZXKn8"
}