{
  "folder": "LoArRqUzbXVhfkov",
  "name": "Далеке Досягнення",
  "type": "power",
  "_id": "KIDOlLYXTa6gWAwU",
  "img": "modules/vampire-the-masquerade-5e-compendium-ukr/packs/assets/330px-Alchemy_symbol.png",
  "system": {
    "description": "<p>Ця формула дозволяє алхіміку використовувати свій розум, щоб хапати, утримувати та штовхати предмети або людей, не торкаючись їх. Хоча небагато хто може застосувати достатню ментальну силу, щоб завдати прямої шкоди, розумний аплікант може знайти багато способів загнати супротивника в небезпеку або вивести себе з неї. </p><p>■ Інгредієнти: Кров алхіміка, холерична людська кров, розплавлені нейлонові волокна або натертий магніт від холодильника, або дивні ноотропи, замовлені в інтернеті </p><p>■ Вартість активації: Одна Перевірка Збудження </p><p>■ Пули кубиків: Зосередженість + Алхімія проти Сила + Атлетика </p><p>■ Система: Алхімік може піднімати, штовхати або тягнути фізичний об'єкт або людину вагою до 100 кг, у межах свого зору і на відстані до 10 метрів. Об'єкт рухається швидко, але не настільки, щоб поранити людину ударом; об'єкт може зламатися, якщо він крихкий. Виняток: ножі або інші невеликі металеві інструменти, якими алхімік може володіти за допомогою перевірки Зосередженість + Алхімія, зі штрафом у два кубики через необхідність точності. Ніж, використаний таким чином, завдає лише один додатковий пункт ушкодження. Спроба перемістити когось, хто активно чинить опір, вимагає змагання Зосередженість + Алхімія проти Сила + Атлетика. У разі перемоги алхімік може притягнути жертву на відстань захоплення або удару кігтями, або кинути її на один метр за кожен пункт різниці в змаганні, завдаючи рівну кількість Поверхневого ушкодження. Вона падає на землю. Утримання когось або чогось у повітрі вимагає кидка Зосередженість + Алхімія Тонкокровних (Складність 3) кожного ходу. Тонка маніпуляція (наприклад, висмикування чеки з гранати) вимагає кидка Кмітливість + Алхімія з відповідною Складністю, визначеною Оповідачем. </p><p>■ Тривалість: Один хід, якщо не утримується (див. вище).</p>",
    "bonuses": [],
    "discipline": "alchemy",
    "duration": "",
    "level": 1,
    "dicepool": {
      "gwlCV15r": {
        "path": "attributes.resolve"
      },
      "W61AmjGw": {
        "path": "disciplines.alchemy"
      }
    },
    "cost": 1,
    "gamesystem": "vampire",
    "macroid": ""
  },
  "effects": [],
  "sort": 0,
  "ownership": {
    "default": 0,
    "zzaXLX6rQo9UZdTe": 3
  },
  "flags": {},
  "_stats": {
    "compendiumSource": null,
    "duplicateSource": null,
    "coreVersion": "13.346",
    "systemId": "vtm5e",
    "systemVersion": "5.0.11",
    "createdTime": 1745735190439,
    "modifiedTime": 1753741373882,
    "lastModifiedBy": "zzaXLX6rQo9UZdTe",
    "exportSource": null
  },
  "_key": "!items!KIDOlLYXTa6gWAwU"
}