{
  "folder": "LoArRqUzbXVhfkov",
  "name": "Далеке охоплення",
  "type": "power",
  "_id": "KIDOlLYXTa6gWAwU",
  "img": "modules/vampire-the-masquerade-5e-compendium-ukr/packs/assets/330px-Alchemy_symbol.png",
  "system": {
    "description": "<p>Ця формула дозволяє алхіміку силою думки хапати, утримувати та штовхати предмети чи людей, не торкаючись їх. Хоча небагато хто може застосувати достатньо ментальної сили, щоб завдати прямої шкоди, кмітливий користувач може знайти багато способів підставити супротивника під удар або самому уникнути небезпеки.</p><p>■ Інгредієнти: Кров алхіміка, кров холерика, розплавлені нейлонові волокна, або натертий магніт із холодильника, або дивні ноотропи, замовлені в інтернеті</p><p>■ Вартість активації: Одна Перевірка Пробудження</p><p>■ Кидки кубиків: Рішучість + Алхімія проти Сили + Атлетики</p><p>■ Система: Алхімік може підіймати, штовхати або тягнути фізичний об'єкт чи людину вагою до 100 кг, що перебуває в полі його зору на відстані до 10 метрів. Об'єкт рухається швидко, але недостатньо стрімко, щоб завдати шкоди ударом; крихкий об'єкт може розбитися. Виняток: ножі чи інші невеликі металеві інструменти, якими алхімік може орудувати, пройшовши перевірку Рішучість + Алхімія зі штрафом у два кубики через потребу в точності. Ніж, використаний у такий спосіб, завдає лише одну додаткову одиницю шкоди. Спроба перемістити того, хто чинить активний опір, вимагає змагального кидка Рішучість + Алхімія проти Сили + Атлетики. У разі перемоги алхімік може притягнути жертву на відстань захвату чи удару пазурами або відкинути її на один метр за кожну одиницю переваги в кидку, завдаючи стільки ж Поверхневої шкоди. Жертва падає долілиць. Щоб утримувати когось або щось у повітрі, потрібен кидок Рішучість + Алхімія Тонкокровних (Складність 3) щоходу. Для тонких маніпуляцій (наприклад, висмикнути чеку з гранати) потрібен кидок Кмітливість + Алхімія з відповідною Складністю, яку визначає Оповідач.</p><p>■ Тривалість: Один хід, якщо не підтримується (див. вище).</p>",
    "bonuses": [],
    "discipline": "alchemy",
    "duration": "",
    "level": 1,
    "dicepool": {
      "gwlCV15r": {
        "path": "attributes.resolve"
      },
      "W61AmjGw": {
        "path": "disciplines.alchemy"
      }
    },
    "cost": 1,
    "gamesystem": "vampire",
    "macroid": ""
  },
  "effects": [],
  "sort": 0,
  "ownership": {
    "default": 0,
    "zzaXLX6rQo9UZdTe": 3
  },
  "flags": {},
  "_stats": {
    "compendiumSource": null,
    "duplicateSource": null,
    "coreVersion": "13.346",
    "systemId": "vtm5e",
    "systemVersion": "5.0.11",
    "createdTime": 1745735190439,
    "modifiedTime": 1753741373882,
    "lastModifiedBy": "zzaXLX6rQo9UZdTe",
    "exportSource": null
  },
  "_key": "!items!KIDOlLYXTa6gWAwU"
}