{
  "folder": "aA7QU64rrTQkNnqk",
  "name": "Дикий Шепіт",
  "type": "power",
  "_id": "4LY8gOGIhb2viROk",
  "img": "modules/vampire-the-masquerade-5e-compendium-ukr/packs/assets/330px-Animalism_symbol.png",
  "system": {
    "description": "<p>Вампір може спілкуватися зі звірами дикої природи та міста. Дикий Шепіт дозволяє двостороннє спілкування з тваринами. Кіт може не цікавитися обговоренням використання кольору Матіссом, але з радістю розповість про брак здобичі навколо будинку з коричневого каменю через дорогу. Залежно від навичок вампіра, він навіть може переконати тварин виконувати послуги; як і люди, тварини рідко погоджуються на те, що суперечить їхній природі або загрожує їм. Вампіри також можуть використовувати Дикий Шепіт для виклику обраного типу тварин (див. обмеження Анімалізму вище), але тварини повинні бути присутніми, щоб відповісти. Ніщо не заважає вампіру спробувати викликати косатку в Центральному парку, але успіх здається малоймовірним. Викликані тварини слухають того, хто їх викликав, але розбігаються або нападають, якщо їм загрожує небезпека. </p><p>■ Пули кубиків: Маніпулювання + Анімалізм, Харизма + Анімалізм </p><p>■ Вартість: Одна Перевірка Збудження за тип тварини, обраний для сцени. Дозволяє один виклик і необмежене спілкування. Безкоштовно при використанні на фамулусі. </p><p>■ Система: Просте спілкування не вимагає перевірки пулу кубиків. Переконання тварини виконати послугу вимагає кидка Маніпулювання + Анімалізм; Складність залежить від необхідного завдання. Змусити птаха стежити за будь-ким, хто входить у парк вночі, має Складність 3, тоді як наказ будь-якій тварині захищати місце ціною свого життя має Складність 6. Виклик тварин використовує кидок Харизма + Анімалізм; Складність залежить від рідкості викликаних тварин. Кількість викликаних тварин залежить від різниці в перевірці; критична перемога викликає більшість, якщо не всіх, тварин цього типу в районі. </p><p>■ Тривалість: Одна сцена</p>",
    "bonuses": [],
    "discipline": "animalism",
    "duration": "",
    "level": 2,
    "dicepool": {
      "U5CXOLo9": {
        "path": "attributes.manipulation"
      },
      "h704zMEB": {
        "path": "disciplines.animalism"
      }
    },
    "cost": 1,
    "gamesystem": "vampire",
    "macroid": ""
  },
  "effects": [],
  "sort": 0,
  "ownership": {
    "default": 0,
    "zzaXLX6rQo9UZdTe": 3
  },
  "flags": {},
  "_stats": {
    "compendiumSource": null,
    "duplicateSource": null,
    "coreVersion": "13.346",
    "systemId": "vtm5e",
    "systemVersion": "5.0.11",
    "createdTime": 1745735176351,
    "modifiedTime": 1753740341840,
    "lastModifiedBy": "zzaXLX6rQo9UZdTe",
    "exportSource": null
  },
  "_key": "!items!4LY8gOGIhb2viROk"
}