{
  "folder": "xIKldK7hFWI9pZXo",
  "name": "Дика Зброя",
  "type": "power",
  "_id": "m1YK7ZXtZ9ieusW8",
  "img": "modules/vampire-the-masquerade-5e-compendium-ukr/packs/assets/330px-Protean_symbol.png",
  "system": {
    "description": "<p>Вампір може витягувати свою природну зброю до жахливих розмірів. Зазвичай це проявляється у вигляді подовження нігтів до злих пазурів, але може мати й інші форми, наприклад, подовження іклів до справжніх кинджалів, як у гігантської змії. </p><p>■ Вартість: Одна Перевірка Збудження </p><p>■ Система: Для активації цієї сили не потрібен кидок навички. При активації вампір додає модифікатор +2 до свого ушкодження від Бійки і завдає Агравоване ушкодження Здоров'ю смертним. Поверхневе ушкодження, завдане Дикою Зброєю, не зменшується вдвічі. </p><p>■ Тривалість: Одна сцена</p>",
    "bonuses": [],
    "discipline": "protean",
    "duration": "",
    "level": 2,
    "dicepool": {},
    "cost": 1,
    "gamesystem": "vampire",
    "macroid": ""
  },
  "effects": [],
  "sort": 0,
  "ownership": {
    "default": 0,
    "zzaXLX6rQo9UZdTe": 3
  },
  "flags": {},
  "_stats": {
    "compendiumSource": null,
    "duplicateSource": null,
    "coreVersion": "13.346",
    "systemId": "vtm5e",
    "systemVersion": "5.0.11",
    "createdTime": 1745735188131,
    "modifiedTime": 1753740878624,
    "lastModifiedBy": "zzaXLX6rQo9UZdTe",
    "exportSource": null
  },
  "_key": "!items!m1YK7ZXtZ9ieusW8"
}