{
  "folder": "aA7QU64rrTQkNnqk",
  "name": "Здичавілі шепоти",
  "type": "power",
  "_id": "4LY8gOGIhb2viROk",
  "img": "modules/vampire-the-masquerade-5e-compendium-ukr/packs/assets/330px-Animalism_symbol.png",
  "system": {
    "description": "<p>Вампір може спілкуватися з дикими та міськими звірами. «Звіриний шепіт» дозволяє двостороннє спілкування з тваринами. Кіт може й не зацікавиться обговоренням використання кольору Матіссом, але з радістю обговорить брак здобичі біля будинку з бурого каменю через дорогу. Залежно від уміння вампіра, він може навіть переконати тварин надати послуги; як і люди, тварини рідко погоджуються на те, що суперечить їхній природі або наражає їх на небезпеку. Вампіри також можуть використовувати «Звіриний шепіт», щоб прикликати обраний вид тварин (див. обмеження Анімалізму вище), але тварини мають бути поблизу, щоб відгукнутися. Ніщо не заважає вампіру спробувати прикликати косатку в Центральному парку, але успіх видається малоймовірним. Прикликані тварини слухаються прикликача, але розбігаються або нападають, якщо їм загрожує небезпека.</p><p>■ Дайс-пули: Маніпулювання + Анімалізм, Харизма + Анімалізм</p><p>■ Вартість: Одна перевірка Пробудження за кожен вид тварин, обраний для сцени. Дозволяє одне прикликання та необмежене спілкування. Безкоштовно при використанні на фамільярі.</p><p>■ Система: Просте спілкування не вимагає перевірки дайс-пулу. Щоб переконати тварину надати послугу, потрібен кидок Маніпулювання + Анімалізм; Складність залежить від поставленого завдання. Попросити птаха стежити, чи не заходить хтось у парк уночі — це Складність 3, а наказ будь-якій тварині захищати місце ціною власного життя — це Складність 6. Для прикликання тварин використовується кидок Харизма + Анімалізм; Складність залежить від того, наскільки рідкісними є прикликані тварини. Кількість прикликаних тварин залежить від переваги в перевірці; критичний успіх прикликає більшість, якщо не всіх, тварин цього виду в околиці.</p><p>■ Тривалість: Одна сцена</p>",
    "bonuses": [],
    "discipline": "animalism",
    "duration": "",
    "level": 2,
    "dicepool": {
      "U5CXOLo9": {
        "path": "attributes.manipulation"
      },
      "h704zMEB": {
        "path": "disciplines.animalism"
      }
    },
    "cost": 1,
    "gamesystem": "vampire",
    "macroid": ""
  },
  "effects": [],
  "sort": 0,
  "ownership": {
    "default": 0,
    "zzaXLX6rQo9UZdTe": 3
  },
  "flags": {},
  "_stats": {
    "compendiumSource": null,
    "duplicateSource": null,
    "coreVersion": "13.346",
    "systemId": "vtm5e",
    "systemVersion": "5.0.11",
    "createdTime": 1745735176351,
    "modifiedTime": 1753740341840,
    "lastModifiedBy": "zzaXLX6rQo9UZdTe",
    "exportSource": null
  },
  "_key": "!items!4LY8gOGIhb2viROk"
}