{
  "folder": "xIKldK7hFWI9pZXo",
  "name": "Дика зброя",
  "type": "power",
  "_id": "m1YK7ZXtZ9ieusW8",
  "img": "modules/vampire-the-masquerade-5e-compendium-ukr/packs/assets/330px-Protean_symbol.png",
  "system": {
    "description": "<p>Вампір може видовжувати свою природну зброю до жахливих розмірів. Зазвичай це проявляється у вигляді нігтів, що видовжуються у люті пазурі, але може проявлятися і в інших формах, наприклад, ікла, що видовжуються у справжні кинджали, наче у гігантського змія.</p><p>■ Вартість: Одна Перевірка Пробудження</p><p>■ Система: Для активації цієї сили не потрібен кидок на навичку. Після активації вампір додає модифікатор +2 до своєї шкоди від Бійки і завдає смертним Агравованої шкоди здоров'ю. Поверхнева шкода, завдана Дикою Зброєю, не ділиться навпіл.</p><p>■ Тривалість: Одна сцена</p>",
    "bonuses": [],
    "discipline": "protean",
    "duration": "",
    "level": 2,
    "dicepool": {},
    "cost": 1,
    "gamesystem": "vampire",
    "macroid": ""
  },
  "effects": [],
  "sort": 0,
  "ownership": {
    "default": 0,
    "zzaXLX6rQo9UZdTe": 3
  },
  "flags": {},
  "_stats": {
    "compendiumSource": null,
    "duplicateSource": null,
    "coreVersion": "13.346",
    "systemId": "vtm5e",
    "systemVersion": "5.0.11",
    "createdTime": 1745735188131,
    "modifiedTime": 1753740878624,
    "lastModifiedBy": "zzaXLX6rQo9UZdTe",
    "exportSource": null
  },
  "_key": "!items!m1YK7ZXtZ9ieusW8"
}