{
  "folder": "mwCJW1gqa3zwTmF5",
  "name": "Вогнеходець",
  "type": "power",
  "_id": "NAnFdAhLHdqafHfb",
  "img": "modules/vampire-the-masquerade-5e-compendium-ukr/packs/assets/330px-Blood_Sorcery_symbol.png",
  "system": {
    "description": "<p>Це болісний ритуал, який дозволяє чаклуну зробити себе і навіть своїх товаришів стійкими до вогню.</p><p>■ Інгредієнти: Пучка пальця чаклуна</p><p>■ Процес: Вампір відрізає одну зі своїх пучок і спалює її разом зі своєю Кров'ю у золотій чаші або мисці.</p><p>■ Система: Зробіть перевірку Витривалість + Рішучість (складність 3), щоб відрізати пучку пальця. У разі успішного кидка Ритуалу блакитнувате полум'я поглинає Кров і пучку, сповіщаючи про завершення ритуалу. До кінця ночі шкода від вогню для чаклуна зменшується вдвічі. Цей ритуал можна провести й для інших, але всі пожертвувані пучки пальців мають належати чаклуну. Це каліцтво не вважається шкодою для чаклуна; пучка відростає під час денного сну.</p>",
    "bonuses": [],
    "discipline": "rituals",
    "duration": "",
    "level": 3,
    "dicepool": {},
    "cost": null,
    "gamesystem": "vampire",
    "macroid": ""
  },
  "effects": [],
  "sort": 0,
  "ownership": {
    "default": 0,
    "zzaXLX6rQo9UZdTe": 3
  },
  "flags": {},
  "_stats": {
    "compendiumSource": null,
    "duplicateSource": null,
    "coreVersion": "13.346",
    "systemId": "vtm5e",
    "systemVersion": "5.0.11",
    "createdTime": 1745735189773,
    "modifiedTime": 1753740986067,
    "lastModifiedBy": "zzaXLX6rQo9UZdTe",
    "exportSource": null
  },
  "_key": "!items!NAnFdAhLHdqafHfb"
}