{
  "folder": "mwCJW1gqa3zwTmF5",
  "name": "Вогнеходець",
  "type": "power",
  "_id": "NAnFdAhLHdqafHfb",
  "img": "modules/vampire-the-masquerade-5e-compendium-ukr/packs/assets/330px-Blood_Sorcery_symbol.png",
  "system": {
    "description": "<p>Болісний ритуал, який дозволяє виконавцю зробити себе і навіть своїх товаришів стійкими до вогню. </p><p>■ Інгредієнти: Кінчик пальця виконавця </p><p>■ Процес: Вампір відрізає один з кінчиків своїх пальців і спалює його разом зі своєю Кров'ю в золотій чаші або мисці. </p><p>■ Система: Зробіть перевірку Витривалість + Зосередженість (Складність 3), щоб відрізати кінчик пальця. При переможному кидку Ритуалу, синювате полум'я поглинає Кров і кінчик пальця, сигналізуючи про завершення ритуалу. До кінця ночі ушкодження від вогню для виконавця зменшується вдвічі. Цей ритуал можна проводити на інших, але пожертвувані кінчики пальців повинні належати виконавцю. Каліцтво недостатньо, щоб вважатися ушкодженням для виконавця; кінчик пальця відростає під час денного сну.</p>",
    "bonuses": [],
    "discipline": "rituals",
    "duration": "",
    "level": 3,
    "dicepool": {},
    "cost": null,
    "gamesystem": "vampire",
    "macroid": ""
  },
  "effects": [],
  "sort": 0,
  "ownership": {
    "default": 0,
    "zzaXLX6rQo9UZdTe": 3
  },
  "flags": {},
  "_stats": {
    "compendiumSource": null,
    "duplicateSource": null,
    "coreVersion": "13.346",
    "systemId": "vtm5e",
    "systemVersion": "5.0.11",
    "createdTime": 1745735189773,
    "modifiedTime": 1753740986067,
    "lastModifiedBy": "zzaXLX6rQo9UZdTe",
    "exportSource": null
  },
  "_key": "!items!NAnFdAhLHdqafHfb"
}