{
  "folder": "wLlK2XTB18WvtApx",
  "name": "Кулак Каїна",
  "type": "power",
  "_id": "LGw7CrZGdfzGlsSK",
  "img": "modules/vampire-the-masquerade-5e-compendium-ukr/packs/assets/330px-Potence_symbol.png",
  "system": {
    "description": "<p>Голіруч вампір може завдавати тяжких поранень, смертельних як для смертних, так і для інших вампірів. Він може розчленовувати, пробивати, простромлювати, обезголовлювати й навіть виривати серце з грудей.</p><p>■ Ціна: Одна Перевірка Пробудження</p><p>■ Система: Протягом однієї сцени користувач може завдавати Аґравованих пошкоджень Здоров’ю як смертним, так і надприродним істотам під час Рукопашного бою, буквально розриваючи плоть і відриваючи кінцівки супротивникам голіруч.</p><p>■ Тривалість: Одна сцена</p>",
    "bonuses": [],
    "discipline": "potence",
    "duration": "",
    "level": 5,
    "dicepool": {},
    "cost": 1,
    "gamesystem": "vampire",
    "macroid": ""
  },
  "effects": [],
  "sort": 0,
  "ownership": {
    "default": 0,
    "zzaXLX6rQo9UZdTe": 3
  },
  "flags": {},
  "_stats": {
    "compendiumSource": null,
    "duplicateSource": null,
    "coreVersion": "13.346",
    "systemId": "vtm5e",
    "systemVersion": "5.0.11",
    "createdTime": 1745735185972,
    "modifiedTime": 1753740805823,
    "lastModifiedBy": "zzaXLX6rQo9UZdTe",
    "exportSource": null
  },
  "_key": "!items!LGw7CrZGdfzGlsSK"
}