{
  "folder": "0R6ZhL1eM8SJGFUN",
  "name": "Швидкість",
  "type": "power",
  "_id": "UXy1WD4lAqXrJbrq",
  "img": "modules/vampire-the-masquerade-5e-compendium-ukr/packs/assets/330px-Aclarity_symbol.png",
  "system": {
    "description": "<p>Його майстерність у Стрімкості тепер дозволяє вампіру рухатися і реагувати з запаморочливою швидкістю. </p><p>■ Вартість: Одна Перевірка Збудження </p><p>■ Система: Додайте рейтинг Стрімкості до пулу кубиків користувача для небойових перевірок Спритності. Раз на хід користувач також може робити це, захищаючись за допомогою Спритність + Атлетика. </p><p>■ Тривалість: Одна сцена</p>",
    "bonuses": [],
    "discipline": "celerity",
    "duration": "",
    "level": 2,
    "dicepool": {},
    "cost": 1,
    "gamesystem": "vampire",
    "macroid": ""
  },
  "effects": [],
  "sort": 0,
  "ownership": {
    "default": 0,
    "zzaXLX6rQo9UZdTe": 3
  },
  "flags": {},
  "_stats": {
    "compendiumSource": null,
    "duplicateSource": null,
    "coreVersion": "13.346",
    "systemId": "vtm5e",
    "systemVersion": "5.0.11",
    "createdTime": 1745735182035,
    "modifiedTime": 1753740538573,
    "lastModifiedBy": "zzaXLX6rQo9UZdTe",
    "exportSource": null
  },
  "_key": "!items!UXy1WD4lAqXrJbrq"
}