{
  "folder": "3qCaMjd7HicXuaed",
  "name": "Зміцнити Внутрішній Фасад",
  "type": "power",
  "_id": "w6NJOhp2vjk7yJHO",
  "img": "modules/vampire-the-masquerade-5e-compendium-ukr/packs/assets/330px-Fortitude_symbol.png",
  "system": {
    "description": "<p>Замість того, щоб зміцнювати фізичну оболонку вампіра, ця сила дозволяє користувачеві захищати свої думки та емоції від надприродного втручання. Його розум здається абсолютно порожнім, а аура, за браком кращих слів, пласкою.</p><p>■ Вартість: Безкоштовно</p><p>■ Система: Збільшує Складність використання Сканування Душі (Ауспекс 3), Телепатії (Ауспекс 5) та подібних сил на користувачеві на половину його рейтингу Стійкості (округлити вгору). Якщо правила дозволяють користувачеві чинити опір цим силам, він додає свій рейтинг Стійкості до свого пулу кубиків. </p><p>■ Тривалість: Одна сцена</p>",
    "bonuses": [],
    "discipline": "fortitude",
    "duration": "",
    "level": 3,
    "dicepool": {},
    "cost": null,
    "gamesystem": "vampire",
    "macroid": ""
  },
  "effects": [],
  "sort": 0,
  "ownership": {
    "default": 0,
    "zzaXLX6rQo9UZdTe": 3
  },
  "flags": {},
  "_stats": {
    "compendiumSource": null,
    "duplicateSource": null,
    "coreVersion": "13.346",
    "systemId": "vtm5e",
    "systemVersion": "5.0.11",
    "createdTime": 1745735183811,
    "modifiedTime": 1753740650596,
    "lastModifiedBy": "zzaXLX6rQo9UZdTe",
    "exportSource": null
  },
  "_key": "!items!w6NJOhp2vjk7yJHO"
}