{
  "folder": "3qCaMjd7HicXuaed",
  "name": "Зміцніть внутрішній фасад",
  "type": "power",
  "_id": "w6NJOhp2vjk7yJHO",
  "img": "modules/vampire-the-masquerade-5e-compendium-ukr/packs/assets/330px-Fortitude_symbol.png",
  "system": {
    "description": "<p>Замість зміцнення фізичної оболонки вампіра, ця здатність дозволяє користувачу захистити свої думки та емоції від надприродного втручання. Його розум здається абсолютно порожнім, а аура, за браком кращих слів, пласка.</p><p>■ Вартість: Безкоштовно</p><p>■ Система: Збільшує Складність використання Сканування Душі (Провидіння 3), Телепатії (Провидіння 5) та подібних здібностей проти користувача на половину його рейтингу Стійкості (округлюючи вгору). Якщо правила дозволяють користувачу чинити опір цим здібностям, він натомість додає свій рейтинг Стійкості до свого запасу кубиків.</p><p>■ Тривалість: Одна сцена</p>",
    "bonuses": [],
    "discipline": "fortitude",
    "duration": "",
    "level": 3,
    "dicepool": {},
    "cost": null,
    "gamesystem": "vampire",
    "macroid": ""
  },
  "effects": [],
  "sort": 0,
  "ownership": {
    "default": 0,
    "zzaXLX6rQo9UZdTe": 3
  },
  "flags": {},
  "_stats": {
    "compendiumSource": null,
    "duplicateSource": null,
    "coreVersion": "13.346",
    "systemId": "vtm5e",
    "systemVersion": "5.0.11",
    "createdTime": 1745735183811,
    "modifiedTime": 1753740650596,
    "lastModifiedBy": "zzaXLX6rQo9UZdTe",
    "exportSource": null
  },
  "_key": "!items!w6NJOhp2vjk7yJHO"
}