{
  "folder": "ykvCtSnbJUEIQQm2",
  "name": "Привид у машині",
  "type": "power",
  "_id": "fa47WL2EMvEVIyLn",
  "img": "modules/vampire-the-masquerade-5e-compendium-ukr/packs/assets/330px-Obfuscate_symbol.png",
  "system": {
    "description": "<p>Тепер користувач може передавати ефекти Затемнення через електронні засоби, що дозволяє вампіру здаватися невидимим або замаскованим під час перегляду на екрані в прямому ефірі. Якщо спостерігач переглядає зображення пізніше, наприклад, на фотографії чи в записі, ефект слабшає: зображення виглядає трохи розмитим, що ускладнює ідентифікацію. Крім того, автоматизовані системи спостереження схильні до збоїв у присутності вампіра, що зменшує його шанси бути спійманим автоматизованими системами.</p><p>■ Вартість: Без додаткових витрат</p><p>■ Система: Додатковий кидок не потрібен, коли за вампіром спостерігають у прямому ефірі. Вважайте, що спостерігачі перебувають поруч із вампіром, коли йдеться про цю Дисципліну. Спостерігач додає +3 до Складності своїх перевірок для ідентифікації користувача на плівці, відео, фотографіях тощо, зроблених під час дії Затемнення. Користувач також отримує три додаткові кубики до свого запасу, коли намагається обійти автоматизовані електронні системи спостереження та контрзаходи.</p><p>■ Тривалість: Як і у використаної здібності</p>",
    "bonuses": [],
    "discipline": "obfuscate",
    "duration": "",
    "level": 3,
    "dicepool": {},
    "cost": null,
    "gamesystem": "vampire",
    "macroid": ""
  },
  "effects": [],
  "sort": 0,
  "ownership": {
    "default": 0,
    "zzaXLX6rQo9UZdTe": 3
  },
  "flags": {},
  "_stats": {
    "compendiumSource": null,
    "duplicateSource": null,
    "coreVersion": "13.346",
    "systemId": "vtm5e",
    "systemVersion": "5.0.11",
    "createdTime": 1745735184863,
    "modifiedTime": 1753740692497,
    "lastModifiedBy": "zzaXLX6rQo9UZdTe",
    "exportSource": null
  },
  "_key": "!items!fa47WL2EMvEVIyLn"
}