{
  "folder": "ykvCtSnbJUEIQQm2",
  "name": "Привид у Машині",
  "type": "power",
  "_id": "fa47WL2EMvEVIyLn",
  "img": "modules/vampire-the-masquerade-5e-compendium-ukr/packs/assets/330px-Obfuscate_symbol.png",
  "system": {
    "description": "<p>Користувач тепер може передавати ефекти Обфускації через електронні медіа, дозволяючи вампіру здаватися невидимим або замаскованим при перегляді в прямому ефірі на екрані. Якщо спостерігач переглядає зображення пізніше, наприклад, на фотографії або записі, ефект слабшає: зображення здається трохи розмитим, що ускладнює ідентифікацію. Крім того, автоматизоване спостереження має тенденцію до збоїв у присутності вампіра, зменшуючи його шанси бути спійманим автоматизованими системами. </p><p>■ Вартість: Без додаткових витрат </p><p>■ Система: Додатковий кидок не потрібен при перегляді в прямому ефірі. Вважайте спостерігачів присутніми з вампіром щодо Дисципліни. Спостерігач додає +3 до своєї Складності на перевірках для ідентифікації користувача на плівці, відео, фотографіях тощо, зроблених під час активної Обфускації. Користувач також отримує три додаткові кубики до пулів, які він використовує, намагаючись обійти автоматизоване електронне спостереження та контрзаходи. </p><p>■ Тривалість: Як у використаної сили</p>",
    "bonuses": [],
    "discipline": "obfuscate",
    "duration": "",
    "level": 3,
    "dicepool": {},
    "cost": null,
    "gamesystem": "vampire",
    "macroid": ""
  },
  "effects": [],
  "sort": 0,
  "ownership": {
    "default": 0,
    "zzaXLX6rQo9UZdTe": 3
  },
  "flags": {},
  "_stats": {
    "compendiumSource": null,
    "duplicateSource": null,
    "coreVersion": "13.346",
    "systemId": "vtm5e",
    "systemVersion": "5.0.11",
    "createdTime": 1745735184863,
    "modifiedTime": 1753740692497,
    "lastModifiedBy": "zzaXLX6rQo9UZdTe",
    "exportSource": null
  },
  "_key": "!items!fa47WL2EMvEVIyLn"
}