{
  "folder": "LoArRqUzbXVhfkov",
  "name": "Серпанок",
  "type": "power",
  "_id": "5H0ip9mA0bKiZ1Ic",
  "img": "modules/vampire-the-masquerade-5e-compendium-ukr/packs/assets/330px-Alchemy_symbol.png",
  "system": {
    "description": "<p>Ця формула створює поле туману, що слідує за користувачем, роблячи його складнішою ціллю для зброї дальнього бою та приховуючи його особу.</p><p>■ Інгредієнти: Окрім Крові алхіміка та крові флегматика, потрібен сухий лід, сигарний дим або автомобільні вихлопи.</p><p>■ Вартість активації: Одна Перевірка Жаги.</p><p>■ Система: Після активації алхіміка оточує хмара туману, маскуючи його риси та приховуючи силует. Будь-хто, хто намагається впізнати користувача або влучити в нього зі зброї дальнього бою, отримує штраф у два кубики до свого запасу. Користувач може розширити хмару, щоб вона охопила групу до п'яти осіб, зробивши ще одну Перевірку Жаги.</p><p>■ Тривалість: Одна сцена або до добровільного припинення.</p>",
    "bonuses": [],
    "discipline": "alchemy",
    "duration": "",
    "level": 1,
    "dicepool": {},
    "cost": 1,
    "gamesystem": "vampire",
    "macroid": ""
  },
  "effects": [],
  "sort": 0,
  "ownership": {
    "default": 0,
    "zzaXLX6rQo9UZdTe": 3
  },
  "flags": {},
  "_stats": {
    "compendiumSource": null,
    "duplicateSource": null,
    "coreVersion": "13.346",
    "systemId": "vtm5e",
    "systemVersion": "5.0.11",
    "createdTime": 1745735190439,
    "modifiedTime": 1753741394331,
    "lastModifiedBy": "zzaXLX6rQo9UZdTe",
    "exportSource": null
  },
  "_key": "!items!5H0ip9mA0bKiZ1Ic"
}