{
  "folder": "sGR4QHB8SZ4yCBv0",
  "name": "Кам'яне Серце",
  "type": "power",
  "_id": "iKsnbPJSqiyXGoQo",
  "img": "modules/vampire-the-masquerade-5e-compendium-ukr/packs/assets/330px-Blood_Sorcery_symbol.png",
  "system": {
    "description": "<p>Виконання цього ритуалу перетворює неживе серце виконавця на камінь. Це робить його невразливим до кілків, але також, через якусь примху симпатичної магії, абсолютно безжалісним і холоднокровним автоматом, абсолютно несприйнятливим до емоційних та соціальних сигналів. Навіть більше, ніж зазвичай. </p><p>■ Інгредієнти: Кам'яна плита та воскова свічка, просочена Кров'ю виконавця </p><p>■ Процес: Виконавець лежить на кам'яній плиті зі свічкою на грудях, дозволяючи їй догоріти до кінця протягом ночі. Коли вогонь досягає його грудей, він завдає один пункт Агравованого ушкодження і змушує зробити кидок на шаленство жаху (Складність 3). Якщо виконавець провалює кидок на шаленство, ритуал закінчується. Якщо виконавець не впадає в шаленство, він робить кидок Ритуалу. У разі перемоги ритуал завершується; критична перемога лікує ушкодження від вогню свічки. Ефект триває нескінченно, і якщо виконавець захоче скасувати процес, він повинен повторити ритуал. </p><p>■ Система: Під дією ритуалу серце виконавця буквально зроблене з каменю. Кілки не можуть його пробити, ламаючись при спробі. Виконавець також демонструє повну емоційну відстороненість, віднімаючи три кубики від будь-яких кидків на Каяття, а також від активних (не опірних) соціальних кидків, за винятком Залякування та Домінування. Виконавець не може використовувати Присутність, але отримує три бонусні кубики до пулів, що використовуються для опору ефектам цієї Дисципліни.</p>",
    "bonuses": [],
    "discipline": "rituals",
    "duration": "",
    "level": 5,
    "dicepool": {},
    "cost": null,
    "gamesystem": "vampire",
    "macroid": ""
  },
  "effects": [],
  "sort": 0,
  "ownership": {
    "default": 0,
    "zzaXLX6rQo9UZdTe": 3
  },
  "flags": {},
  "_stats": {
    "compendiumSource": null,
    "duplicateSource": null,
    "coreVersion": "13.346",
    "systemId": "vtm5e",
    "systemVersion": "5.0.11",
    "createdTime": 1745735189773,
    "modifiedTime": 1753741020742,
    "lastModifiedBy": "zzaXLX6rQo9UZdTe",
    "exportSource": null
  },
  "_key": "!items!iKsnbPJSqiyXGoQo"
}