{
  "folder": "sGR4QHB8SZ4yCBv0",
  "name": "Кам'яне серце",
  "type": "power",
  "_id": "iKsnbPJSqiyXGoQo",
  "img": "modules/vampire-the-masquerade-5e-compendium-ukr/packs/assets/330px-Blood_Sorcery_symbol.png",
  "system": {
    "description": "<p>Виконання цього ритуалу перетворює неживе серце заклинателя на камінь. Це робить його невразливим до кілків, а також, через якусь примху симпатичної магії, перетворює на абсолютно безжального і холоднокровного автомата, геть несприйнятливого до емоційних та соціальних сигналів. Навіть більше, ніж зазвичай. </p><p>■ Інгредієнти: Кам'яна плита та воскова свічка, просочена Кров'ю заклинателя. </p><p>■ Процес: Заклинатель лежить на кам'яній плиті зі свічкою на грудях, дозволяючи їй згоріти дотла протягом ночі. Коли вогонь досягає його грудей, це завдає один пункт агравованої шкоди та змушує зробити кидок на шаленство від жаху (Складність 3). Якщо заклинатель провалює кидок на шаленство, ритуал завершується. Якщо заклинатель не впадає в шаленство, він робить кидок Ритуалу. У разі успіху ритуал завершується; критичний успіх зцілює ушкодження від вогню свічки. Ефект триває нескінченно, і якщо заклинатель захоче звернути процес, він мусить повторити ритуал. </p><p>■ Система: Під дією ритуалу серце заклинателя буквально зроблене з каменю. Кілки не можуть його пробити і ламаються, якщо їх намагаються вбити силоміць. Заклинатель також демонструє повну емоційну відстороненість, віднімаючи три кубики від будь-яких кидків Каяття, а також від активних (не для опору) соціальних кидків, за винятком Залякування та Домінування. Заклинатель не може використовувати Присутність, але отримує три бонусні кубики до кидків опору ефектам цієї Дисципліни.</p>",
    "bonuses": [],
    "discipline": "rituals",
    "duration": "",
    "level": 5,
    "dicepool": {},
    "cost": null,
    "gamesystem": "vampire",
    "macroid": ""
  },
  "effects": [],
  "sort": 0,
  "ownership": {
    "default": 0,
    "zzaXLX6rQo9UZdTe": 3
  },
  "flags": {},
  "_stats": {
    "compendiumSource": null,
    "duplicateSource": null,
    "coreVersion": "13.346",
    "systemId": "vtm5e",
    "systemVersion": "5.0.11",
    "createdTime": 1745735189773,
    "modifiedTime": 1753741020742,
    "lastModifiedBy": "zzaXLX6rQo9UZdTe",
    "exportSource": null
  },
  "_key": "!items!iKsnbPJSqiyXGoQo"
}