{
  "folder": "dY39IRZ2aDPafQcZ",
  "name": "Загострені Почуття",
  "type": "power",
  "_id": "qIAXLdBcSOKxqa9t",
  "img": "modules/vampire-the-masquerade-5e-compendium-ukr/packs/assets/330px-Auspex_symbol.png",
  "system": {
    "description": "<p>Почуття вампіра загострюються до надприродного ступеня, даючи йому здатність бачити в непроглядній темряві, чути ультразвукові частоти та відчувати запах страху тремтячої здобичі. </p><p>■ Вартість: Безкоштовно (але див. нижче) </p><p>■ Пули кубиків: Кмітливість + Зосередженість </p><p>■ Система: Користувач додає свій рейтинг Ауспексу до всіх кидків на сприйняття. Якщо під час дії сили він піддається екстремальним відчуттям, таким як гучні вибухи, спалахи інтенсивного світла або переважні запахи, користувач повинен успішно пройти кидок Кмітливість + Зосередженість (Складність 3 або більше), щоб вчасно приглушити свої почуття, інакше перевантаження призведе до штрафу в -3 кубики до всіх кидків на основі сприйняття до кінця сцени.</p><p>■ Тривалість: До деактивації. Тривале використання сили без відпочинку (більше однієї сцени), особливо в середовищі з високим рівнем стимуляції, може вимагати витрати Сили Волі, на розсуд Оповідача.</p>",
    "bonuses": [],
    "discipline": "auspex",
    "duration": "",
    "level": 1,
    "dicepool": {
      "7I0tZCAs": {
        "path": "attributes.wits"
      },
      "znEHdZYQ": {
        "path": "attributes.resolve"
      }
    },
    "cost": null,
    "gamesystem": "vampire",
    "macroid": ""
  },
  "effects": [],
  "sort": 0,
  "ownership": {
    "default": 0,
    "zzaXLX6rQo9UZdTe": 3
  },
  "flags": {},
  "_stats": {
    "compendiumSource": null,
    "duplicateSource": null,
    "coreVersion": "13.346",
    "systemId": "vtm5e",
    "systemVersion": "5.0.11",
    "createdTime": 1745735179703,
    "modifiedTime": 1753740417093,
    "lastModifiedBy": "zzaXLX6rQo9UZdTe",
    "exportSource": null
  },
  "_key": "!items!qIAXLdBcSOKxqa9t"
}