{
  "folder": "dY39IRZ2aDPafQcZ",
  "name": "Загострені чуття",
  "type": "power",
  "_id": "qIAXLdBcSOKxqa9t",
  "img": "modules/vampire-the-masquerade-5e-compendium-ukr/packs/assets/330px-Auspex_symbol.png",
  "system": {
    "description": "<p>Чутття вампіра загострюються до надприродного рівня, надаючи їм здатність бачити в непроглядній темряві, чути ультразвукові частоти та відчувати запах страху здобичі, що зачаїлася.</p><p>■ Вартість: Безкоштовно (але див. нижче)</p><p>■ Кіш кубиків: Кмітливість + Рішучість</p><p>■ Система: Користувач додає свій рівень Пророцтва до всіх кидків на сприйняття. Якщо під час дії цієї здатності користувач зазнає впливу екстремальних відчуттів, як-от гучні звуки, спалахи яскравого світла або надто сильні запахи, він повинен успішно пройти перевірку Кмітливість + Рішучість (Складність 3 або вище), щоб вчасно приглушити свої чуття. Інакше через перевантаження користувач отримує штраф у -3 кубики на всі кидки, пов'язані зі сприйняттям, до кінця сцени.</p><p>■ Тривалість: До деактивації. Тривала активація здатності без відпочинку (довше однієї сцени), особливо в середовищі з великою кількістю подразників, може вимагати витрати Сили Волі на розсуд Оповідача.</p>",
    "bonuses": [],
    "discipline": "auspex",
    "duration": "",
    "level": 1,
    "dicepool": {
      "7I0tZCAs": {
        "path": "attributes.wits"
      },
      "znEHdZYQ": {
        "path": "attributes.resolve"
      }
    },
    "cost": null,
    "gamesystem": "vampire",
    "macroid": ""
  },
  "effects": [],
  "sort": 0,
  "ownership": {
    "default": 0,
    "zzaXLX6rQo9UZdTe": 3
  },
  "flags": {},
  "_stats": {
    "compendiumSource": null,
    "duplicateSource": null,
    "coreVersion": "13.346",
    "systemId": "vtm5e",
    "systemVersion": "5.0.11",
    "createdTime": 1745735179703,
    "modifiedTime": 1753740417093,
    "lastModifiedBy": "zzaXLX6rQo9UZdTe",
    "exportSource": null
  },
  "_key": "!items!qIAXLdBcSOKxqa9t"
}