{
  "folder": "Fmqyc3dTORcdXdkk",
  "name": "Освіти слід здобичі",
  "type": "power",
  "_id": "rNK67AiWZqAdHTTn",
  "img": "modules/vampire-the-masquerade-5e-compendium-ukr/packs/assets/330px-Blood_Sorcery_symbol.png",
  "system": {
    "description": "<p>Ритуал дозволяє чаклуну сприймати шлях, яким рухалася вказана особа, у вигляді ледь помітного сяючого сліду, видимого лише йому.</p><p>■ Інгредієнти: Біла атласна стрічка.</p><p>■ Процес: Виконавець ритуалу просочує стрічку власною Кров'ю та підпалює її.</p><p>■ Система: Якщо кидок на Ритуал успішний, стрічка спалахує, попри те, що вона мокра, і яскраво горить, наче гніт. Коли вона згорить, ритуал починає діяти. Поки ритуал активний, чаклун може йти за ледь помітними слідами цілі навіть там, де вона не залишила відбитків, наприклад, у людних містах. Щоб іти за слідами, чаклун робить кидок Інтелект + Виживання проти Складності, що дорівнює 6 мінус перевага на кидку ритуалу. Чаклун повинен знати ціль в обличчя, і він бачить шлях, яким жертва рухалася протягом останніх 24 годин. Шлях залишається видимим протягом усієї ночі; критичний успіх подовжує цей термін до двох ночей.</p>",
    "bonuses": [],
    "discipline": "rituals",
    "duration": "",
    "level": 2,
    "dicepool": {},
    "cost": null,
    "gamesystem": "vampire",
    "macroid": ""
  },
  "effects": [],
  "sort": 0,
  "ownership": {
    "default": 0,
    "zzaXLX6rQo9UZdTe": 3
  },
  "flags": {},
  "_stats": {
    "compendiumSource": null,
    "duplicateSource": null,
    "coreVersion": "13.346",
    "systemId": "vtm5e",
    "systemVersion": "5.0.11",
    "createdTime": 1745735189773,
    "modifiedTime": 1753740920782,
    "lastModifiedBy": "zzaXLX6rQo9UZdTe",
    "exportSource": null
  },
  "_key": "!items!rNK67AiWZqAdHTTn"
}