{
  "folder": "Fmqyc3dTORcdXdkk",
  "name": "Освітлити Слід Здобичі",
  "type": "power",
  "_id": "rNK67AiWZqAdHTTn",
  "img": "modules/vampire-the-masquerade-5e-compendium-ukr/packs/assets/330px-Blood_Sorcery_symbol.png",
  "system": {
    "description": "<p>Ритуал дозволяє виконавцю сприймати попередні місцезнаходження визначеної особи як ледь помітний сяючий слід, видимий лише йому. </p><p>■ Інгредієнти: Біла атласна стрічка. </p><p>■ Процес: Виконавець ритуалу просочує стрічку власною Кров'ю, підпалюючи її. </p><p>■ Система: Якщо кидок Ритуалу є перемогою, стрічка загоряється, незважаючи на те, що вона мокра, яскраво палаючи, як гніт. Після того, як вона згорить, ритуал набуває чинності. Поки ритуал активний, виконавець може слідувати за слабкими слідами цілі навіть у місцях, де вона не залишила слідів, наприклад, у переповнених містах. Щоб слідувати за слідами, виконавець робить кидок Інтелект + Виживання проти Складності, що дорівнює 6 мінус різниця на тесті ритуалу. Ціль повинна бути відома виконавцю в обличчя, який бачить шлях, пройдений жертвою за попередні 24 години. Шлях залишається видимим протягом усієї ночі; критична перемога подовжує цей термін до двох ночей.</p>",
    "bonuses": [],
    "discipline": "rituals",
    "duration": "",
    "level": 2,
    "dicepool": {},
    "cost": null,
    "gamesystem": "vampire",
    "macroid": ""
  },
  "effects": [],
  "sort": 0,
  "ownership": {
    "default": 0,
    "zzaXLX6rQo9UZdTe": 3
  },
  "flags": {},
  "_stats": {
    "compendiumSource": null,
    "duplicateSource": null,
    "coreVersion": "13.346",
    "systemId": "vtm5e",
    "systemVersion": "5.0.11",
    "createdTime": 1745735189773,
    "modifiedTime": 1753740920782,
    "lastModifiedBy": "zzaXLX6rQo9UZdTe",
    "exportSource": null
  },
  "_key": "!items!rNK67AiWZqAdHTTn"
}