{
  "folder": "FMODQuLpMI3LT9JX",
  "name": "Личина самозванця",
  "type": "power",
  "_id": "Tc0WCqxr66enu38u",
  "img": "modules/vampire-the-masquerade-5e-compendium-ukr/packs/assets/330px-Obfuscate_symbol.png",
  "system": {
    "description": "<p>■ Вимога: Маска тисячі облич</p><p>Після певної підготовки вампір може набути вигляду конкретної людини будь-якої статури та статі. Користувач повинен ретельно вивчити об'єкт, інакше шарада провалиться при зустрічі з будь-ким, хто знайомий з імітованою особою не поверхово.</p><p>■ Ціна: Одна перевірка Пробудження</p><p>■ Куби кидка: Кмітливість + Затемнення, Маніпуляція + Акторство</p><p>■ Система: Користувач повинен вивчати обличчя, яке копіює, щонайменше п'ять хвилин з різних ракурсів. Щоб імітувати голос та манери об'єкта, користувачеві потрібно ще десять хвилин спостереження. Користувач може копіювати лише людську зовнішність, а не тваринну форму. Тоді Оповідач робить прихований кидок Кмітливість + Затемнення (Складність 4). Провал означає, що схожість непереконлива, і будь-хто, хто близько знає скопійовану особу, автоматично помічає, що щось не так. Успіх створює переконливу ілюзію, але користувач повинен зробити кидок Маніпуляція + Акторство, щоб імітувати мову та манери. Критичний успіх створює ідеальну ілюзію без потреби в подальших кидках. «Відчуття Невидимого» (Провидіння 1) може пробити маску згідно із Загальними Правилами.</p><p>■ Тривалість: Одна сцена</p>",
    "bonuses": [],
    "discipline": "obfuscate",
    "duration": "",
    "level": 5,
    "dicepool": {},
    "cost": 1,
    "gamesystem": "vampire",
    "macroid": ""
  },
  "effects": [],
  "sort": 0,
  "ownership": {
    "default": 0,
    "zzaXLX6rQo9UZdTe": 3
  },
  "flags": {},
  "_stats": {
    "compendiumSource": null,
    "duplicateSource": null,
    "coreVersion": "13.346",
    "systemId": "vtm5e",
    "systemVersion": "5.0.11",
    "createdTime": 1745735184863,
    "modifiedTime": 1753740741246,
    "lastModifiedBy": "zzaXLX6rQo9UZdTe",
    "exportSource": null
  },
  "_key": "!items!Tc0WCqxr66enu38u"
}