{
  "folder": "FMODQuLpMI3LT9JX",
  "name": "Маска Самозванця",
  "type": "power",
  "_id": "Tc0WCqxr66enu38u",
  "img": "modules/vampire-the-masquerade-5e-compendium-ukr/packs/assets/330px-Obfuscate_symbol.png",
  "system": {
    "description": "<p>■ Передумова: Маска Тисячі Облич</p><p>З деякою підготовкою вампір може виглядати як конкретна людина будь-якої статури та статі. Користувач повинен ретельно вивчити об'єкт, інакше шарада провалиться при зустрічі з кимось, хто має більше, ніж поверхневе знайомство з особою, яку імітують.</p><p>■ Вартість: Одна Перевірка Збудження</p><p>■ Пули кубиків: Кмітливість + Обфускація, Маніпулювання + Виступ</p><p>■ Система: Користувач повинен вивчати обличчя, яке потрібно скопіювати, щонайменше п'ять хвилин з різних ракурсів. Користувачеві потрібно ще десять хвилин спостереження, щоб імітувати голос і манери об'єкта. Користувач може копіювати лише людську зовнішність, а не тваринну форму. Потім Оповідач робить приховану перевірку Кмітливість + Обфускація (Складність 4). Невдача означає, що схожість менш ніж переконлива, і будь-хто, близький до скопійованої особи, автоматично помітить щось не так. Перемога створює переконливу ілюзію, але користувач повинен зробити кидок Маніпулювання + Виступ, щоб імітувати мову та манери. Критична перемога створює ідеальну ілюзію без подальшого кидка. Відчути Невидиме (Ауспекс 1) може пробити маску згідно з Загальними Правилами.</p><p>■ Тривалість: Одна сцена</p>",
    "bonuses": [],
    "discipline": "obfuscate",
    "duration": "",
    "level": 5,
    "dicepool": {},
    "cost": 1,
    "gamesystem": "vampire",
    "macroid": ""
  },
  "effects": [],
  "sort": 0,
  "ownership": {
    "default": 0,
    "zzaXLX6rQo9UZdTe": 3
  },
  "flags": {},
  "_stats": {
    "compendiumSource": null,
    "duplicateSource": null,
    "coreVersion": "13.346",
    "systemId": "vtm5e",
    "systemVersion": "5.0.11",
    "createdTime": 1745735184863,
    "modifiedTime": 1753740741246,
    "lastModifiedBy": "zzaXLX6rQo9UZdTe",
    "exportSource": null
  },
  "_key": "!items!Tc0WCqxr66enu38u"
}