{
  "folder": "NjCpH5FkFKuYKwDg",
  "name": "Безтілесний Прохід",
  "type": "power",
  "_id": "7KT49ezXCamJQSRX",
  "img": "modules/vampire-the-masquerade-5e-compendium-ukr/packs/assets/330px-Blood_Sorcery_symbol.png",
  "system": {
    "description": "<p>Виконавець приймає безтілесний стан, подібний до привида, здатний вільно проходити крізь об'єкти і стає повністю невразливим до фізичних ушкоджень. Він не може фізично взаємодіяти з матеріальним світом, крім як зором і мовою. </p><p>■ Інгредієнти: Дзеркало </p><p>■ Процес: Виконавець проливає свою Кров на дзеркало, співаючи заклинання, а потім розбиває його. </p><p>■ Система: Зробіть кидок Ритуалу. Якщо кидок є перемогою, виконавець приймає безтілесну форму, поки тримає уламок розбитого дзеркала. Перебуваючи в безтілесному стані, виконавець залишається невразливим до всього, крім вогню, сонячного світла та арканної зброї і ритуалів, здатних завдати шкоди духам. Виконавця все ще можна бачити і чути, але він не може фізично взаємодіяти з чим-небудь або ким-небудь. Він не може Збуджувати Кров, перебуваючи в безтілесному стані. Безтілесні виконавці не мають доступу до жодного духовного світу; ритуал не робить їх привидами або духами. Виконавець може проходити крізь стіни та інші об'єкти, але повинен робити це по прямій лінії; він не може змінювати напрямок, перебуваючи всередині твердої матерії. Цей Ритуал триває одну сцену або доки виконавець не впустить уламок. Повернення до матеріального стану всередині твердої матерії може призвести до будь-чого, від знищення до поховання або незначних незручностей (попільничка застрягла на півдорозі в руці виконавця); Оповідач вирішує точний результат.</p>",
    "bonuses": [],
    "discipline": "rituals",
    "duration": "",
    "level": 4,
    "dicepool": {},
    "cost": null,
    "gamesystem": "vampire",
    "macroid": ""
  },
  "effects": [],
  "sort": 0,
  "ownership": {
    "default": 0,
    "zzaXLX6rQo9UZdTe": 3
  },
  "flags": {},
  "_stats": {
    "compendiumSource": null,
    "duplicateSource": null,
    "coreVersion": "13.346",
    "systemId": "vtm5e",
    "systemVersion": "5.0.11",
    "createdTime": 1745735189773,
    "modifiedTime": 1753741006361,
    "lastModifiedBy": "zzaXLX6rQo9UZdTe",
    "exportSource": null
  },
  "_key": "!items!7KT49ezXCamJQSRX"
}