{
  "folder": "NjCpH5FkFKuYKwDg",
  "name": "Безтілесний прохід",
  "type": "power",
  "_id": "7KT49ezXCamJQSRX",
  "img": "modules/vampire-the-masquerade-5e-compendium-ukr/packs/assets/330px-Blood_Sorcery_symbol.png",
  "system": {
    "description": "<p>Заклинач набуває безтілесного стану, подібно до привида, може вільно проходити крізь предмети та стає повністю невразливим до фізичної шкоди. Він не може фізично взаємодіяти з матеріальним світом, окрім як за допомогою зору та мови.</p><p>■ Інгредієнти: Дзеркало</p><p>■ Процес: Заклинач проливає свою Кров на дзеркало, промовляючи закляття, а потім розбиває його.</p><p>■ Система: Зробіть кидок Ритуалу. У разі успіху заклинач набуває безтілесної форми, доки тримає уламок розбитого дзеркала. У безтілесному стані заклинач залишається невразливим до всього, окрім вогню, сонячного світла, а також таємної зброї та ритуалів, здатних завдати шкоди духам. Заклинача все ще можна побачити й почути, але він не може фізично взаємодіяти ні з чим і ні з ким. Він не може Пробуджувати Кров, перебуваючи в безтілесному стані. Безтілесні заклиначі не мають доступу до жодного світу духів; ритуал не перетворює їх на примар чи духів. Заклинач може проходити крізь стіни та інші об'єкти, але мусить рухатися по прямій; він не може змінювати напрямок, перебуваючи всередині твердої матерії. Дія Ритуалу триває одну сцену або доти, доки заклинач не впустить уламок. Повернення в матеріальний стан всередині твердого об'єкта може мати будь-які наслідки — від знищення чи поховання заживо до дрібних незручностей (попільничка застрягла в руці заклинача); точний результат визначає Оповідач.</p>",
    "bonuses": [],
    "discipline": "rituals",
    "duration": "",
    "level": 4,
    "dicepool": {},
    "cost": null,
    "gamesystem": "vampire",
    "macroid": ""
  },
  "effects": [],
  "sort": 0,
  "ownership": {
    "default": 0,
    "zzaXLX6rQo9UZdTe": 3
  },
  "flags": {},
  "_stats": {
    "compendiumSource": null,
    "duplicateSource": null,
    "coreVersion": "13.346",
    "systemId": "vtm5e",
    "systemVersion": "5.0.11",
    "createdTime": 1745735189773,
    "modifiedTime": 1753741006361,
    "lastModifiedBy": "zzaXLX6rQo9UZdTe",
    "exportSource": null
  },
  "_key": "!items!7KT49ezXCamJQSRX"
}