{
  "folder": "0ptt2xkhZKekfhoV",
  "name": "Удар блискавки",
  "type": "power",
  "_id": "0CuTAz11OQyTu8QD",
  "img": "modules/vampire-the-masquerade-5e-compendium-ukr/packs/assets/330px-Aclarity_symbol.png",
  "system": {
    "description": "<p>Швидше, ніж око встигає помітити, вампір може завдати удару кулаком або зброєю ближнього бою з такою швидкістю, що супротивник не в змозі захиститися чи ухилитися. </p><p>■ Вартість: Одна Перевірка Пробудження </p><p>■ Система: Застосовується перед атакою в Бійці або Ближньому бою. Супротивник не робить кидка на ухилення чи захист; атака відбувається зі Складністю 1. Супротивник, що володіє Стрімкістю 5-го рівня, може звести нанівець цю здібність, зробивши власну Перевірку Пробудження та захищаючись із такою ж швидкістю. </p><p>■ Тривалість: Одна атака</p>",
    "bonuses": [],
    "discipline": "celerity",
    "duration": "",
    "level": 5,
    "dicepool": {},
    "cost": 1,
    "gamesystem": "vampire",
    "macroid": ""
  },
  "effects": [],
  "sort": 0,
  "ownership": {
    "default": 0,
    "zzaXLX6rQo9UZdTe": 3
  },
  "flags": {},
  "_stats": {
    "compendiumSource": null,
    "duplicateSource": null,
    "coreVersion": "13.346",
    "systemId": "vtm5e",
    "systemVersion": "5.0.11",
    "createdTime": 1745735182035,
    "modifiedTime": 1753740558845,
    "lastModifiedBy": "zzaXLX6rQo9UZdTe",
    "exportSource": null
  },
  "_key": "!items!0CuTAz11OQyTu8QD"
}