{
  "folder": "yOtmzdhtLktqHV2s",
  "name": "Тривалий поцілунок",
  "type": "power",
  "_id": "Cp1arvoKbkcONGwU",
  "img": "modules/vampire-the-masquerade-5e-compendium-ukr/packs/assets/330px-Presence_symbol.png",
  "system": {
    "description": "<p>Поцілунок вампіра викликає у смертних стан, близький до екстазу, але ця здатність залишає інші Поцілунки далеко позаду. Смертні, якими харчується користувач, стають залежними від Поцілунку, одержимими ним і навіть шукають вампіра для повторних годувань. Смертні часто стають анемічними, завдають собі шкоди або навіть помирають від цієї залежності, але вампіри вважають цю здатність корисною для вирощування стада.</p><p>■ Вартість: Безкоштовно </p><p>■ Система: Вампір може обирати, використовувати цю здатність чи ні під час кожного годування. Користувач додає кубики, що дорівнюють його Присутності, до будь-якого наступного пулу з використанням атрибуту Харизма проти вкушеного суб'єкта. Смертний, яким харчувалися за допомогою цієї здатності, може щотижня робити перевірку Сили Волі (Складність дорівнює Присутності користувача), щоб протистояти ефектам. Перемога в цій перевірці протягом трьох тижнів поспіль руйнує ефект, як і одна критична перемога. </p><p>■ Тривалість: До успішного опору</p>",
    "bonuses": [],
    "discipline": "presence",
    "duration": "",
    "level": 2,
    "dicepool": {},
    "cost": null,
    "gamesystem": "vampire",
    "macroid": ""
  },
  "effects": [],
  "sort": 0,
  "ownership": {
    "default": 0,
    "zzaXLX6rQo9UZdTe": 3
  },
  "flags": {
    "vtm5e": {
      "dataItemId": "power-lingering-kiss"
    }
  },
  "_stats": {
    "compendiumSource": null,
    "duplicateSource": null,
    "coreVersion": "13.346",
    "systemId": "vtm5e",
    "systemVersion": "5.0.11",
    "createdTime": 1745735186900,
    "modifiedTime": 1753740827698,
    "lastModifiedBy": "zzaXLX6rQo9UZdTe",
    "exportSource": null
  },
  "_key": "!items!Cp1arvoKbkcONGwU"
}