{
  "folder": "yOtmzdhtLktqHV2s",
  "name": "Затяжний поцілунок",
  "type": "power",
  "_id": "Cp1arvoKbkcONGwU",
  "img": "modules/vampire-the-masquerade-5e-compendium-ukr/packs/assets/330px-Presence_symbol.png",
  "system": {
    "description": "<p>Поцілунок вампіра викликає у смертних стан, близький до екстазу, але ця здатність затьмарює інші Поцілунки. Смертні, якими харчується користувач, стають залежними від Поцілунку, одержимими ним, і навіть розшукують вампіра для повторних годувань. Смертні часто страждають від анемії, завдають собі шкоди або навіть помирають від цієї залежності, але вампіри вважають цю здатність корисною для створення череди.</p><p>■ Вартість: Безкоштовно</p><p>■ Система: Вампір може обирати, використовувати цю здатність чи ні під час кожного годування. Користувач додає кількість кубиків, що дорівнює його Присутності, до будь-якого наступного кидка з використанням атрибута Харизма проти вкушеної жертви. Смертний, до якого застосували цю здатність, може щотижня робити перевірку Сили Волі (Складність дорівнює Присутності користувача), щоб протистояти ефекту. Три успішні перевірки поспіль знімають ефект, так само як і один критичний успіх.</p><p>■ Тривалість: До успішного спротиву</p>",
    "bonuses": [],
    "discipline": "presence",
    "duration": "",
    "level": 2,
    "dicepool": {},
    "cost": null,
    "gamesystem": "vampire",
    "macroid": ""
  },
  "effects": [],
  "sort": 0,
  "ownership": {
    "default": 0,
    "zzaXLX6rQo9UZdTe": 3
  },
  "flags": {
    "vtm5e": {
      "dataItemId": "power-lingering-kiss"
    }
  },
  "_stats": {
    "compendiumSource": null,
    "duplicateSource": null,
    "coreVersion": "13.346",
    "systemId": "vtm5e",
    "systemVersion": "5.0.11",
    "createdTime": 1745735186900,
    "modifiedTime": 1753740827698,
    "lastModifiedBy": "zzaXLX6rQo9UZdTe",
    "exportSource": null
  },
  "_key": "!items!Cp1arvoKbkcONGwU"
}