{
  "folder": "018Mfr6auKKYLXyI",
  "name": "Величність",
  "type": "power",
  "_id": "Qi20ayGyhBONe5n7",
  "img": "modules/vampire-the-masquerade-5e-compendium-ukr/packs/assets/330px-Presence_symbol.png",
  "system": {
    "description": "<p>На цій вершині Дисципліни вампір може посилити свій образ до надприродного рівня. Незалежно від того, чи постають вони нестерпно прекрасними, по-монструозному жахливими чи випромінюють абсолютну владу, кожен, хто їх бачить, вражений їхнім образом і нездатний діяти чи навіть говорити проти вампіра. Відчути Велич — означає опинитися в присутності божественного чи пекельного.</p><p>■ Ціна: Дві Перевірки Пробудження</p><p>■ Запас кубів: Харизма + Присутність проти Самоконтролю + Рішучості</p><p>■ Система: Люди в присутності користувача можуть лише витріщатися з відвислою щелепою або відводити погляд зі страху чи покори. Кожен, хто хоче діяти будь-яким чином всупереч користувачеві, окрім як задля самозбереження, повинен успішно перемогти в змаганні свого Самоконтролю + Рішучості проти Харизми + Присутності вампіра. Перемога дає один хід свободи, плюс один за кожне очко переваги; лише критична перемога дозволяє протистояти ефекту протягом усієї сцени.</p><p>■ Тривалість: Одна сцена</p>",
    "bonuses": [],
    "discipline": "presence",
    "duration": "",
    "level": 5,
    "dicepool": {
      "vWPKLuUU": {
        "path": "attributes.charisma"
      },
      "OROgcjY4": {
        "path": "disciplines.presence"
      }
    },
    "cost": 2,
    "gamesystem": "vampire",
    "macroid": ""
  },
  "effects": [],
  "sort": 0,
  "ownership": {
    "default": 0,
    "zzaXLX6rQo9UZdTe": 3
  },
  "flags": {},
  "_stats": {
    "compendiumSource": null,
    "duplicateSource": null,
    "coreVersion": "13.346",
    "systemId": "vtm5e",
    "systemVersion": "5.0.11",
    "createdTime": 1745735186900,
    "modifiedTime": 1753740847207,
    "lastModifiedBy": "zzaXLX6rQo9UZdTe",
    "exportSource": null
  },
  "_key": "!items!Qi20ayGyhBONe5n7"
}