{
  "folder": "018Mfr6auKKYLXyI",
  "name": "Велич",
  "type": "power",
  "_id": "Qi20ayGyhBONe5n7",
  "img": "modules/vampire-the-masquerade-5e-compendium-ukr/packs/assets/330px-Presence_symbol.png",
  "system": {
    "description": "<p>На цій вершині Дисципліни вампір може посилити свій вигляд до надприродного рівня. Незалежно від того, чи виглядають вони розпачливо красивими, жахливо страшними, чи володіють абсолютною владою, кожен, хто їх бачить, вражений їхнім образом, нездатний діяти чи навіть говорити проти вампіра. Відчути Велич — це бути в присутності божественного або пекельного.</p><p>■ Вартість: Дві Перевірки Збудження</p><p>■ Пули кубиків: Харизма + Присутність проти Стриманість + Зосередженість</p><p>■ Система: Люди в присутності користувача можуть лише витріщатися з відвислою щелепою або відводити очі в страху чи покорі. Кожен, хто хоче діяти будь-яким чином всупереч користувачеві, за винятком самозбереження, повинен успішно перемогти в змаганні своєї Стриманості + Зосередженості проти Харизми + Присутності вампіра. Перемога дає один хід свободи, плюс один за кожне очко переваги; лише критична перемога протистоїть ефекту протягом усієї сцени.</p><p>■ Тривалість: Одна сцена</p>",
    "bonuses": [],
    "discipline": "presence",
    "duration": "",
    "level": 5,
    "dicepool": {
      "vWPKLuUU": {
        "path": "attributes.charisma"
      },
      "OROgcjY4": {
        "path": "disciplines.presence"
      }
    },
    "cost": 2,
    "gamesystem": "vampire",
    "macroid": ""
  },
  "effects": [],
  "sort": 0,
  "ownership": {
    "default": 0,
    "zzaXLX6rQo9UZdTe": 3
  },
  "flags": {},
  "_stats": {
    "compendiumSource": null,
    "duplicateSource": null,
    "coreVersion": "13.346",
    "systemId": "vtm5e",
    "systemVersion": "5.0.11",
    "createdTime": 1745735186900,
    "modifiedTime": 1753740847207,
    "lastModifiedBy": "zzaXLX6rQo9UZdTe",
    "exportSource": null
  },
  "_key": "!items!Qi20ayGyhBONe5n7"
}