{
  "folder": "ykvCtSnbJUEIQQm2",
  "name": "Маска тисячі облич",
  "type": "power",
  "_id": "eBgOKFagMvFn1gS3",
  "img": "modules/vampire-the-masquerade-5e-compendium-ukr/packs/assets/330px-Obfuscate_symbol.png",
  "system": {
    "description": "<p>Замість зникнення вампір, що використовує цю здатність, може набути вигляду непримітного незнайомця, когось, кого очікують побачити в цій місцевості. На відміну від інших здібностей Затемнення, ця дозволяє користувачеві взаємодіяти та спілкуватися з тими, кого він може зустріти. Вони майже не викликають підозри, доки їхня присутність є хоч трохи правдоподібною (тобто здатність не обдурить людей, які нікого не очікують, або тих, хто вороже налаштований до будь-якого незнайомця). Здатність також не надає жодних документів, що посвідчують особу, чи інших способів ввести в оману під час перевірки особи.</p><p>■ Вартість: Одна Перевірка Пробудження</p><p>■ Система: Кидок не потрібен. Кожен, хто дивиться на вампіра, бачить обличчя, що не запам'ятовується, тієї ж статі та приблизно тієї ж статури й зросту, що й користувач. Одяг набуває такої ж невиразності, залежно від оточення. В офісі користувач може виглядати як нічний сторож, а на складальному цеху він може бути в робочому комбінезоні. «Відчуття Невидимого» (Провидіння 1) може, як завжди, розкрити цю здатність.</p><p>■ Тривалість: Одна сцена</p>",
    "bonuses": [],
    "discipline": "obfuscate",
    "duration": "",
    "level": 3,
    "dicepool": {},
    "cost": 1,
    "gamesystem": "vampire",
    "macroid": ""
  },
  "effects": [],
  "sort": 0,
  "ownership": {
    "default": 0,
    "zzaXLX6rQo9UZdTe": 3
  },
  "flags": {},
  "_stats": {
    "compendiumSource": null,
    "duplicateSource": null,
    "coreVersion": "13.346",
    "systemId": "vtm5e",
    "systemVersion": "5.0.11",
    "createdTime": 1745735184863,
    "modifiedTime": 1753740696922,
    "lastModifiedBy": "zzaXLX6rQo9UZdTe",
    "exportSource": null
  },
  "_key": "!items!eBgOKFagMvFn1gS3"
}