{
  "folder": "ykvCtSnbJUEIQQm2",
  "name": "Маска тисячі облич",
  "type": "power",
  "_id": "eBgOKFagMvFn1gS3",
  "img": "modules/vampire-the-masquerade-5e-compendium-ukr/packs/assets/330px-Obfuscate_symbol.png",
  "system": {
    "description": "<p>Замість того, щоб зникати, вампір, що використовує цю здатність, може змусити себе виглядати як непримітний незнайомець, хтось, кого очікують побачити в цій місцевості. На відміну від інших здібностей Обфускації, це дозволяє користувачеві взаємодіяти та спілкуватися з тими, кого він може зустріти. Вони викликають мало підозр, доки їхня присутність є хоч трохи правдоподібною (тобто це не обдурить людей, які нікого не очікують або були б ворожими до будь-кого, кого вони не знають). Здатність також не надає жодної особистої ідентифікації чи інших способів ввести в оману під час перевірки особи. </p><p>■ Вартість: Одна Перевірка Збудження </p><p>■ Система: Перевірка не потрібна. Кожен, хто бачить вампіра, бачить обличчя, що легко забувається, тієї ж статі та приблизної статури й зросту, що й користувач. Одяг набуває такої ж невиразності, залежно від оточення. В офісі користувач може виглядати як нічний сторож, тоді як на складальному заводі він може здаватися одягненим у комбінезон. Відчуття Невидимого (Ауспекс 1) може пробити цю здатність, як зазвичай. </p><p>■ Тривалість: Одна сцена</p>",
    "bonuses": [],
    "discipline": "obfuscate",
    "duration": "",
    "level": 3,
    "dicepool": {},
    "cost": 1,
    "gamesystem": "vampire",
    "macroid": ""
  },
  "effects": [],
  "sort": 0,
  "ownership": {
    "default": 0,
    "zzaXLX6rQo9UZdTe": 3
  },
  "flags": {},
  "_stats": {
    "compendiumSource": null,
    "duplicateSource": null,
    "coreVersion": "13.346",
    "systemId": "vtm5e",
    "systemVersion": "5.0.11",
    "createdTime": 1745735184863,
    "modifiedTime": 1753740696922,
    "lastModifiedBy": "zzaXLX6rQo9UZdTe",
    "exportSource": null
  },
  "_key": "!items!eBgOKFagMvFn1gS3"
}