{
  "folder": "wOjbxqHPqPikcADT",
  "name": "Масова Маніпуляція",
  "type": "power",
  "_id": "zR6f82C2yx1VwrvB",
  "img": "modules/vampire-the-masquerade-5e-compendium-ukr/packs/assets/330px-Dominate_symbol.png",
  "system": {
    "description": "<p>Вампір тепер може наказувати цілим зборам смертних, а в деяких випадках навіть групам вампірів. Вампір може використовувати цю здатність як для видачі інструкцій, так і для маніпулювання спогадами. </p><p>■ Вартість: Одна Перевірка Збудження на додаток до вартості посиленої здатності </p><p>■ Система: Вампір може посилити будь-яку зі своїх інших здібностей, щоб одночасно вплинути на групу людей, смертних чи вампірів. Усі жертви повинні бачити очі користувача. Користувач робить будь-який необхідний кидок проти найсильнішого супротивника в групі. </p><p>■ Тривалість: Як у посиленої здатності</p>",
    "bonuses": [],
    "discipline": "dominate",
    "duration": "",
    "level": 5,
    "dicepool": {},
    "cost": 1,
    "gamesystem": "vampire",
    "macroid": ""
  },
  "effects": [],
  "sort": 0,
  "ownership": {
    "default": 0,
    "zzaXLX6rQo9UZdTe": 3
  },
  "flags": {},
  "_stats": {
    "compendiumSource": null,
    "duplicateSource": null,
    "coreVersion": "13.346",
    "systemId": "vtm5e",
    "systemVersion": "5.0.11",
    "createdTime": 1745735182706,
    "modifiedTime": 1753740611827,
    "lastModifiedBy": "zzaXLX6rQo9UZdTe",
    "exportSource": null
  },
  "_key": "!items!zR6f82C2yx1VwrvB"
}