{
  "folder": "r6CF90GrMhTKyVCo",
  "name": "Зачаровувати, заворожувати, гіпнотизувати",
  "type": "power",
  "_id": "VrxvOv0sLz2ZhXCm",
  "img": "modules/vampire-the-masquerade-5e-compendium-ukr/packs/assets/330px-Dominate_symbol.png",
  "system": {
    "description": "<p>Вампір може віддавати жертві складні накази, за умови, що він утримує її погляд і перебуває у відносній тиші, щоб віддати інструкції. Інструкції мають бути виконані негайно та настільки добре, наскільки це в силах жертви, і не повинні містити жодних умовних дій («...якщо побачиш Генрі, віддай йому документ»), оскільки це вимагатиме від жертви застосування розумових здібностей.</p><p>■ Вартість: Одна Перевірка Пробудження</p><p>■ Резерв кубиків: Маніпуляція + Домінування проти Інтелекту + Рішучості</p><p>■ Система: Проти непідготовленої смертної жертви кидок не потрібен. Наказ жертві, що чинить опір, або іншому вампіру вимагає змагального кидка: Маніпуляція + Домінування проти Інтелекту + Рішучості. Накази, що суперечать природі жертви, також вимагають такого змагального кидка.</p><p>■ Тривалість: До виконання наказу або до кінця сцени, залежно від того, що настане раніше.</p>",
    "bonuses": [],
    "discipline": "dominate",
    "duration": "",
    "level": 2,
    "dicepool": {
      "RQrDuvSm": {
        "path": "attributes.manipulation"
      },
      "ylwxmyDz": {
        "path": "disciplines.dominate"
      }
    },
    "cost": 1,
    "gamesystem": "vampire",
    "macroid": ""
  },
  "effects": [],
  "sort": 0,
  "ownership": {
    "default": 0,
    "zzaXLX6rQo9UZdTe": 3
  },
  "flags": {},
  "_stats": {
    "compendiumSource": null,
    "duplicateSource": null,
    "coreVersion": "13.346",
    "systemId": "vtm5e",
    "systemVersion": "5.0.11",
    "createdTime": 1745735182706,
    "modifiedTime": 1753740594807,
    "lastModifiedBy": "zzaXLX6rQo9UZdTe",
    "exportSource": null
  },
  "_key": "!items!VrxvOv0sLz2ZhXCm"
}