{
  "folder": "6W17X6j7IKAr3bFK",
  "name": "Метаморфоза",
  "type": "power",
  "_id": "L0rzl2WvqmiiQRZf",
  "img": "modules/vampire-the-masquerade-5e-compendium-ukr/packs/assets/330px-Protean_symbol.png",
  "system": {
    "description": "<p>■ Передумова: Зміна форми </p><p>Ця здатність надає користувачеві додаткову тваринну форму, цього разу також дозволяючи змінювати свій розмір. Вампіри найчастіше перетворюються на кажанів, щурів, незвично великих комах або змій. (див. с. 373) </p><p>■ Вартість: Одна Перевірка Збудження </p><p>■ Система: Так само, як і Зміна форми. </p><p>■ Тривалість: Одна сцена, якщо не завершено добровільно раніше</p>",
    "bonuses": [],
    "discipline": "protean",
    "duration": "",
    "level": 4,
    "dicepool": {},
    "cost": 1,
    "gamesystem": "vampire",
    "macroid": ""
  },
  "effects": [],
  "sort": 0,
  "ownership": {
    "default": 0,
    "zzaXLX6rQo9UZdTe": 3
  },
  "flags": {},
  "_stats": {
    "compendiumSource": null,
    "duplicateSource": null,
    "coreVersion": "13.346",
    "systemId": "vtm5e",
    "systemVersion": "5.0.11",
    "createdTime": 1745735188131,
    "modifiedTime": 1753740891411,
    "lastModifiedBy": "zzaXLX6rQo9UZdTe",
    "exportSource": null
  },
  "_key": "!items!L0rzl2WvqmiiQRZf"
}