{
  "folder": "d0cbkbZyUVUaPfFD",
  "name": "Туманна форма",
  "type": "power",
  "_id": "vphRUkShpusPJIdl",
  "img": "modules/vampire-the-masquerade-5e-compendium-ukr/packs/assets/330px-Protean_symbol.png",
  "system": {
    "description": "Вампір здобуває легендарну силу перетворюватися на хмару туману, видиму для ока, але невразливу ні до чого, крім вогню, сонячного світла та надприродної агресії. Він може просочуватися крізь труби, щілини та тріщини. Хоча сильні вітри можуть тріпати його, жодна природна сила не може розвіяти цю хмару.\n\n■ Вартість: Одна-три Перевірки Пробудження\n\n■ Система: Кидок не потрібен. Перетворення триває три ходи, але його можна прискорити додатковими Перевірками Пробудження, кожна з яких скорочує час на один хід. Перебуваючи в формі туману, вампір рухається зі швидкістю ходи й сприймає оточення містичним чином, ніби перебуває там у звичайному тілі. Вампір у формі туману не може встановлювати зоровий контакт або говорити. Він може використовувати лише ті Дисципліни, що не вимагають фізичної форми чи присутності, на розсуд Оповідача. Перебуваючи в формі туману, вампір може зазнати шкоди лише від сонячного світла, вогню та нематеріальних надприродних атак (наприклад, деяких Ритуалів).\n\n■ Тривалість: Одна сцена, якщо не припинити дію добровільно раніше",
    "bonuses": [],
    "discipline": "protean",
    "duration": "",
    "level": 5,
    "dicepool": {},
    "cost": 1,
    "gamesystem": "vampire",
    "macroid": ""
  },
  "effects": [],
  "sort": 0,
  "ownership": {
    "default": 0,
    "zzaXLX6rQo9UZdTe": 3
  },
  "flags": {},
  "_stats": {
    "compendiumSource": null,
    "duplicateSource": null,
    "coreVersion": "13.346",
    "systemId": "vtm5e",
    "systemVersion": "5.0.11",
    "createdTime": 1745735188131,
    "modifiedTime": 1753740894708,
    "lastModifiedBy": "zzaXLX6rQo9UZdTe",
    "exportSource": null
  },
  "_key": "!items!vphRUkShpusPJIdl"
}