{
  "folder": "d0cbkbZyUVUaPfFD",
  "name": "Форма туману",
  "type": "power",
  "_id": "vphRUkShpusPJIdl",
  "img": "modules/vampire-the-masquerade-5e-compendium-ukr/packs/assets/330px-Protean_symbol.png",
  "system": {
    "description": "<p>Вампір отримує легендарну здатність перетворюватися на хмару туману, видиму для ока, але недоторканну для всього, крім вогню, сонячного світла та надприродної агресії. Він може проникати крізь труби, щілини та тріщини. Хоча сильні вітри можуть його тріпати, жодна природна сила не може розсіяти хмару.</p><p>■ Вартість: Від однієї до трьох Перевірок Збудження</p><p>■ Система: Кидок не потрібен. Перетворення займає три ходи, хоча його можна прискорити за допомогою додаткових Перевірок Збудження за принципом один до одного. У формі туману вампір рухається з швидкістю ходьби та сприймає оточення містичними засобами, ніби він там у звичайному стані. Вампір у формі туману не може встановлювати зоровий контакт або говорити. Він може використовувати лише ті Дисципліни, які не вимагають фізичної форми чи присутності, на розсуд Оповідача. У формі туману вампір може отримати ушкодження лише від сонячного світла, вогню та нематеріальних надприродних атак (наприклад, деяких Ритуалів).</p><p>■ Тривалість: Одна сцена, якщо не завершено добровільно раніше</p>",
    "bonuses": [],
    "discipline": "protean",
    "duration": "",
    "level": 5,
    "dicepool": {},
    "cost": 1,
    "gamesystem": "vampire",
    "macroid": ""
  },
  "effects": [],
  "sort": 0,
  "ownership": {
    "default": 0,
    "zzaXLX6rQo9UZdTe": 3
  },
  "flags": {},
  "_stats": {
    "compendiumSource": null,
    "duplicateSource": null,
    "coreVersion": "13.346",
    "systemId": "vtm5e",
    "systemVersion": "5.0.11",
    "createdTime": 1745735188131,
    "modifiedTime": 1753740894708,
    "lastModifiedBy": "zzaXLX6rQo9UZdTe",
    "exportSource": null
  },
  "_key": "!items!vphRUkShpusPJIdl"
}