{
  "folder": "YSRupupnXCyqqKc7",
  "name": "Одержимість",
  "type": "power",
  "_id": "JraucACRfWV8q9jq",
  "img": "modules/vampire-the-masquerade-5e-compendium-ukr/packs/assets/330px-Auspex_symbol.png",
  "system": {
    "description": "<p>■ Амальгама: Домінування 3</p><p>За допомогою цієї здатності вампір може позбавити смертного волі та повністю оволодіти його тілом, використовуючи його як своє власне. Хоча розум суб'єкта залишається прихованим від вампіра, він може робити все і йти куди завгодно, куди міг би суб'єкт, поки здатність активна. Використовуючи це, вампір може навіть відчути сонячне світло, їжу та фізичну сексуальність, яких йому давно відмовлено, а його господар платить ціну за будь-яке знущання, яке вампір завдає його тілу, керуючи ним.</p><p>■ Вартість: Дві Перевірки Збудження</p><p>■ Пули кубиків: Зосередженість + Ауспекс проти Зосередженість + Інтелект</p><p>■ Система: Ця здатність може бути використана лише на смертних. Якщо смертний є гулем, він спочатку повинен бути пов'язаний Кровним Зв'язком з користувачем. Перш ніж почати одержимість, вампір повинен встановити зоровий контакт зі своєю жертвою (див. Домінування, с. 254). Потім користувач вступає в конфлікт Зосередженість + Ауспекс проти Зосередженість + Інтелект з жертвою, щоб вселитися в її тіло. Якщо гравець вампіра отримує повну невдачу, жертва стає несприйнятливою до подальших спроб Одержимості протягом усієї історії. Як тільки вампір вселяється в тіло своєї жертви, його власне тіло впадає в стан, схожий на торпор, повністю не усвідомлюючи свого оточення та власного фізичного стану, за винятком Агравованого Ушкодження, яке перериває транс і припиняє ефекти. Вампір, що володіє смертним, може використовувати через нього Ауспекс, Присутність та Домінування. Якщо користувач бажає продовжити Одержимість вдень, він повинен зробити кидок, щоб не заснути (с. 219). Невдача в цьому кидку припиняє дію здатності. Будь-яке Агравоване Ушкодження суб'єкта також ризикує припинити одержимість – користувач повинен успішно пройти перевірку Зосередженість + Ауспекс (Складність 2 + отримане ушкодження), щоб залишитися під контролем. Якщо суб'єкт помирає під час Одержимості, отримана духовна травма негайно завдає користувачеві трьох рівнів Агравованого ушкодження Сили Волі. Ця здатність не дає користувачеві можливості читати думки, використовувати навички або наслідувати манери жертви. Будь-які використані навички використовують рейтинг вампіра, що володіє. Користувач повинен зробити кидок Маніпулвання + Виступ проти Кмітливість + Проникливість, щоб успішно імітувати манери, вирази обличчя та інше жертви. Нарешті, Одержимість порушує цілісність жертви навіть глибше, ніж Кровний Зв'язок. Оповідач повинен розглянути можливість нагородження Плямами за цю дію.</p><p>■ Тривалість: До завершення, добровільного чи мимовільного.</p>",
    "bonuses": [],
    "discipline": "auspex",
    "duration": "",
    "level": 5,
    "dicepool": {
      "MkKNIHEQ": {
        "path": "attributes.resolve"
      },
      "TYyBTMOP": {
        "path": "disciplines.auspex"
      }
    },
    "cost": 2,
    "gamesystem": "vampire",
    "macroid": ""
  },
  "effects": [],
  "sort": 0,
  "ownership": {
    "default": 0,
    "zzaXLX6rQo9UZdTe": 3
  },
  "flags": {},
  "_stats": {
    "compendiumSource": null,
    "duplicateSource": null,
    "coreVersion": "13.346",
    "systemId": "vtm5e",
    "systemVersion": "5.0.11",
    "createdTime": 1745735179703,
    "modifiedTime": 1753740446242,
    "lastModifiedBy": "zzaXLX6rQo9UZdTe",
    "exportSource": null
  },
  "_key": "!items!JraucACRfWV8q9jq"
}