{
  "folder": "YSRupupnXCyqqKc7",
  "name": "Володіння",
  "type": "power",
  "_id": "JraucACRfWV8q9jq",
  "img": "modules/vampire-the-masquerade-5e-compendium-ukr/packs/assets/330px-Auspex_symbol.png",
  "system": {
    "description": "<p>■ Амальгама: Домінування 3</p><p>Завдяки цій силі вампір може позбавити смертного волі та повністю заволодіти його тілом, використовуючи його як своє власне. Хоча розум суб'єкта залишається прихованим від вампіра, він може робити все і ходити куди завгодно, куди міг би суб'єкт, поки сила залишається активною. Використовуючи це, вампір може навіть відчути сонячне світло, їжу та фізичну сексуальність, яких його давно позбавили, а його носій платить ціну за будь-яке знущання, якого вампір завдає його тілу, керуючи ним.</p><p>■ Вартість: Дві Перевірки Пробудження</p><p>■ Запас кубиків: Рішучість + Провидіння проти Рішучості + Інтелекту</p><p>■ Система: Цю силу можна використовувати лише на смертних. Якщо смертний є упирем, він спершу має бути зв'язаний узами крові з користувачем. Перш ніж заволодіння може початися, вампір повинен встановити зоровий контакт зі своєю жертвою (див. Домінування, с. 254). Потім користувач вступає в конфлікт Рішучість + Провидіння проти Рішучості + Інтелекту з жертвою, щоб вселитися в її тіло. Якщо гравець вампіра зазнає повної невдачі при кидку, жертва стає несприйнятливою до подальших спроб Заволодіння до кінця історії. Коли вампір вселяється в тіло своєї жертви, його власне тіло впадає в подібний до торпору транс, повністю не усвідомлюючи свого оточення та власного фізичного стану, за винятком Агравованих ушкоджень, які переривають транс і припиняють дію сили. Вампір, що володіє смертним, може використовувати через нього Провидіння, Присутність та Домінування. Якщо користувач бажає продовжити Заволодіння на денний час, він повинен зробити кидок, щоб не заснути (с. 219). Невдача в цьому кидку припиняє дію сили. Будь-які Агравовані ушкодження, завдані суб'єкту, також ризикують припинити заволодіння — користувач повинен успішно пройти перевірку Рішучість + Провидіння (Складність 2 + отримані ушкодження), щоб зберегти контроль. Якщо суб'єкт помирає під час Заволодіння, отримана духовна травма негайно завдає користувачеві три рівні Агравованих ушкоджень Сили Волі. Ця сила не дає користувачеві здатності читати думки, використовувати навички чи імітувати манери жертви. Будь-які застосовані навички використовують показник вампіра, що заволодів тілом. Користувач повинен зробити кидок Маніпулювання + Артистизм проти Кмітливості + Проникливості, щоб успішно імітувати манери, вирази обличчя жертви тощо. Нарешті, Заволодіння порушує особистість жертви навіть глибше, ніж узи крові. Оповідач повинен розглянути можливість нагородження Плямами за цю дію.</p><p>■ Тривалість: До припинення, добровільного чи мимовільного.</p>",
    "bonuses": [],
    "discipline": "auspex",
    "duration": "",
    "level": 5,
    "dicepool": {
      "MkKNIHEQ": {
        "path": "attributes.resolve"
      },
      "TYyBTMOP": {
        "path": "disciplines.auspex"
      }
    },
    "cost": 2,
    "gamesystem": "vampire",
    "macroid": ""
  },
  "effects": [],
  "sort": 0,
  "ownership": {
    "default": 0,
    "zzaXLX6rQo9UZdTe": 3
  },
  "flags": {},
  "_stats": {
    "compendiumSource": null,
    "duplicateSource": null,
    "coreVersion": "13.346",
    "systemId": "vtm5e",
    "systemVersion": "5.0.11",
    "createdTime": 1745735179703,
    "modifiedTime": 1753740446242,
    "lastModifiedBy": "zzaXLX6rQo9UZdTe",
    "exportSource": null
  },
  "_key": "!items!JraucACRfWV8q9jq"
}