{
  "folder": "ktI6ZDtzasFQxSeA",
  "name": "Передчуття",
  "type": "power",
  "_id": "W6UmkY8jGLF6nA5G",
  "img": "modules/vampire-the-masquerade-5e-compendium-ukr/packs/assets/330px-Auspex_symbol.png",
  "system": {
    "description": "<p>Вампір переживає спалахи прозріння. Вони можуть проявлятися як відчуття, що волосся стає дибки, раптове натхнення або навіть яскраві видіння. Хоч ці видіння ніколи не бувають надто точними, вони можуть вберегти вампіра від небезпеки або розкрити раніше непомічену істину.</p><p>■ Вартість: Безкоштовно або одна Перевірка Пробудження</p><p>■ Запас кубиків: Рішучість + Провидіння</p><p>■ Система: Коли Оповідач вважає це доречним, ця здатність дає персонажу раптову підказку, що якимось чином йому допомагає: дозволяє знайти пропущену зачіпку або рятує від небезпеки. Чи то раптове видіння, як персонаж заходить у пастку, чи привабливе червоне сяйво над другим поворотом праворуч під час погоні, чи короткий спалах скелета під мостинами в кабінеті Князя — ця здатність завжди дає Оповідачеві право непомітно прискорити гру або скерувати історію в потрібне русло. Рекомендоване обмеження — одне передчуття на сцену, навіть якщо Передчуттям володіє більше одного персонажа.</p><p>■ Користувач також може свідомо викликати передчуття, зосередившись на певному предметі чи темі, зробивши Перевірку Пробудження та кинувши Рішучість + Провидіння. Кількість отриманих успіхів визначає рівень прозріння щодо обраної теми, якщо воно взагалі є.</p><p>■ Тривалість: Пасивна</p>",
    "bonuses": [],
    "discipline": "auspex",
    "duration": "",
    "level": 2,
    "dicepool": {
      "KGBxuUVk": {
        "path": "attributes.resolve"
      },
      "l4pZnl11": {
        "path": "disciplines.auspex"
      }
    },
    "cost": 1,
    "gamesystem": "vampire",
    "macroid": ""
  },
  "effects": [],
  "sort": 0,
  "ownership": {
    "default": 0,
    "zzaXLX6rQo9UZdTe": 3
  },
  "flags": {},
  "_stats": {
    "compendiumSource": null,
    "duplicateSource": null,
    "coreVersion": "13.346",
    "systemId": "vtm5e",
    "systemVersion": "5.0.11",
    "createdTime": 1745735179703,
    "modifiedTime": 1753740429562,
    "lastModifiedBy": "zzaXLX6rQo9UZdTe",
    "exportSource": null
  },
  "_key": "!items!W6UmkY8jGLF6nA5G"
}