{
  "folder": "ktI6ZDtzasFQxSeA",
  "name": "Передчуття",
  "type": "power",
  "_id": "W6UmkY8jGLF6nA5G",
  "img": "modules/vampire-the-masquerade-5e-compendium-ukr/packs/assets/330px-Auspex_symbol.png",
  "system": {
    "description": "<p>Вампір переживає спалахи прозріння. Вони можуть набувати форми наїжаченої шерсті, раптового натхнення або навіть яскравих видінь. Хоча вони ніколи не бувають надто точними, ці видіння можуть вивести вампіра з небезпеки або розкрити раніше непомічену істину. </p><p>■ Вартість: Безкоштовно або одна Перевірка Збудження </p><p>■ Пули кубиків: Зосередженість + Ауспекс </p><p>■ Система: Коли Оповідач вважає це доречним, ця здатність дає персонажу раптову підказку, яка допомагає йому в чомусь: дозволяє знайти пропущену підказку або рятує від небезпеки. Незалежно від того, чи дає вона персонажу раптове видіння, як він потрапляє в пастку, чи привабливе червоне світло над другим правим поворотом під час погоні, чи короткий спалах скелета під підлогою в кабінеті Принца, ця здатність завжди дає Оповідачеві можливість непомітно прискорити гру або направити історію на бажаний шлях. Рекомендоване обмеження — одне передчуття на сцену, навіть якщо передчуття є у кількох персонажів. </p><p>■ Користувач також може активно викликати передчуття, зосередившись на об'єкті, зробивши Перевірку Збудження та кинувши Зосередженість + Ауспекс. Кількість отриманих успіхів визначає рівень прозріння щодо об'єкта, якщо такий є. </p><p>■ Тривалість: Пасивно</p>",
    "bonuses": [],
    "discipline": "auspex",
    "duration": "",
    "level": 2,
    "dicepool": {
      "KGBxuUVk": {
        "path": "attributes.resolve"
      },
      "l4pZnl11": {
        "path": "disciplines.auspex"
      }
    },
    "cost": 1,
    "gamesystem": "vampire",
    "macroid": ""
  },
  "effects": [],
  "sort": 0,
  "ownership": {
    "default": 0,
    "zzaXLX6rQo9UZdTe": 3
  },
  "flags": {},
  "_stats": {
    "compendiumSource": null,
    "duplicateSource": null,
    "coreVersion": "13.346",
    "systemId": "vtm5e",
    "systemVersion": "5.0.11",
    "createdTime": 1745735179703,
    "modifiedTime": 1753740429562,
    "lastModifiedBy": "zzaXLX6rQo9UZdTe",
    "exportSource": null
  },
  "_key": "!items!W6UmkY8jGLF6nA5G"
}