{
  "folder": "LoArRqUzbXVhfkov",
  "name": "Профанна ієрогамія",
  "type": "power",
  "_id": "ajVkVf06GqJuqAMp",
  "img": "modules/vampire-the-masquerade-5e-compendium-ukr/packs/assets/330px-Alchemy_symbol.png",
  "system": {
    "description": "<p>Алхімічні тексти говорять про Великого Гермафродита, союз протилежностей. День і ніч, чоловіче і жіноче, життя і смерть. Алхіміки, що опанували світський аспект Гієрос Гамосу, використовують плинну природу свого стану, щоб змінити стать. Це жорстокий процес, що вимагає великої відданості та переконаності, але це сила, якій багато Сородичів у своїй незмінній подобі таємно заздрять. Це також чудовий спосіб змінити особистість або надягнути нову маску.</p><p>■ Інгредієнти: Кров алхіміка, кров п'яти різних сосудів, що повністю ідентифікують себе з бажаною статтю.</p><p>■ Система: Після приготування формули алхімік проводить самокастрацію та/або мастектомію, перш ніж впасти у денний сон. Прокинувшись, вони стають досконало сформованим зразком бажаної статі. По суті, все так, наче вони такими й народилися. Існують навіть історії про жінок із Сутінкових, що створили себе самі та народжували дітей. За бажанням, модифікована процедура може створити будь-яку конфігурацію статі чи агендерності, яку тільки можна уявити.</p><p>■ Тривалість: Постійна, доки не буде виконано знову.</p>",
    "bonuses": [],
    "discipline": "alchemy",
    "duration": "",
    "level": 1,
    "dicepool": {},
    "cost": null,
    "gamesystem": "vampire",
    "macroid": ""
  },
  "effects": [],
  "sort": 0,
  "ownership": {
    "default": 0,
    "zzaXLX6rQo9UZdTe": 3
  },
  "flags": {},
  "_stats": {
    "compendiumSource": null,
    "duplicateSource": null,
    "coreVersion": "13.346",
    "systemId": "vtm5e",
    "systemVersion": "5.0.11",
    "createdTime": 1745735190439,
    "modifiedTime": 1753741398355,
    "lastModifiedBy": "zzaXLX6rQo9UZdTe",
    "exportSource": null
  },
  "_key": "!items!ajVkVf06GqJuqAMp"
}