{
  "folder": "LoArRqUzbXVhfkov",
  "name": "Профанний Гієрос Гамос",
  "type": "power",
  "_id": "ajVkVf06GqJuqAMp",
  "img": "modules/vampire-the-masquerade-5e-compendium-ukr/packs/assets/330px-Alchemy_symbol.png",
  "system": {
    "description": "<p>Алхімічні тексти говорять про Великого Гермафродита, союз протилежностей. День і ніч, чоловік і жінка, життя і смерть. Алхіміки, які опанували мирський аспект Гієрос Гамосу, використовують плинну природу свого стану, щоб змінити свою стать. Це брудний процес, що вимагає великої відданості та переконання, але це сила, якій багато Кревних таємно заздрять у своїй незмінній формі. Це також чудовий спосіб змінити особистість або прийняти нову маску.</p><p>■ Інгредієнти: Кров алхіміка, кров п'яти різних судин, що повністю ідентифікують себе з бажаною статтю</p><p>■ Система: Після приготування формули, Алхімік виконує самокастрацію та/або мастектомію перед тим, як впасти в денний сон. Прокинувшись, він виявляє себе ідеально сформованим зразком бажаної статі. По суті, це так, ніби він народився таким. Існують навіть історії про самостворених жінок з Сутінків, які народжували дітей. За бажанням, модифікована процедура може створити будь-яку конфігурацію статі або безстатевості, яку тільки можна уявити.</p><p>■ Тривалість: Постійно, доки не буде виконано знову.</p>",
    "bonuses": [],
    "discipline": "alchemy",
    "duration": "",
    "level": 1,
    "dicepool": {},
    "cost": null,
    "gamesystem": "vampire",
    "macroid": ""
  },
  "effects": [],
  "sort": 0,
  "ownership": {
    "default": 0,
    "zzaXLX6rQo9UZdTe": 3
  },
  "flags": {},
  "_stats": {
    "compendiumSource": null,
    "duplicateSource": null,
    "coreVersion": "13.346",
    "systemId": "vtm5e",
    "systemVersion": "5.0.11",
    "createdTime": 1745735190439,
    "modifiedTime": 1753741398355,
    "lastModifiedBy": "zzaXLX6rQo9UZdTe",
    "exportSource": null
  },
  "_key": "!items!ajVkVf06GqJuqAMp"
}