{
  "folder": "QCsYSQBZ5DjPvfvg",
  "name": "Майстерність через біль",
  "type": "power",
  "_id": "5zbGyuRsnGOCbm29",
  "img": "modules/vampire-the-masquerade-5e-compendium-ukr/packs/assets/330px-Fortitude_symbol.png",
  "system": {
    "description": "<p>Травми та ушкодження тепер лише живлять сили вампіра, який стає сильнішим і швидшим з кожним отриманим ударом чи пораненням. Лише повне знищення може зупинити того, хто застосовує цю силу Стійкості.</p><p>■ Ціна: Одна Перевірка Пробудження</p><p>■ Система: Після активації цієї сили вампір більше не зазнає жодних штрафів до кубиків через отриману шкоду Здоров'ю, як-от фізичне Ушкодження. Крім того, він може збільшити один Фізичний Атрибут на одну цятку (похідні характеристики не змінюються) за кожен рівень шкоди на його треку Здоров'я, загостреної чи поверхневої. Завдяки цій здатності Атрибути користувача не можуть перевищувати значення, що дорівнює його Кривавому пориву + 6.</p><p>■ Тривалість: Одна сцена</p>",
    "bonuses": [],
    "discipline": "fortitude",
    "duration": "",
    "level": 5,
    "dicepool": {},
    "cost": 1,
    "gamesystem": "vampire",
    "macroid": ""
  },
  "effects": [],
  "sort": 0,
  "ownership": {
    "default": 0,
    "zzaXLX6rQo9UZdTe": 3
  },
  "flags": {},
  "_stats": {
    "compendiumSource": null,
    "duplicateSource": null,
    "coreVersion": "13.346",
    "systemId": "vtm5e",
    "systemVersion": "5.0.11",
    "createdTime": 1745735183811,
    "modifiedTime": 1753740665235,
    "lastModifiedBy": "zzaXLX6rQo9UZdTe",
    "exportSource": null
  },
  "_key": "!items!5zbGyuRsnGOCbm29"
}