{
  "folder": "NdHFT4PC7pPqwsA0",
  "name": "Майстерність",
  "type": "power",
  "_id": "24sZmHFlpHDUm27J",
  "img": "modules/vampire-the-masquerade-5e-compendium-ukr/packs/assets/330px-Potence_symbol.png",
  "system": {
    "description": "<p>Вампіри з Могутністю отримують набагато більшу силу зі своєї Крові, ніж ті, у кого її немає.</p><p>■ Вартість: Одна перевірка Пробудження</p><p>■ Система: Після активації додайте рейтинг Могутності користувача до його шкоди без зброї, а також до проявів Сили.</p><p>■ Тривалість: Одна сцена</p>",
    "bonuses": [],
    "discipline": "potence",
    "duration": "",
    "level": 2,
    "dicepool": {},
    "cost": 1,
    "gamesystem": "vampire",
    "macroid": ""
  },
  "effects": [],
  "sort": 0,
  "ownership": {
    "default": 0,
    "zzaXLX6rQo9UZdTe": 3
  },
  "flags": {},
  "_stats": {
    "compendiumSource": null,
    "duplicateSource": null,
    "coreVersion": "13.346",
    "systemId": "vtm5e",
    "systemVersion": "5.0.11",
    "createdTime": 1745735185972,
    "modifiedTime": 1753740773813,
    "lastModifiedBy": "zzaXLX6rQo9UZdTe",
    "exportSource": null
  },
  "_key": "!items!24sZmHFlpHDUm27J"
}