{
  "folder": "dZMEdv9suHOLBz4O",
  "name": "Приборкати звіра",
  "type": "power",
  "_id": "4001N574ixF79TIb",
  "img": "modules/vampire-the-masquerade-5e-compendium-ukr/packs/assets/330px-Animalism_symbol.png",
  "system": {
    "description": "<p>Зустрівшись поглядом із ціллю, вампір приборкує її внутрішнього Звіра, занурюючи його в тимчасовий сон. Смертні, що зазнали цього впливу, стають апатичними, нездатними на будь-які дії, окрім самозбереження, в той час як звірині потяги вампірів тимчасово вщухають, на краще це чи на гірше.</p><p>■ Ціна: Одна Перевірка Пробудження</p><p>■ Запас кубів: Харизма + Анімалізм проти Витривалості + Рішучості</p><p>■ Система: Зробіть кидок Харизма + Анімалізм проти Витривалості + Рішучості. Перемога проти смертної цілі виводить її з ладу на цю сцену, викликаючи сильну летаргію. Вони діють лише задля самозбереження, а не проти користувача чи будь-кого іншого. Перемога проти вампіра не дозволяє цілі виконувати Криваві Сплески. Поки їхній Звір приборканий, вампіри не отримують брудних критичних успіхів. Проти вампірів ця здатність діє один хід плюс кількість ходів, що дорівнює перевазі в кидку. Критична перемога проти цілі-вампіра також припиняє її шаленство.</p><p>■ Тривалість: Одна сцена або кількість ходів, що дорівнює перевазі в кидку плюс один.</p>",
    "bonuses": [],
    "discipline": "animalism",
    "duration": "",
    "level": 3,
    "dicepool": {
      "UqvCR7Ud": {
        "path": "attributes.charisma"
      },
      "wt864dzp": {
        "path": "disciplines.animalism"
      }
    },
    "cost": 1,
    "gamesystem": "vampire",
    "macroid": ""
  },
  "effects": [],
  "sort": 0,
  "ownership": {
    "default": 0,
    "zzaXLX6rQo9UZdTe": 3
  },
  "flags": {
    "vtm5e": {
      "dataItemId": "power-quell-the-beast"
    }
  },
  "_stats": {
    "compendiumSource": null,
    "duplicateSource": null,
    "coreVersion": "13.346",
    "systemId": "vtm5e",
    "systemVersion": "5.0.11",
    "createdTime": 1745735176351,
    "modifiedTime": 1753740349251,
    "lastModifiedBy": "zzaXLX6rQo9UZdTe",
    "exportSource": null
  },
  "_key": "!items!4001N574ixF79TIb"
}