{
  "folder": "dZMEdv9suHOLBz4O",
  "name": "Приборкати Звіра",
  "type": "power",
  "_id": "4001N574ixF79TIb",
  "img": "modules/vampire-the-masquerade-5e-compendium-ukr/packs/assets/330px-Animalism_symbol.png",
  "system": {
    "description": "<p>Зустрівшись поглядом з ціллю, вампір приборкує її внутрішнього Звіра, занурюючи його в тимчасовий сон. Смертні, на яких це впливає, стають апатичними, нездатними до будь-яких дій, крім як залишатися живими, тоді як звірині потяги вампірів тимчасово вщухають, на краще чи на гірше. </p><p>■ Вартість: Одна Перевірка Збудження </p><p>■ Пули кубиків: Харизма + Анімалізм проти Витривалість + Зосередженість </p><p>■ Система: Киньте Харизма + Анімалізм проти Витривалість + Зосередженість. Перемога проти смертної цілі виводить її з ладу на цю сцену, викликаючи сильну летаргію. Вони діють лише для самозбереження, а не проти користувача чи когось іншого. Перемога проти вампіра не дозволяє цілі виконувати Сплески Крові. Поки їхній Звір приборканий, вампіри не отримують брудних критичних успіхів. Проти вампірів ця здатність триває один хід плюс кількість ходів, що дорівнює перевазі в змаганні. Критична перемога проти вампірської цілі також припиняє її шаленство. </p><p>■ Тривалість: Одна сцена, або кількість ходів, що дорівнює перевазі в перевірці плюс один.</p>",
    "bonuses": [],
    "discipline": "animalism",
    "duration": "",
    "level": 3,
    "dicepool": {
      "UqvCR7Ud": {
        "path": "attributes.charisma"
      },
      "wt864dzp": {
        "path": "disciplines.animalism"
      }
    },
    "cost": 1,
    "gamesystem": "vampire",
    "macroid": ""
  },
  "effects": [],
  "sort": 0,
  "ownership": {
    "default": 0,
    "zzaXLX6rQo9UZdTe": 3
  },
  "flags": {
    "vtm5e": {
      "dataItemId": "power-quell-the-beast"
    }
  },
  "_stats": {
    "compendiumSource": null,
    "duplicateSource": null,
    "coreVersion": "13.346",
    "systemId": "vtm5e",
    "systemVersion": "5.0.11",
    "createdTime": 1745735176351,
    "modifiedTime": 1753740349251,
    "lastModifiedBy": "zzaXLX6rQo9UZdTe",
    "exportSource": null
  },
  "_key": "!items!4001N574ixF79TIb"
}