{
  "folder": "LXQ64bZ4gUJx8oZq",
  "name": "Швидкі рефлекси",
  "type": "power",
  "_id": "bHccJKrsuYuAR5Fh",
  "img": "modules/vampire-the-masquerade-5e-compendium-ukr/packs/assets/330px-Aclarity_symbol.png",
  "system": {
    "description": "<p>Хоч їхні тіла все ще не здатні порушити закони природи, вампіри з цією силою миттєво сприймають події та можуть реагувати на них із надлюдською спритністю. Вони здатні розгледіти снаряди, що летять у них, настільки добре, що можуть спробувати ухилитися від стріл і навіть куль без укриття.</p><p>■ Вартість: Безкоштовно</p><p>■ Система: З цією силою вампіри не отримують штрафу до свого запасу кубиків захисту за відсутність укриття проти атак вогнепальною зброєю. Вони також можуть безкоштовно виконати малу дію (див. с. 298) вартістю до двох кубиків за хід, наприклад, підготувати чи перезарядити зброю.</p><p>■ Тривалість: Пасивна</p>",
    "bonuses": [],
    "discipline": "celerity",
    "duration": "",
    "level": 1,
    "dicepool": {},
    "cost": null,
    "gamesystem": "vampire",
    "macroid": ""
  },
  "effects": [],
  "sort": 0,
  "ownership": {
    "default": 0,
    "zzaXLX6rQo9UZdTe": 3
  },
  "flags": {},
  "_stats": {
    "compendiumSource": null,
    "duplicateSource": null,
    "coreVersion": "13.346",
    "systemId": "vtm5e",
    "systemVersion": "5.0.11",
    "createdTime": 1745735182035,
    "modifiedTime": 1753740534506,
    "lastModifiedBy": "zzaXLX6rQo9UZdTe",
    "exportSource": null
  },
  "_key": "!items!bHccJKrsuYuAR5Fh"
}