{
  "folder": "moWQIWnCD4092KTF",
  "name": "Раціоналізувати",
  "type": "power",
  "_id": "HiBUwxtK2zKRkBuX",
  "img": "modules/vampire-the-masquerade-5e-compendium-ukr/packs/assets/330px-Dominate_symbol.png",
  "system": {
    "description": "<p>Тепер жертви вампіра вважають, що все, що вони робили під впливом Домінування, було результатом їхньої власної волі, і захищають свої вчинки, хоч би якими абсурдними вони не були. Довготривалий вплив цієї сили може призвести до важкої психічної травми у жертви.</p><p>■ Вартість: Без додаткових витрат</p><p>■ Система: Якщо поставити переконання жертви під сумнів, вона може зробити перевірку Кмітливість+Обізнаність (Складність 5). Успіх змушує її засумніватися у власних твердженнях і, можливо, у своєму здоровому глузді.</p><p>■ Тривалість: Безстроково</p>",
    "bonuses": [],
    "discipline": "dominate",
    "duration": "",
    "level": 4,
    "dicepool": {},
    "cost": null,
    "gamesystem": "vampire",
    "macroid": ""
  },
  "effects": [],
  "sort": 0,
  "ownership": {
    "default": 0,
    "zzaXLX6rQo9UZdTe": 3
  },
  "flags": {},
  "_stats": {
    "compendiumSource": null,
    "duplicateSource": null,
    "coreVersion": "13.346",
    "systemId": "vtm5e",
    "systemVersion": "5.0.11",
    "createdTime": 1745735182706,
    "modifiedTime": 1753740608092,
    "lastModifiedBy": "zzaXLX6rQo9UZdTe",
    "exportSource": null
  },
  "_key": "!items!HiBUwxtK2zKRkBuX"
}