{
  "folder": "wpJvq8yRxZCjStDy",
  "name": "Стійкість",
  "type": "power",
  "_id": "Z3CHNqv25fYrIOWW",
  "img": "modules/vampire-the-masquerade-5e-compendium-ukr/packs/assets/330px-Fortitude_symbol.png",
  "system": {
    "description": "<p>Наділений надприродною витривалістю, користувач може зміцнити свою фізичну стійкість. </p><p>■ Вартість: Безкоштовно </p><p>■ Система: Користувач додає свій показник Стійкості до своєї шкали здоров'я. </p><p>■ Тривалість: Пасивна</p>",
    "bonuses": [],
    "discipline": "fortitude",
    "duration": "",
    "level": 1,
    "dicepool": {},
    "cost": null,
    "gamesystem": "vampire",
    "macroid": ""
  },
  "effects": [],
  "sort": 0,
  "ownership": {
    "default": 0,
    "zzaXLX6rQo9UZdTe": 3
  },
  "flags": {},
  "_stats": {
    "compendiumSource": null,
    "duplicateSource": null,
    "coreVersion": "13.346",
    "systemId": "vtm5e",
    "systemVersion": "5.0.11",
    "createdTime": 1745735183811,
    "modifiedTime": 1753740628878,
    "lastModifiedBy": "zzaXLX6rQo9UZdTe",
    "exportSource": null
  },
  "_key": "!items!Z3CHNqv25fYrIOWW"
}