{
  "folder": "QV1lfz9EU6hnQfkT",
  "name": "Дотик Скорпіона",
  "type": "power",
  "_id": "R9nWSmQwVMK6Wq41",
  "img": "modules/vampire-the-masquerade-5e-compendium-ukr/packs/assets/330px-Blood_Sorcery_symbol.png",
  "system": {
    "description": "<p>Вампір може перетворити частину своєї Крові на паралізуючу отруту, здатну впливати як на смертних, так і на вампірів. Він може використовувати цей іхор для покриття лезової зброї або навіть плювати ним у ціль. Отруєна Кров виводить з ладу смертних, тоді як вампірам вона заважає, але не обов'язково робить їх безпорадними. Специфічні дихальні та біофідбек-вправи, що практикуються деякими таємними товариствами, є найкращим захистом від цієї Крові, окрім Стійкості. </p><p>■ Вартість: Одна або більше Перевірок Збудження </p><p>■ Пули кубиків: Сила + Кривава Магія проти Витривалість + Окультизм або Стійкість </p><p>■ Система: Користувач концентрується протягом одного ходу і виштовхує Кров через відкриту, зазвичай самостійно нанесену, рану. Кожна Перевірка Збудження, що створює отруту, займає один хід і виділяє достатньо Крові, щоб липко покрити одну лезову зброю ближнього бою або наповнити один рот для плювка у ворога. Плювок отрутою в когось вимагає кидка атаки Спритність + Атлетика (від якого можна ухилитися, як від будь-якої дистанційної атаки), хоча відомо, що вампіри французьким поцілунком передавали отруту жертві. Ще більш витончені вампіри отруюють свою Кров, щоб отруїти потенційних діаблеристів: пиття отруєної Крові з вени гарантує влучання! Однак, окрім такої передачі з вени в ікла, отруєна Кров є контактною отрутою, яка сублімується в рідинах і занадто в'язка для введення шприцом. Користувач не може отруїти нею напої або (через різницю тисків) ввести її власним укусом. Наконечники стріл і кулі несуть занадто мало Крові, щоб використовувати цю здатність з дистанційною зброєю; ефект не триває достатньо довго, щоб користувач міг наповнити порожнисті кулі отруєною Кров'ю. Якщо отрута влучає, користувач робить змагання Сила + Кривава Магія проти Витривалість + Окультизм. (Вампіри зі Стійкістю можуть чинити опір за допомогою Витривалість + Стійкість.) Якщо користувач перемагає, отрута завдає переваги в Агравованому Ушкодженні Здоров'я смертним і в неполовиненому Поверхневому Ушкодженні Здоров'я вампірам. Смертний, який отримав хоча б один пункт ушкодження, втрачає свідомість. </p><p>■ Тривалість: Отрута залишається сильною протягом однієї сцени</p>",
    "bonuses": [],
    "discipline": "sorcery",
    "duration": "",
    "level": 3,
    "dicepool": {
      "cApykxgB": {
        "path": "attributes.strength"
      },
      "hZ0tKrYq": {
        "path": "disciplines.sorcery"
      }
    },
    "cost": 1,
    "gamesystem": "vampire",
    "macroid": ""
  },
  "effects": [],
  "sort": 0,
  "ownership": {
    "default": 0,
    "zzaXLX6rQo9UZdTe": 3
  },
  "flags": {},
  "_stats": {
    "compendiumSource": null,
    "duplicateSource": null,
    "coreVersion": "13.346",
    "systemId": "vtm5e",
    "systemVersion": "5.0.11",
    "createdTime": 1745735180957,
    "modifiedTime": 1753740486290,
    "lastModifiedBy": "zzaXLX6rQo9UZdTe",
    "exportSource": null
  },
  "_key": "!items!R9nWSmQwVMK6Wq41"
}