{
  "folder": "QV1lfz9EU6hnQfkT",
  "name": "Дотик Скорпіона",
  "type": "power",
  "_id": "R9nWSmQwVMK6Wq41",
  "img": "modules/vampire-the-masquerade-5e-compendium-ukr/packs/assets/330px-Blood_Sorcery_symbol.png",
  "system": {
    "description": "<p>Вампір може перетворити частину своєї Крові на паралізуючу отруту, що здатна вражати як смертних, так і вампірів. Вони можуть використовувати цей іхор, щоб покрити ним леза зброї, або навіть плюнути ним у ціль. Скорпіонова Кров знерухомлює вражених смертних, а вампірам заважає, хоч і не обов'язково робить їх безпорадними. Особливі дихальні вправи та вправи з біологічного зворотного зв'язку, які практикують деякі таємні товариства, є найкращим захистом від цієї Крові, окрім Стійкості.</p><p>■ Ціна: Одна або більше Перевірок Пробудження</p><p>■ Кидки: Сила + Криваве Чаклунство проти Витривалість + Окультизм або Стійкість</p><p>■ Система: Користувач концентрується протягом одного ходу і виштовхує Кров через відкриту, зазвичай самостійно завдану, рану. Створення отрути на одну Перевірку Пробудження займає один хід і виділяє достатньо Крові, щоб липким шаром покрити одну одиницю холодної зброї з лезом або наповнити рот для плювка у ворога. Плювок отрутою вимагає кидка атаки Спритність + Атлетика (від якого можна ухилитися, як від будь-якої дистанційної атаки), хоча відомо, що вампіри передавали отруту жертві через французький поцілунок. Ще хитріші вампіри перетворюють свою Кров на скорпіонову, щоб отруїти потенційних дияблеристів: пиття отруєної Крові з вени гарантує влучання! Однак, окрім такої передачі «з вени в ікла», скорпіонова Кров — це контактна отрута, яка сублімується в рідинах і є занадто в'язкою для введення шприцом. Користувач не може отруїти нею напої або (через різницю тиску) ввести її власним укусом. Наконечники стріл і кулі переносять занадто мало Крові, щоб використовувати цю здатність з дистанційною зброєю; ефект триває недостатньо довго, щоб користувач міг наповнити скорпіоновою Кров'ю порожнисті кулі. Якщо отрута влучає, користувач робить спірний кидок Сила + Криваве Чаклунство проти Витривалість + Окультизм. (Вампіри зі Стійкістю можуть чинити опір кидком Витривалість + Стійкість.) Якщо користувач перемагає, отрута завдає смертним Агравованих ушкоджень Здоров'ю в розмірі переваги, а вампірам — неполовинених Поверхових ушкоджень Здоров'ю. Смертний, який отримує хоча б один пункт ушкоджень, непритомніє.</p><p>■ Тривалість: Отрута залишається дієвою протягом однієї сцени</p>",
    "bonuses": [],
    "discipline": "sorcery",
    "duration": "",
    "level": 3,
    "dicepool": {
      "cApykxgB": {
        "path": "attributes.strength"
      },
      "hZ0tKrYq": {
        "path": "disciplines.sorcery"
      }
    },
    "cost": 1,
    "gamesystem": "vampire",
    "macroid": ""
  },
  "effects": [],
  "sort": 0,
  "ownership": {
    "default": 0,
    "zzaXLX6rQo9UZdTe": 3
  },
  "flags": {},
  "_stats": {
    "compendiumSource": null,
    "duplicateSource": null,
    "coreVersion": "13.346",
    "systemId": "vtm5e",
    "systemVersion": "5.0.11",
    "createdTime": 1745735180957,
    "modifiedTime": 1753740486290,
    "lastModifiedBy": "zzaXLX6rQo9UZdTe",
    "exportSource": null
  },
  "_key": "!items!R9nWSmQwVMK6Wq41"
}