{
  "folder": "GzJx6XVkFDl7TzF9",
  "name": "Прозирати душу",
  "type": "power",
  "_id": "bjX7rOY682d4m13I",
  "img": "modules/vampire-the-masquerade-5e-compendium-ukr/packs/assets/330px-Auspex_symbol.png",
  "system": {
    "description": "<p>Зосередившись на людині, вампір може сприймати стан її психіки як мінливу ауру кольорів. Аури розкривають мало точної інформації, але дають підказки щодо багатьох аспектів, наприклад: емоційного стану, Резонансу та надприродних рис. Якщо вампір шукає певний стан, він може побіжно просканувати натовп, щоб виявити його. Такі побіжні сканування не надають жодної додаткової інформації.</p><p>■ Вартість: Одна Перевірка Пробудження</p><p>■ Дайс-пули: Інтелект + Провидіння проти Витримки + Хитрощів</p><p>■ Система: Здійсніть кидок Інтелект + Провидіння проти Витримки + Хитрощів. У разі перемоги Оповідач правдиво відповідає на кількість запитань, що дорівнює перевазі в кидку, про ауру та психіку цілі, зокрема: <br>◻ Емоційний стан цілі <br>◻ Резонанс у крові цілі <br>◻ Чи є ціль вампіром, перевертнем, гулем або іншою надприродною істотою <br>◻ Чи перебуває ціль під впливом Кривавого Чаклунства або іншої магії <br>◻ Чи скоювала ціль діаблері протягом останнього року <br>◻ Критична перемога дозволяє дізнатися щось несподіване на розсуд Оповідача</p><p>При скануванні натовпу здійсніть кидок проти Складності, яка визначається розміром натовпу та зовнішніми факторами, що відволікають, а також типом шуканої риси. (Знайти вампіра у вітальні може бути лише Складністю 3, тоді як знайти найнервовішу людину на людному рейві — це, найімовірніше, Складність 6 або вище.)</p><p>■ Тривалість: Один хід або на розсуд Оповідача</p>",
    "bonuses": [],
    "discipline": "auspex",
    "duration": "",
    "level": 3,
    "dicepool": {
      "4RPWIdlu": {
        "path": "attributes.intelligence"
      },
      "lez3HOuc": {
        "path": "disciplines.auspex"
      }
    },
    "cost": 1,
    "gamesystem": "vampire",
    "macroid": ""
  },
  "effects": [],
  "sort": 0,
  "ownership": {
    "default": 0,
    "zzaXLX6rQo9UZdTe": 3
  },
  "flags": {},
  "_stats": {
    "compendiumSource": null,
    "duplicateSource": null,
    "coreVersion": "13.346",
    "systemId": "vtm5e",
    "systemVersion": "5.0.11",
    "createdTime": 1745735179703,
    "modifiedTime": 1753740433424,
    "lastModifiedBy": "zzaXLX6rQo9UZdTe",
    "exportSource": null
  },
  "_key": "!items!bjX7rOY682d4m13I"
}