{
  "folder": "GzJx6XVkFDl7TzF9",
  "name": "Просканувати душу",
  "type": "power",
  "_id": "bjX7rOY682d4m13I",
  "img": "modules/vampire-the-masquerade-5e-compendium-ukr/packs/assets/330px-Auspex_symbol.png",
  "system": {
    "description": "<p>Зосередившись на людині, вампір може сприймати стан її психіки як мінливу ауру кольорів. Аури розкривають мало точної інформації, але дають підказки щодо багатьох тем, наприклад, емоційного стану, Резонансу та надприродних рис. Якщо вампір шукає певний стан, він може побіжно просканувати натовп, щоб виявити його. Такі побіжні сканування не надають додаткової інформації.</p><p>■ Вартість: Одна Перевірка Збудження</p><p>■ Пули кубиків: Інтелект + Ауспекс проти Стриманість + Хитрість</p><p>■ Система: Зробіть кидок Інтелект + Ауспекс проти Стриманість + Хитрість. У разі перемоги Оповідач правдиво відповідає на кількість питань, що дорівнює перевазі в кидку, про ауру та психіку цілі, включаючи: <br>◻ Емоційний стан суб'єкта <br>◻ Резонанс у крові суб'єкта <br>◻ Чи є суб'єкт вампіром, перевертнем, гулем або будь-якою іншою надприродною істотою <br>◻ Чи перебуває суб'єкт під впливом Кривавої Магії або іншої магії ◻ Чи скоював суб'єкт діаблері за останній рік <br>◻ Критична перемога дозволяє виявити щось несподіване, на розсуд Оповідача</p><p>При скануванні натовпу кидайте проти Складності, що визначається розміром натовпу та зовнішніми відволікаючими факторами, а також типом риси, яку шукають. (Знайти вампіра у вітальні може бути лише Складністю 3, тоді як знайти найбільш нервову людину на переповненому рейві, швидше за все, буде Складністю 6 або вище.)</p><p>■ Тривалість: Один хід, або на розсуд Оповідача</p>",
    "bonuses": [],
    "discipline": "auspex",
    "duration": "",
    "level": 3,
    "dicepool": {
      "4RPWIdlu": {
        "path": "attributes.intelligence"
      },
      "lez3HOuc": {
        "path": "disciplines.auspex"
      }
    },
    "cost": 1,
    "gamesystem": "vampire",
    "macroid": ""
  },
  "effects": [],
  "sort": 0,
  "ownership": {
    "default": 0,
    "zzaXLX6rQo9UZdTe": 3
  },
  "flags": {},
  "_stats": {
    "compendiumSource": null,
    "duplicateSource": null,
    "coreVersion": "13.346",
    "systemId": "vtm5e",
    "systemVersion": "5.0.11",
    "createdTime": 1745735179703,
    "modifiedTime": 1753740433424,
    "lastModifiedBy": "zzaXLX6rQo9UZdTe",
    "exportSource": null
  },
  "_key": "!items!bjX7rOY682d4m13I"
}