{
  "folder": "3itXhdHZZKj8mZhj",
  "name": "Відчути Звіра",
  "type": "power",
  "_id": "ve12964atPPHF3QD",
  "img": "modules/vampire-the-masquerade-5e-compendium-ukr/packs/assets/330px-Animalism_symbol.png",
  "system": {
    "description": "<p>Вампір може відчути Звіра, присутнього в смертних, вампірах та інших надприродних істотах, отримуючи уявлення про їхню природу, голод та ворожість. </p><p>■ Вартість: Безкоштовно </p><p>■ Пули кубиків: Зосередженість + Анімалізм проти Стриманість + Хитрість </p><p>■ Система: Киньте Зосередженість + Анімалізм проти Стриманість + Хитрість. Перемога дозволяє користувачеві відчути рівень ворожості в цілі (чи готова людина завдати шкоди, чи навіть рішуче налаштована на це) і визначити, чи є в ній надприродний Звір, що позначає її як вампіра або перевертня. У разі перемоги, критичний успіх дає користувачеві інформацію про точний тип істоти, а також її рівень Голоду або Люті. Цю здатність можна використовувати як активно, так і пасивно, попереджаючи користувача про агресивні наміри в його безпосередній близькості. </p><p>■ Тривалість: Пасивно</p>",
    "bonuses": [],
    "discipline": "animalism",
    "duration": "",
    "level": 1,
    "dicepool": {
      "FFFWfaef": {
        "path": "attributes.resolve"
      },
      "jWZdlvuH": {
        "path": "disciplines.animalism"
      }
    },
    "cost": null,
    "gamesystem": "vampire",
    "macroid": ""
  },
  "effects": [],
  "sort": 0,
  "ownership": {
    "default": 0,
    "zzaXLX6rQo9UZdTe": 3
  },
  "flags": {},
  "_stats": {
    "compendiumSource": null,
    "duplicateSource": null,
    "coreVersion": "13.346",
    "systemId": "vtm5e",
    "systemVersion": "5.0.11",
    "createdTime": 1745735176351,
    "modifiedTime": 1753740338105,
    "lastModifiedBy": "zzaXLX6rQo9UZdTe",
    "exportSource": null
  },
  "_key": "!items!ve12964atPPHF3QD"
}