{
  "folder": "3itXhdHZZKj8mZhj",
  "name": "Чуття Звіра",
  "type": "power",
  "_id": "ve12964atPPHF3QD",
  "img": "modules/vampire-the-masquerade-5e-compendium-ukr/packs/assets/330px-Animalism_symbol.png",
  "system": {
    "description": "<p>Вампір може відчувати Звіра, присутнього в смертних, вампірах та інших надприродних істотах, отримуючи уявлення про їхню природу, голод і ворожість.</p><p>■ Вартість: Безкоштовно</p><p>■ Кидки: Рішучість + Анімалізм проти Самоконтролю + Хитрощів</p><p>■ Система: Зробіть кидок Рішучість + Анімалізм проти Самоконтролю + Хитрощів. Перемога дозволяє користувачеві відчути рівень ворожості цілі (чи готова особа завдати шкоди, чи навіть рішуче налаштована на це) і визначити, чи є в неї надприродний Звір, що видає в ній вампіра чи перевертня. Критичний успіх при перемозі дає користувачеві інформацію про точний тип істоти, а також рівень її Голоду чи Люті. Цю здатність можна використовувати як активно, так і пасивно; вона попереджає користувача про агресивні наміри в безпосередній близькості.</p><p>■ Тривалість: Пасивна</p>",
    "bonuses": [],
    "discipline": "animalism",
    "duration": "",
    "level": 1,
    "dicepool": {
      "FFFWfaef": {
        "path": "attributes.resolve"
      },
      "jWZdlvuH": {
        "path": "disciplines.animalism"
      }
    },
    "cost": null,
    "gamesystem": "vampire",
    "macroid": ""
  },
  "effects": [],
  "sort": 0,
  "ownership": {
    "default": 0,
    "zzaXLX6rQo9UZdTe": 3
  },
  "flags": {},
  "_stats": {
    "compendiumSource": null,
    "duplicateSource": null,
    "coreVersion": "13.346",
    "systemId": "vtm5e",
    "systemVersion": "5.0.11",
    "createdTime": 1745735176351,
    "modifiedTime": 1753740338105,
    "lastModifiedBy": "zzaXLX6rQo9UZdTe",
    "exportSource": null
  },
  "_key": "!items!ve12964atPPHF3QD"
}