{
  "folder": "dY39IRZ2aDPafQcZ",
  "name": "Відчуття Невидимого",
  "type": "power",
  "_id": "5gUFnvi0GFfyIEl2",
  "img": "modules/vampire-the-masquerade-5e-compendium-ukr/packs/assets/330px-Auspex_symbol.png",
  "system": {
    "description": "<p>Почуття вампіра налаштовуються на виміри за межами буденного, дозволяючи йому відчувати присутності, інакше приховані від неозброєного ока. Це може бути що завгодно: від іншого вампіра, що використовує Обфускацію, до когось, хто використовує Ауспекс, щоб шпигувати за персонажем, до привида посеред кімнати. Неактивні заклинання та ритуали Кривавої Магії також можуть бути знайдені за допомогою цієї здатності, на розсуд Оповідача. </p><p>■ Вартість: Безкоштовно </p><p>■ Пули кубиків: Кмітливість + Ауспекс або Зосередженість + Ауспекс </p><p>■ Система: Коли щось надприродне ховається на видноті, Оповідач робить прихований кидок Кмітливість + Ауспекс проти обраної ним Складності. Проти сутності, що активно намагається залишитися прихованою, Оповідач може попросити зробити сліпий кидок («Лізо, кинь мені сім кубиків») як змагання проти відповідного пулу цілі. (Наприклад, виявлення вампіра, що використовує Обфускацію, було б кидком Кмітливість + Ауспекс проти Кмітливість + Обфускація). Якщо вампір активно шукає приховану надприродну сутність, він кидає Зосередженість + Ауспекс аналогічно. </p><p>■ Тривалість: Пасивно</p>",
    "bonuses": [],
    "discipline": "auspex",
    "duration": "",
    "level": 1,
    "dicepool": {
      "l93S6IIw": {
        "path": "attributes.wits"
      },
      "IlRiXrYI": {
        "path": "disciplines.auspex"
      }
    },
    "cost": null,
    "gamesystem": "vampire",
    "macroid": ""
  },
  "effects": [],
  "sort": 0,
  "ownership": {
    "default": 0,
    "zzaXLX6rQo9UZdTe": 3
  },
  "flags": {},
  "_stats": {
    "compendiumSource": null,
    "duplicateSource": null,
    "coreVersion": "13.346",
    "systemId": "vtm5e",
    "systemVersion": "5.0.11",
    "createdTime": 1745735179703,
    "modifiedTime": 1753740421257,
    "lastModifiedBy": "zzaXLX6rQo9UZdTe",
    "exportSource": null
  },
  "_key": "!items!5gUFnvi0GFfyIEl2"
}