{
  "folder": "dY39IRZ2aDPafQcZ",
  "name": "Відчуй незриме",
  "type": "power",
  "_id": "5gUFnvi0GFfyIEl2",
  "img": "modules/vampire-the-masquerade-5e-compendium-ukr/packs/assets/330px-Auspex_symbol.png",
  "system": {
    "description": "<p>Чутття вампіра налаштовуються на виміри, що лежать за межами буденного, дозволяючи їм відчувати присутність, інакше приховану від неозброєного ока. Це може бути будь-що: від іншого вампіра, що використовує Затемнення, до когось, хто шпигує за персонажем за допомогою Провидіння, або ж привид посеред кімнати. За допомогою цієї сили також можна виявити сплячі закляття та ритуали Кривавого чаклунства, на розсуд Оповідача. </p><p>■ Вартість: Безкоштовно </p><p>■ Дайс-пули: Кмітливість + Провидіння або Рішучість + Провидіння </p><p>■ Система: Щоразу, коли щось надприродне ховається у всіх на видноті, Оповідач робить прихований кидок Кмітливість + Провидіння проти обраної ним Складності. Проти істоти, що активно намагається залишитися непоміченою, Оповідач може попросити зробити сліпий кидок («Лізо, кинь за мене сім кубиків») як змагання проти відповідного дайс-пулу цілі. (Наприклад, виявлення вампіра, що використовує Затемнення, буде кидком Кмітливість + Провидіння проти Кмітливість + Затемнення). Якщо вампір активно шукає приховану надприродну істоту, він робить аналогічний кидок Рішучість + Провидіння. </p><p>■ Тривалість: Пасивна</p>",
    "bonuses": [],
    "discipline": "auspex",
    "duration": "",
    "level": 1,
    "dicepool": {
      "l93S6IIw": {
        "path": "attributes.wits"
      },
      "IlRiXrYI": {
        "path": "disciplines.auspex"
      }
    },
    "cost": null,
    "gamesystem": "vampire",
    "macroid": ""
  },
  "effects": [],
  "sort": 0,
  "ownership": {
    "default": 0,
    "zzaXLX6rQo9UZdTe": 3
  },
  "flags": {},
  "_stats": {
    "compendiumSource": null,
    "duplicateSource": null,
    "coreVersion": "13.346",
    "systemId": "vtm5e",
    "systemVersion": "5.0.11",
    "createdTime": 1745735179703,
    "modifiedTime": 1753740421257,
    "lastModifiedBy": "zzaXLX6rQo9UZdTe",
    "exportSource": null
  },
  "_key": "!items!5gUFnvi0GFfyIEl2"
}