{
  "folder": "sGR4QHB8SZ4yCBv0",
  "name": "Стрижень Відкладеного Розпаду",
  "type": "power",
  "_id": "Qz8L3xX7Gg6nmoFb",
  "img": "modules/vampire-the-masquerade-5e-compendium-ukr/packs/assets/330px-Blood_Sorcery_symbol.png",
  "system": {
    "description": "<p>Кревні бояться небагатьох зброй, як вони бояться жахливого кілка, створеного цим ритуалом. Вважається, що він є джерелом міфу про кілки як остаточний інструмент для вбивства вампірів, Стрижень Відкладеного Розпаду не тільки шукає серце вампіра, на якого він націлений, але й фактично викликає Остаточну Смерть, досягнувши своєї цілі. Якщо потрібно, Стрижень працює для досягнення цієї мети як скалка, пробираючись крізь тіло вампіра-цілі, щоб досягти своєї мети.</p><p>■ Інгредієнти: Кілок, вирізаний з горобини, з нанесеними на нього згубними рунами</p><p>■ Процес: Заклинатель змочує кілок двома Перевірками Збудження своєї Крові, одночасно чорнячи його у вогні з дубових дров, читаючи над ним заклинання. Ритуал займає п'ять годин.</p><p>■ Система: Цей кілок надає бонус у три кубики до будь-якого пулу при будь-якій спробі вбити вампіра кілком, чи то забиваючи його, поки жертва спить, чи то володіючи ним у ближньому бою, чи то стріляючи з арбалета. Заклинателю не обов'язково самому володіти кілком. Якщо кидок атаки перемагає з перевагою п'ять або більше, вампір перетворюється на пил за один хід, ніби його поглинув невидимий вогонь. Якщо кілок влучає, але кидок має недостатню перевагу (менше п'яти), щоб пробити серце, кілок ламається в рані, а його кінчик заривається, повільно починаючи пробиратися до серця жертви. Залежно від того, куди він влучив, це може зайняти години або ночі, але якщо його не витягнути медичними або містичними засобами, Остаточна Смерть гарантована. Щоб видалити його хірургічним шляхом, хтось, крім жертви, повинен перемогти в кидку Спритність + Медицина (Складність 6) у процесі, що займає до чотирьох годин. Якщо не вдається знайти медичного експерта, хтось може видалити скалку, відрізавши уражену кінцівку – якщо скалка ще не досягла тулуба.</p>",
    "bonuses": [],
    "discipline": "rituals",
    "duration": "",
    "level": 5,
    "dicepool": {},
    "cost": null,
    "gamesystem": "vampire",
    "macroid": ""
  },
  "effects": [],
  "sort": 0,
  "ownership": {
    "default": 0,
    "zzaXLX6rQo9UZdTe": 3
  },
  "flags": {},
  "_stats": {
    "compendiumSource": null,
    "duplicateSource": null,
    "coreVersion": "13.346",
    "systemId": "vtm5e",
    "systemVersion": "5.0.11",
    "createdTime": 1745735189773,
    "modifiedTime": 1753741024334,
    "lastModifiedBy": "zzaXLX6rQo9UZdTe",
    "exportSource": null
  },
  "_key": "!items!Qz8L3xX7Gg6nmoFb"
}