{
  "folder": "sGR4QHB8SZ4yCBv0",
  "name": "Кривда запізнілого розпаду",
  "type": "power",
  "_id": "Qz8L3xX7Gg6nmoFb",
  "img": "modules/vampire-the-masquerade-5e-compendium-ukr/packs/assets/330px-Blood_Sorcery_symbol.png",
  "system": {
    "description": "<p>Свояки мало якої зброї бояться так, як жахливого кола, створеного цим ритуалом. Вважається, що саме він породив міф про кіл як найкращий інструмент для вбивства вампірів. Кіл Відкладеного Знищення не лише шукає серце вампіра, на якого націлений, але й спричиняє Остаточну Смерть, досягнувши цілі. За потреби кіл діє як скабка, повільно просуваючись тілом вампіра-жертви до своєї мети.</p><p>■ Інгредієнти: Кіл, вирізаний з горобини, вкритий згубними рунами.</p><p>■ Процес: Заклинач просочує кіл своєю Кров'ю в обсязі двох Перевірок Пробудження, обвуглюючи його у вогні з дубових дров і читаючи над ним заклинання. Ритуал триває п'ять годин.</p><p>■ Система: Цей кіл надає бонус у три кубики до будь-якого кидка при спробі пробити вампіра колом, незалежно від того, чи його забивають, поки жертва спить, використовують у ближньому бою чи вистрілюють з арбалета. Заклиначу не обов'язково самому використовувати кіл. Якщо кидок атаки успішний з перевагою в п'ять або більше, вампір за один хід розсипається на порох, ніби спалений невидимим полум'ям. Якщо кіл влучає, але перевага кидка недостатня (менше п'яти), щоб пробити серце, кіл ламається в рані, а його уламок заглиблюється і повільно починає просуватися до серця жертви. Залежно від місця влучання, це може тривати години або й ночі, але якщо його не витягти медичним чи містичним шляхом, Остаточна Смерть неминуча. Щоб видалити його хірургічно, хтось, окрім самої жертви, має здійснити успішний кидок Спритність + Медицина (Складність 6); процес займає до чотирьох годин. Якщо немає доступу до медичної допомоги, хтось може видалити уламок, відрубавши уражену кінцівку, якщо тільки уламок ще не дістався тулуба.</p>",
    "bonuses": [],
    "discipline": "rituals",
    "duration": "",
    "level": 5,
    "dicepool": {},
    "cost": null,
    "gamesystem": "vampire",
    "macroid": ""
  },
  "effects": [],
  "sort": 0,
  "ownership": {
    "default": 0,
    "zzaXLX6rQo9UZdTe": 3
  },
  "flags": {},
  "_stats": {
    "compendiumSource": null,
    "duplicateSource": null,
    "coreVersion": "13.346",
    "systemId": "vtm5e",
    "systemVersion": "5.0.11",
    "createdTime": 1745735189773,
    "modifiedTime": 1753741024334,
    "lastModifiedBy": "zzaXLX6rQo9UZdTe",
    "exportSource": null
  },
  "_key": "!items!Qz8L3xX7Gg6nmoFb"
}