{
  "folder": "Eu59sgcxwcMmse8A",
  "name": "Зміна форми",
  "type": "power",
  "_id": "IREwXzpHFwnk8uQZ",
  "img": "modules/vampire-the-masquerade-5e-compendium-ukr/packs/assets/330px-Protean_symbol.png",
  "system": {
    "description": "<p>Вампір може приймати форму тварини приблизно такого ж розміру, як і його початкова маса. Вампір може перетворюватися лише на один тип тварини (зазвичай вовка, іноді велику кішку або гігантську змію), зазвичай пов'язану з його кланом або типом здобичі, якою він найчастіше харчується. Тварина, хоча зазвичай є вражаючим представником свого виду, не виявляє жодних ознак надприродності для звичайного спостерігача.</p><p>■ Вартість: Одна Перевірка Збудження </p><p>■ Система: Перевірка не потрібна. Перетворення займає один хід, протягом якого користувач не може виконувати жодних інших дій. Після перетворення вампір отримує Фізичні Атрибути, почуття та вроджені Навички, пов'язані з цією твариною (див. с. 373), а також отримує природні обмеження цієї тварини щодо спілкування, маніпуляцій (більшість тварин можуть нести одну річ у роті) тощо. Вампір може використовувати інші Дисципліни, на розсуд Оповідача. (Загалом, вони можуть використовувати Ауспекс, Анімалізм, Стрімкість, Стійкість, Могутність та Протеан; багато здібностей Домінування, Обфускації та Присутності створюють проблеми; Кривава Магія повністю виключена.) </p><p>■ Тривалість: Одна сцена, якщо не завершено добровільно раніше</p>",
    "bonuses": [],
    "discipline": "protean",
    "duration": "",
    "level": 3,
    "dicepool": {},
    "cost": 1,
    "gamesystem": "vampire",
    "macroid": ""
  },
  "effects": [],
  "sort": 0,
  "ownership": {
    "default": 0,
    "zzaXLX6rQo9UZdTe": 3
  },
  "flags": {},
  "_stats": {
    "compendiumSource": null,
    "duplicateSource": null,
    "coreVersion": "13.346",
    "systemId": "vtm5e",
    "systemVersion": "5.0.11",
    "createdTime": 1745735188131,
    "modifiedTime": 1753740886774,
    "lastModifiedBy": "zzaXLX6rQo9UZdTe",
    "exportSource": null
  },
  "_key": "!items!IREwXzpHFwnk8uQZ"
}