{
  "folder": "Eu59sgcxwcMmse8A",
  "name": "Зміна форми",
  "type": "power",
  "_id": "IREwXzpHFwnk8uQZ",
  "img": "modules/vampire-the-masquerade-5e-compendium-ukr/packs/assets/330px-Protean_symbol.png",
  "system": {
    "description": "<p>Вампір може приймати форму тварини, приблизно такої ж маси, як і його власна. Вампір може перетворюватися лише на один вид тварин (зазвичай на вовка, іноді на велику кішку або гігантську змію), як правило, пов'язаний з його кланом або типом здобичі, якою він найчастіше харчується. Хоча ця тварина зазвичай є видатним представником свого виду, для звичайного спостерігача вона не виявляє жодних ознак надприродності.</p><p>■ Вартість: Одна Перевірка Пробудження</p><p>■ Система: Жодних кидків не потрібно. Перетворення триває один хід, під час якого користувач не може виконувати жодних інших дій. Після перетворення вампір отримує Фізичні Атрибути, чуття та природні Навички, пов'язані з цією твариною (див. стор. 373), а також набуває природних для цієї тварини обмежень у спілкуванні, маніпулюванні предметами (більшість тварин можуть нести щось одне в пащі) тощо. Вампір може використовувати інші Дисципліни на розсуд Оповідача. (Загалом, він може використовувати Провидіння, Анімалізм, Стрімкість, Стійкість, Могутність та Перевертництво; багато сил Домінування, Затемнення та Присутності створюють проблеми; Криваве Чаклунство абсолютно недоступне.)</p><p>■ Тривалість: Одна сцена, якщо не припинити дію добровільно раніше</p>",
    "bonuses": [],
    "discipline": "protean",
    "duration": "",
    "level": 3,
    "dicepool": {},
    "cost": 1,
    "gamesystem": "vampire",
    "macroid": ""
  },
  "effects": [],
  "sort": 0,
  "ownership": {
    "default": 0,
    "zzaXLX6rQo9UZdTe": 3
  },
  "flags": {},
  "_stats": {
    "compendiumSource": null,
    "duplicateSource": null,
    "coreVersion": "13.346",
    "systemId": "vtm5e",
    "systemVersion": "5.0.11",
    "createdTime": 1745735188131,
    "modifiedTime": 1753740886774,
    "lastModifiedBy": "zzaXLX6rQo9UZdTe",
    "exportSource": null
  },
  "_key": "!items!IREwXzpHFwnk8uQZ"
}