{
  "folder": "GzJx6XVkFDl7TzF9",
  "name": "Поділіться чуттями",
  "type": "power",
  "_id": "iW0Age4PHhRqVOKi",
  "img": "modules/vampire-the-masquerade-5e-compendium-ukr/packs/assets/330px-Auspex_symbol.png",
  "system": {
    "description": "<p>Звертаючись думкою, вампір може підключитися до чуттів іншого смертного чи вампіра, бачачи, чуючи та відчуваючи те саме, що й вони. Користувач зберігає власне сприйняття й усвідомлює своє оточення, хоча до цього ефекту потрібно звикнути. Користувач вирішує, чи підключатися до одного, кількох чи всіх чуттів цілі. При використанні на незнайомцеві ця здатність вимагає прямої видимості для активації. Однак її можна використовувати на більших відстанях на тому, в чиєму тілі ще залишилася кров користувача.</p><p>■ Вартість: Одна Перевірка Пробудження</p><p>■ Запас кубиків: Рішучість + Прозірливість</p><p>■ Система: Зробіть кидок Рішучість + Прозірливість зі складністю 3. Ця складність може зростати залежно від відволікаючих чинників, відстані та інших факторів, наприклад, кількості крові користувача, що залишилася в цілі. Зазвичай ціль не усвідомлює вторгнення, але Відчуття Невидимого може дозволити помітити «пасажира». Щоб позбутися небажаного «вершника», жертва повинна перемогти загарбника у протистоянні кидків Кмітливість + Рішучість проти Кмітливість + Рішучість. Користувач Прозірливості, якого вигнали таким чином, не може здійснити ще одну спробу спільного сприйняття до наступної ночі.</p><p>■ Тривалість: Одна сцена</p>",
    "bonuses": [],
    "discipline": "auspex",
    "duration": "",
    "level": 3,
    "dicepool": {
      "y1Is865v": {
        "path": "attributes.resolve"
      },
      "Dyp9gCDn": {
        "path": "disciplines.auspex"
      }
    },
    "cost": 1,
    "gamesystem": "vampire",
    "macroid": ""
  },
  "effects": [],
  "sort": 0,
  "ownership": {
    "default": 0,
    "zzaXLX6rQo9UZdTe": 3
  },
  "flags": {},
  "_stats": {
    "compendiumSource": null,
    "duplicateSource": null,
    "coreVersion": "13.346",
    "systemId": "vtm5e",
    "systemVersion": "5.0.11",
    "createdTime": 1745735179703,
    "modifiedTime": 1753740436808,
    "lastModifiedBy": "zzaXLX6rQo9UZdTe",
    "exportSource": null
  },
  "_key": "!items!iW0Age4PHhRqVOKi"
}