{
  "folder": "GzJx6XVkFDl7TzF9",
  "name": "Поділитися почуттями",
  "type": "power",
  "_id": "iW0Age4PHhRqVOKi",
  "img": "modules/vampire-the-masquerade-5e-compendium-ukr/packs/assets/330px-Auspex_symbol.png",
  "system": {
    "description": "<p>Простягаючи свій розум, вампір може підключитися до почуттів іншого смертного або вампіра, бачачи, чуючи та відчуваючи те, що й вони. Користувач все ще зберігає власне сприйняття і усвідомлює своє оточення, хоча ефект вимагає певного звикання. Користувач вирішує, чи підключатися лише до одного, кількох або всіх почуттів цілі. При використанні на незнайомці ця здатність вимагає прямої видимості для ініціації. Однак її можна використовувати на більших відстанях на тому, в кому ще є трохи крові користувача. </p><p>■ Вартість: Одна Перевірка Збудження </p><p>■ Пули кубиків: Зосередженість + Ауспекс </p><p>■ Система: Киньте Зосередженість + Ауспекс зі Складністю 3. Ця Складність може зростати залежно від відволікаючих факторів, відстані та інших чинників, таких як кількість крові користувача, що залишилася в цілі. Ціль зазвичай не усвідомлює вторгнення, але Відчуття Невидимого може дозволити помітити пасажира. Щоб позбутися небажаного вершника, жертва повинна перемогти порушника в кидку Кмітливість + Зосередженість проти Кмітливість + Зосередженість. Користувач Ауспекса, якого так вигнали, не може зробити ще одну спробу Поділитися до наступної ночі. </p><p>■ Тривалість: Одна сцена</p>",
    "bonuses": [],
    "discipline": "auspex",
    "duration": "",
    "level": 3,
    "dicepool": {
      "y1Is865v": {
        "path": "attributes.resolve"
      },
      "Dyp9gCDn": {
        "path": "disciplines.auspex"
      }
    },
    "cost": 1,
    "gamesystem": "vampire",
    "macroid": ""
  },
  "effects": [],
  "sort": 0,
  "ownership": {
    "default": 0,
    "zzaXLX6rQo9UZdTe": 3
  },
  "flags": {},
  "_stats": {
    "compendiumSource": null,
    "duplicateSource": null,
    "coreVersion": "13.346",
    "systemId": "vtm5e",
    "systemVersion": "5.0.11",
    "createdTime": 1745735179703,
    "modifiedTime": 1753740436808,
    "lastModifiedBy": "zzaXLX6rQo9UZdTe",
    "exportSource": null
  },
  "_key": "!items!iW0Age4PHhRqVOKi"
}