{
  "folder": "qiKArCN2bXL4I9w9",
  "name": "Тиша смерті",
  "type": "power",
  "_id": "zkfXHOs9jNBjeRGT",
  "img": "modules/vampire-the-masquerade-5e-compendium-ukr/packs/assets/330px-Obfuscate_symbol.png",
  "system": {
    "description": "<p>Популярна серед Бану Хакім, ця здатність повністю заглушає користувача, нівелюючи усі звуки, які він видає. Як і інші здібності Затемнення, вона діє лише на людей у межах чутності й не обманює мікрофони чи інші електронні звукові детектори. На відміну від Затемнення загалом, ця здатність діє лише на слух, але натомість працює надійніше. Вампір має створити дуже багато шуму, щоб порушити цю тишу.</p><p>■ Вартість: Безкоштовно</p><p>■ Система: Користувач заглушає свої кроки, одяг, незначні зіткнення та інші звуки, пов'язані з його особою. Це робить вампіра непомітним, якщо спостерігач може помітити його лише за звуком, наприклад, перебуваючи на іншому поверсі будинку. Ця здатність не усуває звуки, які користувач створює поза своїм особистим простором (наприклад, кидання чи падіння предметів, грюкання дверима). В іншому випадку, виявити користувача може лише Відчуття Невидимого (Провидіння 1).</p><p>■ Тривалість: Одна сцена</p>",
    "bonuses": [],
    "discipline": "obfuscate",
    "duration": "",
    "level": 1,
    "dicepool": {},
    "cost": null,
    "gamesystem": "vampire",
    "macroid": ""
  },
  "effects": [],
  "sort": 0,
  "ownership": {
    "default": 0,
    "zzaXLX6rQo9UZdTe": 3
  },
  "flags": {},
  "_stats": {
    "compendiumSource": null,
    "duplicateSource": null,
    "coreVersion": "13.346",
    "systemId": "vtm5e",
    "systemVersion": "5.0.11",
    "createdTime": 1745735184863,
    "modifiedTime": 1753740684732,
    "lastModifiedBy": "zzaXLX6rQo9UZdTe",
    "exportSource": null
  },
  "_key": "!items!zkfXHOs9jNBjeRGT"
}