{
  "folder": "aHnfI8vhuBCi6LOD",
  "name": "Стрімкий злет",
  "type": "power",
  "_id": "pUDiIlGhaaZbZXsv",
  "img": "modules/vampire-the-masquerade-5e-compendium-ukr/packs/assets/330px-Potence_symbol.png",
  "system": {
    "description": "<p>Наділений нечестивою силою, що криється не лише в руках і кулаках, користувач може стрибати значно вище й далі, ніж будь-який смертний.</p><p>■ Вартість: Безкоштовно</p><p>■ Система: Користувач може стрибнути у висоту на кількість метрів, що дорівнює потроєному рівню його Могутності, та в довжину — на кількість метрів, що дорівнює п'ятикратному рівню його Могутності. Користувачу не потрібен розбіг для цих стрибків.</p><p>■ Тривалість: Пасивна</p>",
    "bonuses": [],
    "discipline": "potence",
    "duration": "",
    "level": 1,
    "dicepool": {},
    "cost": null,
    "gamesystem": "vampire",
    "macroid": ""
  },
  "effects": [],
  "sort": 0,
  "ownership": {
    "default": 0,
    "zzaXLX6rQo9UZdTe": 3
  },
  "flags": {},
  "_stats": {
    "compendiumSource": null,
    "duplicateSource": null,
    "coreVersion": "13.346",
    "systemId": "vtm5e",
    "systemVersion": "5.0.11",
    "createdTime": 1745735185972,
    "modifiedTime": 1753740770274,
    "lastModifiedBy": "zzaXLX6rQo9UZdTe",
    "exportSource": null
  },
  "_key": "!items!pUDiIlGhaaZbZXsv"
}