{
  "folder": "aHnfI8vhuBCi6LOD",
  "name": "Високий стрибок",
  "type": "power",
  "_id": "pUDiIlGhaaZbZXsv",
  "img": "modules/vampire-the-masquerade-5e-compendium-ukr/packs/assets/330px-Potence_symbol.png",
  "system": {
    "description": "<p>Володіючи нечестивою силою не лише в руках і кулаках, користувач може стрибати набагато вище і далі, ніж будь-який смертний. </p><p>■ Вартість: Безкоштовно </p><p>■ Система: Користувач може стрибнути на кількість метрів, що дорівнює трьом його рівням Могутності по вертикалі, і п'яти його рівням Могутності по горизонталі. Користувачеві не потрібен розбіг для цих стрибків. </p><p>■ Тривалість: Пасивно</p>",
    "bonuses": [],
    "discipline": "potence",
    "duration": "",
    "level": 1,
    "dicepool": {},
    "cost": null,
    "gamesystem": "vampire",
    "macroid": ""
  },
  "effects": [],
  "sort": 0,
  "ownership": {
    "default": 0,
    "zzaXLX6rQo9UZdTe": 3
  },
  "flags": {},
  "_stats": {
    "compendiumSource": null,
    "duplicateSource": null,
    "coreVersion": "13.346",
    "systemId": "vtm5e",
    "systemVersion": "5.0.11",
    "createdTime": 1745735185972,
    "modifiedTime": 1753740770274,
    "lastModifiedBy": "zzaXLX6rQo9UZdTe",
    "exportSource": null
  },
  "_key": "!items!pUDiIlGhaaZbZXsv"
}