{
  "folder": "161fLlXNb5ThUHua",
  "name": "Дотик духа",
  "type": "power",
  "_id": "kJSVGJZvOX5gBCLS",
  "img": "modules/vampire-the-masquerade-5e-compendium-ukr/packs/assets/330px-Auspex_symbol.png",
  "system": {
    "description": "<p>Торкаючись неживого предмета або землі в певному місці, вампір може відчути емоційний залишок, залишений тими, хто тримав цей предмет або відвідував це місце в минулому. Користувач отримує уявлення не лише про цю людину, але й про те, що було зроблено і за яких обставин. Хоча інформація рідко буває кришталево чистою, вона часто надає підказки, які неможливо отримати за допомогою звичайної криміналістики та дедукції. </p><p>■ Вартість: Одна Перевірка Збудження </p><p>■ Пули кубиків: Інтелект + Ауспекс </p><p>■ Система: Зробіть кидок Інтелект + Ауспекс проти Складності, що залежить від шуканої інформації. Визначення емоційного стану користувача знаряддя вбивства, використаного кілька днів тому, має Складність 3, але відчуття оточення, в якому був написаний 300-річний лист, наближається до Складності 6 або вище. Кожне очко переваги в кидку дозволяє користувачеві відчути приблизно одного додаткового попереднього власника та набір обставин, рахуючи назад від останнього. </p><p>■ Тривалість: Один хід</p>",
    "bonuses": [],
    "discipline": "auspex",
    "duration": "",
    "level": 4,
    "dicepool": {
      "TNPmedib": {
        "path": "attributes.intelligence"
      },
      "kw8RFQna": {
        "path": "disciplines.auspex"
      }
    },
    "cost": 1,
    "gamesystem": "vampire",
    "macroid": ""
  },
  "effects": [],
  "sort": 0,
  "ownership": {
    "default": 0,
    "zzaXLX6rQo9UZdTe": 3
  },
  "flags": {},
  "_stats": {
    "compendiumSource": null,
    "duplicateSource": null,
    "coreVersion": "13.346",
    "systemId": "vtm5e",
    "systemVersion": "5.0.11",
    "createdTime": 1745735179703,
    "modifiedTime": 1753740439874,
    "lastModifiedBy": "zzaXLX6rQo9UZdTe",
    "exportSource": null
  },
  "_key": "!items!kJSVGJZvOX5gBCLS"
}