{
  "folder": "0ptt2xkhZKekfhoV",
  "name": "Доля секунди",
  "type": "power",
  "_id": "DB5yG7MhsDS3R3QH",
  "img": "modules/vampire-the-masquerade-5e-compendium-ukr/packs/assets/330px-Aclarity_symbol.png",
  "system": {
    "description": "<p>Швидкість, з якою рухається вампір, наздоганяє його надзвичайно загострене сприйняття, дозволяючи йому миттєво реагувати на навколишні події. Нападники із засідки виявляють, що їхня здобич вже стоїть у них за спиною, а прохання виконуються ще до того, як слова злетять з вуст прохача.</p><p>■ Ціна: Одна Перевірка Пробудження</p><p>■ Система: Гравець може, в межах розумного, змінити розповідь Оповідача про події. Він може вирішити, що його персонаж прослизнув у двері, перш ніж ті зачинилися, уникнув засідки вже після того, як її було активовано, відкотився з-під вибуху і так далі. Виконана дія має бути реалістичною і не повинна тривати більше кількох секунд у реальному часі. Оповідач вирішує, які Навички, якщо такі потрібні, слід перевірити для успішного виконання дії, розпочатої за допомогою цієї сили.</p><p>■ Тривалість: Приблизно одна дія, на розсуд Оповідача.</p>",
    "bonuses": [],
    "discipline": "celerity",
    "duration": "",
    "level": 5,
    "dicepool": {},
    "cost": 1,
    "gamesystem": "vampire",
    "macroid": ""
  },
  "effects": [],
  "sort": 0,
  "ownership": {
    "default": 0,
    "zzaXLX6rQo9UZdTe": 3
  },
  "flags": {},
  "_stats": {
    "compendiumSource": null,
    "duplicateSource": null,
    "coreVersion": "13.346",
    "systemId": "vtm5e",
    "systemVersion": "5.0.11",
    "createdTime": 1745735182035,
    "modifiedTime": 1753740562310,
    "lastModifiedBy": "zzaXLX6rQo9UZdTe",
    "exportSource": null
  },
  "_key": "!items!DB5yG7MhsDS3R3QH"
}