{
  "folder": "0ptt2xkhZKekfhoV",
  "name": "Доля секунди",
  "type": "power",
  "_id": "DB5yG7MhsDS3R3QH",
  "img": "modules/vampire-the-masquerade-5e-compendium-ukr/packs/assets/330px-Aclarity_symbol.png",
  "system": {
    "description": "<p>Швидкість, з якою рухається вампір, наздоганяє його надпотужне сприйняття, дозволяючи йому реагувати на події навколо себе в одну мить. Засідники виявляють, що їхня здобич вже стоїть за ними, а прохання виконуються ще до того, як слова покинуть уста прохача. </p><p>■ Вартість: Одна Перевірка Збудження </p><p>■ Система: Гравець може перевершити розповідь Оповідача про події, в розумних межах. Він може вибрати, щоб його персонаж пройшов через двері до того, як вони зачиняться, обійшов засідку після того, як вона спрацювала, відкотився від вибуху тощо. Вчинена дія повинна бути розумною і не повинна займати більше кількох секунд реального часу. Оповідач вирішує, які Навички, якщо такі є, потрібно перевірити для успішного виконання дії, розпочатої за допомогою цієї здатності. </p><p>■ Тривалість: Приблизно одна дія, на розсуд Оповідача.</p>",
    "bonuses": [],
    "discipline": "celerity",
    "duration": "",
    "level": 5,
    "dicepool": {},
    "cost": 1,
    "gamesystem": "vampire",
    "macroid": ""
  },
  "effects": [],
  "sort": 0,
  "ownership": {
    "default": 0,
    "zzaXLX6rQo9UZdTe": 3
  },
  "flags": {},
  "_stats": {
    "compendiumSource": null,
    "duplicateSource": null,
    "coreVersion": "13.346",
    "systemId": "vtm5e",
    "systemVersion": "5.0.11",
    "createdTime": 1745735182035,
    "modifiedTime": 1753740562310,
    "lastModifiedBy": "zzaXLX6rQo9UZdTe",
    "exportSource": null
  },
  "_key": "!items!DB5yG7MhsDS3R3QH"
}