{
  "folder": "018Mfr6auKKYLXyI",
  "name": "Зоряний магнетизм",
  "type": "power",
  "_id": "cdeuhdY4ngD6cYKq",
  "img": "modules/vampire-the-masquerade-5e-compendium-ukr/packs/assets/330px-Presence_symbol.png",
  "system": {
    "description": "<p>Здібності Присутності персонажа тепер впливають на людей, які бачать його в прямих трансляціях або чують по телефону. Проте записані зображення чи повідомлення не зберігають цього ефекту.</p><p>■ Ціна: одна додаткова Перевірка Пробудження</p><p>■ Система: Захоплення, Залякування та Зачарування можна передавати через прямі трансляції на екранах чи по телефону. Якщо використовується Зачарування, необхідно чітко вимовити ім'я жертви, оскільки ця здатність одночасно впливає лише на одну особу. Усі інші, хто переглядає ту саму трансляцію, вважатимуть персонажа чарівним, але не надприродно.</p><p>■ Тривалість: як у застосованої здібності</p>",
    "bonuses": [],
    "discipline": "presence",
    "duration": "",
    "level": 5,
    "dicepool": {},
    "cost": 1,
    "gamesystem": "vampire",
    "macroid": ""
  },
  "effects": [],
  "sort": 0,
  "ownership": {
    "default": 0,
    "zzaXLX6rQo9UZdTe": 3
  },
  "flags": {
    "vtm5e": {
      "dataItemId": "power-star-magnetism"
    }
  },
  "_stats": {
    "compendiumSource": null,
    "duplicateSource": null,
    "coreVersion": "13.346",
    "systemId": "vtm5e",
    "systemVersion": "5.0.11",
    "createdTime": 1745735186900,
    "modifiedTime": 1753740850869,
    "lastModifiedBy": "zzaXLX6rQo9UZdTe",
    "exportSource": null
  },
  "_key": "!items!cdeuhdY4ngD6cYKq"
}