{
  "folder": "bc4oUHf5LgUIEKeP",
  "name": "Занурена директива",
  "type": "power",
  "_id": "l59qhQZHR8tynmEo",
  "img": "modules/vampire-the-masquerade-5e-compendium-ukr/packs/assets/330px-Dominate_symbol.png",
  "system": {
    "description": "<p>Використовуючи Зачарування, вампір тепер може вкласти постгіпнотичне навіювання, що дозволяє наказу залишатися прихованим, доки не спрацює певний подразник. Цим тригером може бути що завгодно: від певної дати до конкретної людини («Коли зустрінеш Роланда, скажи йому ці слова») чи почутої фрази. Занурена Директива не має терміну дії; люди цілком можуть роками ходити з наказом, похованим у їхній свідомості. Користувач може вкласти лише одне навіювання одній жертві.</p><p>■ Вартість: Без додаткових витрат</p><p>■ Система: Аналогічно до Зачарування, хоча Оповідач може забажати робити всі кидки таємно. Неможливо дізнатися, чи спрацювало занурене навіювання, доки не будуть виконані умови.</p><p>■ Тривалість: Пасивна</p>",
    "bonuses": [],
    "discipline": "dominate",
    "duration": "",
    "level": 3,
    "dicepool": {},
    "cost": null,
    "gamesystem": "vampire",
    "macroid": ""
  },
  "effects": [],
  "sort": 0,
  "ownership": {
    "default": 0,
    "zzaXLX6rQo9UZdTe": 3
  },
  "flags": {},
  "_stats": {
    "compendiumSource": null,
    "duplicateSource": null,
    "coreVersion": "13.346",
    "systemId": "vtm5e",
    "systemVersion": "5.0.11",
    "createdTime": 1745735182706,
    "modifiedTime": 1753740598524,
    "lastModifiedBy": "zzaXLX6rQo9UZdTe",
    "exportSource": null
  },
  "_key": "!items!l59qhQZHR8tynmEo"
}