{
  "folder": "bc4oUHf5LgUIEKeP",
  "name": "Прихована директива",
  "type": "power",
  "_id": "l59qhQZHR8tynmEo",
  "img": "modules/vampire-the-masquerade-5e-compendium-ukr/packs/assets/330px-Dominate_symbol.png",
  "system": {
    "description": "<p>Використовуючи Гіпноз, вампір тепер може впроваджувати постгіпнотичну пропозицію, дозволяючи наказу залишатися в сплячому стані до виникнення певного стимулу. Цим тригером може бути що завгодно: від певної дати до людини («Коли зустрінеш Роланда, скажи йому ці слова») до почутої певної фрази. Прихована директива ніколи не закінчується; люди можуть роками ходити з наказом, похованим у їхньому розумі. Користувач може впровадити лише одну пропозицію на жертву.</p><p>■ Вартість: Без додаткових витрат</p><p>■ Система: Як і Гіпноз, хоча Оповідач може захотіти зробити будь-які кидки таємно. Немає способу дізнатися, чи спрацює прихована пропозиція, доки не будуть виконані умови.</p><p>■ Тривалість: Пасивно</p>",
    "bonuses": [],
    "discipline": "dominate",
    "duration": "",
    "level": 3,
    "dicepool": {},
    "cost": null,
    "gamesystem": "vampire",
    "macroid": ""
  },
  "effects": [],
  "sort": 0,
  "ownership": {
    "default": 0,
    "zzaXLX6rQo9UZdTe": 3
  },
  "flags": {},
  "_stats": {
    "compendiumSource": null,
    "duplicateSource": null,
    "coreVersion": "13.346",
    "systemId": "vtm5e",
    "systemVersion": "5.0.11",
    "createdTime": 1745735182706,
    "modifiedTime": 1753740598524,
    "lastModifiedBy": "zzaXLX6rQo9UZdTe",
    "exportSource": null
  },
  "_key": "!items!l59qhQZHR8tynmEo"
}