{
  "folder": "JabLBH2n83gkLzuR",
  "name": "Поглинути Дух",
  "type": "power",
  "_id": "Lsb2jp7KrSrSfN1F",
  "img": "modules/vampire-the-masquerade-5e-compendium-ukr/packs/assets/330px-Animalism_symbol.png",
  "system": {
    "description": "<p>Вампір може повністю перенести свою свідомість у тіло тварини. Він може керувати твариною та вільно використовувати її органи чуття, навіть удень, якщо йому вдасться не заснути. У цей час тіло вампіра лежить нерухомо, ніби в стані заціпеніння.</p><p>■ Вартість: Одна Перевірка Пробудження. Безкоштовно, якщо використовується на фамільярі.</p><p>■ Кидки: Маніпулювання + Анімалізм</p><p>■ Система: Зробіть перевірку Маніпулювання + Анімалізм; Складність 4. У разі успіху вампір може вселитися в тіло тварини на одну сцену. У разі критичного успіху вампір може залишатися в тілі тварини нескінченно довго. Щоб продовжити це володіння на денний час, вампір має залишатися притомним (стор. 219); побачивши сонце, він має пройти перевірку на шал страху, хоча сонячне світло не шкодить тварині, якою він керує. Користувач не відчуває свого власного тіла, але будь-яка шкода, завдана йому, виводить його з трансу та звільняє тварину. Смерть одержимої тварини також перериває транс, і вампір отримує одну одиницю Агравованих пошкоджень Сили Волі від шоку.</p><p>■ Тривалість: Одна сцена / нескінченно довго (див. вище)</p>",
    "bonuses": [],
    "discipline": "animalism",
    "duration": "",
    "level": 4,
    "dicepool": {
      "9djyN3mZ": {
        "path": "attributes.manipulation"
      },
      "j91OHhAe": {
        "path": "disciplines.animalism"
      }
    },
    "cost": 1,
    "gamesystem": "vampire",
    "macroid": ""
  },
  "effects": [],
  "sort": 0,
  "ownership": {
    "default": 0,
    "zzaXLX6rQo9UZdTe": 3
  },
  "flags": {},
  "_stats": {
    "compendiumSource": null,
    "duplicateSource": null,
    "coreVersion": "13.346",
    "systemId": "vtm5e",
    "systemVersion": "5.0.11",
    "createdTime": 1745735176351,
    "modifiedTime": 1753740355568,
    "lastModifiedBy": "zzaXLX6rQo9UZdTe",
    "exportSource": null
  },
  "_key": "!items!Lsb2jp7KrSrSfN1F"
}