{
  "folder": "JabLBH2n83gkLzuR",
  "name": "Поглинути дух",
  "type": "power",
  "_id": "Lsb2jp7KrSrSfN1F",
  "img": "modules/vampire-the-masquerade-5e-compendium-ukr/packs/assets/330px-Animalism_symbol.png",
  "system": {
    "description": "<p>Вампір може повністю перенести свій розум у тіло тварини. Він може керувати твариною і вільно використовувати її почуття, навіть вдень, якщо йому вдасться не заснути. Під час цього тіло вампіра лежить нерухомо, ніби в торпорі.</p><p>■ Вартість: Одна Перевірка Збудження. Безкоштовно, якщо використовується на фамулусі. </p><p>■ Пули кубиків: Маніпулвання + Анімалізм </p><p>■ Система: Зробіть перевірку Маніпулвання + Анімалізм; Складність 4. У разі перемоги вампір може перебувати в тілі тварини протягом однієї сцени. У разі критичної перемоги вампір може перебувати в тварині нескінченно довго. Продовження цього володіння в денний час вимагає від вампіра не спати (с. 219); бачення сонця вимагає перевірки на шаленство страху, хоча сонячне світло не шкодить тварині, якою керують. Користувач залишається несвідомим щодо свого початкового тіла, але шкода, завдана йому, виводить його з трансу і звільняє тварину. Смерть одержимої тварини також припиняє транс, і вампір отримує один пункт Агравованого ушкодження Сили Волі від шоку. </p><p>■ Тривалість: Одна сцена / нескінченно (див. вище)</p>",
    "bonuses": [],
    "discipline": "animalism",
    "duration": "",
    "level": 4,
    "dicepool": {
      "9djyN3mZ": {
        "path": "attributes.manipulation"
      },
      "j91OHhAe": {
        "path": "disciplines.animalism"
      }
    },
    "cost": 1,
    "gamesystem": "vampire",
    "macroid": ""
  },
  "effects": [],
  "sort": 0,
  "ownership": {
    "default": 0,
    "zzaXLX6rQo9UZdTe": 3
  },
  "flags": {},
  "_stats": {
    "compendiumSource": null,
    "duplicateSource": null,
    "coreVersion": "13.346",
    "systemId": "vtm5e",
    "systemVersion": "5.0.11",
    "createdTime": 1745735176351,
    "modifiedTime": 1753740355568,
    "lastModifiedBy": "zzaXLX6rQo9UZdTe",
    "exportSource": null
  },
  "_key": "!items!Lsb2jp7KrSrSfN1F"
}