{
  "folder": "g65Ijq0bqhBxiY6K",
  "name": "Виклик",
  "type": "power",
  "_id": "rD3mOz4YN5LKLh2h",
  "img": "modules/vampire-the-masquerade-5e-compendium-ukr/packs/assets/330px-Presence_symbol.png",
  "system": {
    "description": "<p>Вампір може закликати до себе будь-яку людину, смертну чи вампіра, на яку він раніше використовував Благоговіння, Зачарування чи Велич, або яка хоча б раз куштувала його Кров. Ціль знає, хто її викликає, і поточне місцезнаходження користувача. Цей заклик триває одну ніч. Після цього часу ефект спадає, але користувач може повторювати його ніч за ніччю, якщо це необхідно для досягнення цілі або якщо ціль з якихось причин неохоче йде. Будь-хто, кого викликали, відчуває потяг до викликача і намагається дістатися до нього, хоча й не наражаючи себе на фізичну чи фінансову небезпеку. Вони не продадуть свій будинок, щоб купити квиток, і не пропустять важливу зустріч, але можуть пропустити звичайну роботу або соціальні зобов'язання. </p><p>■ Вартість: Одна Перевірка Збудження </p><p>■ Пули кубиків: Маніпулвання + Присутність проти Стриманість + Інтелект </p><p>■ Система: Користувач повинен концентруватися протягом п'яти хвилин і думати про людину, яку викликає, потім кидає Маніпулвання + Присутність проти Стриманість + Інтелект. У разі перемоги ціль чує виклик, але може його виконати або ні. У разі критичної перемоги ціль прибуває якомога швидше, за винятком безпосередньої загрози її добробуту. </p><p>■ Тривалість: Одна ніч</p>",
    "bonuses": [],
    "discipline": "presence",
    "duration": "",
    "level": 4,
    "dicepool": {
      "xsmCwgMt": {
        "path": "attributes.manipulation"
      },
      "OXHQswZ7": {
        "path": "disciplines.presence"
      }
    },
    "cost": 1,
    "gamesystem": "vampire",
    "macroid": ""
  },
  "effects": [],
  "sort": 0,
  "ownership": {
    "default": 0,
    "zzaXLX6rQo9UZdTe": 3
  },
  "flags": {
    "vtm5e": {
      "dataItemId": "power-summon"
    }
  },
  "_stats": {
    "compendiumSource": null,
    "duplicateSource": null,
    "coreVersion": "13.346",
    "systemId": "vtm5e",
    "systemVersion": "5.0.11",
    "createdTime": 1745735186900,
    "modifiedTime": 1753740843077,
    "lastModifiedBy": "zzaXLX6rQo9UZdTe",
    "exportSource": null
  },
  "_key": "!items!rD3mOz4YN5LKLh2h"
}