{
  "folder": "g65Ijq0bqhBxiY6K",
  "name": "Прикликати",
  "type": "power",
  "_id": "rD3mOz4YN5LKLh2h",
  "img": "modules/vampire-the-masquerade-5e-compendium-ukr/packs/assets/330px-Presence_symbol.png",
  "system": {
    "description": "<p>Вампір може прикликати до себе будь-яку особу, смертну чи вампіра, на яку раніше було використано Благоговіння, Зачарування чи Велич, або яка хоча б раз куштувала його крові. Ціль знає, хто її кличе, та поточне місцеперебування користувача. Цей заклик діє одну ніч. Після цього ефект зникає, але користувач може повторювати його ніч за ніччю, якщо це потрібно, щоб досягти цілі, або якщо ціль чинить опір. Кожен прикликаний відчуває потяг до того, хто його кличе, і намагається дістатися до нього, однак не наражаючи себе на фізичну чи фінансову небезпеку. Він не продасть свій будинок, щоб купити квиток, і не пропустить важливу зустріч, але може пропустити роботу чи знехтувати соціальними зобов'язаннями.</p><p>■ Вартість: Одна Перевірка Пробудження</p><p>■ Запас кубів: Маніпуляція + Присутність проти Самоконтроль + Інтелект</p><p>■ Система: Користувач повинен зосередитися протягом п'яти хвилин і думати про особу, яку прикликає, а потім робить кидок Маніпуляція + Присутність проти Самоконтроль + Інтелект. У разі перемоги ціль чує заклик, але може послухатися його, а може й ні. У разі критичної перемоги ціль прибуває так швидко, як тільки можливо, уникаючи безпосередньої загрози для свого добробуту.</p><p>■ Тривалість: Одна ніч</p>",
    "bonuses": [],
    "discipline": "presence",
    "duration": "",
    "level": 4,
    "dicepool": {
      "xsmCwgMt": {
        "path": "attributes.manipulation"
      },
      "OXHQswZ7": {
        "path": "disciplines.presence"
      }
    },
    "cost": 1,
    "gamesystem": "vampire",
    "macroid": ""
  },
  "effects": [],
  "sort": 0,
  "ownership": {
    "default": 0,
    "zzaXLX6rQo9UZdTe": 3
  },
  "flags": {
    "vtm5e": {
      "dataItemId": "power-summon"
    }
  },
  "_stats": {
    "compendiumSource": null,
    "duplicateSource": null,
    "coreVersion": "13.346",
    "systemId": "vtm5e",
    "systemVersion": "5.0.11",
    "createdTime": 1745735186900,
    "modifiedTime": 1753740843077,
    "lastModifiedBy": "zzaXLX6rQo9UZdTe",
    "exportSource": null
  },
  "_key": "!items!rD3mOz4YN5LKLh2h"
}