{
  "folder": "YSRupupnXCyqqKc7",
  "name": "Телепатія",
  "type": "power",
  "_id": "bNgez7daRr5UKy2U",
  "img": "modules/vampire-the-masquerade-5e-compendium-ukr/packs/assets/330px-Auspex_symbol.png",
  "system": {
    "description": "<p>На найвищих рівнях Ауспекса вампір тепер може буквально читати думки, а також проектувати власні думки в розум інших. Хоча читання розуму смертного є відносно простим, проникнення в розум нежиті вимагає більших зусиль.</p><p>■ Вартість: Одна Перевірка Збудження (плюс одна Сила Волі проти вампірів, що не дають згоди)</p><p>■ Пули кубиків: Зосередженість + Ауспекс проти Кмітливість + Хитрість</p><p>■ Система: Користувачеві не потрібно кидати кубики, щоб проектувати свої думки іншому, вампіру чи смертному, хоча для цього потрібна пряма видимість. Щоб прочитати думки смертного в межах прямої видимості, киньте Зосередженість + Ауспекс проти Кмітливість + Хитрість, дивлячись йому в очі. (Якщо смертний не дає згоди, в цьому випадку кидок не потрібен.) Перемога означає, що користувач може розрізнити поверхневі думки як потік образів, а більша перевага дозволяє користувачеві шукати більш віддалені або приховані спогади. Критична перемога дає чітку картину поточних думок та намірів суб'єкта. Щоб прочитати думки вампіра, що не дає згоди, витратьте один пункт Сили Волі перед кидком.</p><p>■ Тривалість: Приблизно одна хвилина за Перевірку Збудження. Збільшується до повної сцени на суб'єктах, що дають згоду.</p>",
    "bonuses": [],
    "discipline": "auspex",
    "duration": "",
    "level": 5,
    "dicepool": {
      "wvl13hox": {
        "path": "attributes.resolve"
      },
      "jhmftKJH": {
        "path": "disciplines.auspex"
      }
    },
    "cost": 1,
    "gamesystem": "vampire",
    "macroid": ""
  },
  "effects": [],
  "sort": 0,
  "ownership": {
    "default": 0,
    "zzaXLX6rQo9UZdTe": 3
  },
  "flags": {},
  "_stats": {
    "compendiumSource": null,
    "duplicateSource": null,
    "coreVersion": "13.346",
    "systemId": "vtm5e",
    "systemVersion": "5.0.11",
    "createdTime": 1745735179703,
    "modifiedTime": 1753740449457,
    "lastModifiedBy": "zzaXLX6rQo9UZdTe",
    "exportSource": null
  },
  "_key": "!items!bNgez7daRr5UKy2U"
}