{
  "folder": "YSRupupnXCyqqKc7",
  "name": "Телепатія",
  "type": "power",
  "_id": "bNgez7daRr5UKy2U",
  "img": "modules/vampire-the-masquerade-5e-compendium-ukr/packs/assets/330px-Auspex_symbol.png",
  "system": {
    "description": "<p>На найвищих рівнях Провидіння вампір може буквально читати думки, а також проєктувати власні думки в розум інших. Хоча читання думок смертної людини є відносно простим завданням, проникнення в розум немертвих вимагає значно більших зусиль.</p><p>■ Вартість: Одна Перевірка Пробудження (плюс один пункт Сили Волі проти вампірів, що не дають згоди)</p><p>■ Пули кубиків: Рішучість + Провидіння проти Кмітливості + Хитрощів</p><p>■ Система: Користувачеві не потрібно кидати кубики, щоб проєктувати свої думки іншому, будь то вампір чи смертний, проте йому потрібна лінія видимості. Щоб прочитати думки смертного в межах видимості, киньте Рішучість + Провидіння проти Кмітливості + Хитрощів, дивлячись йому в очі. (Якщо смертний дає згоду, кидок не потрібен.) Перемога означає, що користувач може розрізнити поверхневі думки у вигляді потоку образів, а більший успіх дозволяє досліджувати більш віддалені або приховані спогади. Критична перемога дає цілісну картину поточних думок та намірів суб'єкта. Щоб прочитати думки вампіра, що не дає згоди, витратьте один пункт Сили Волі перед кидком.</p><p>■ Тривалість: Приблизно одна хвилина за кожну Перевірку Пробудження. Збільшується до цілої сцени для суб'єктів, що дали згоду.</p>",
    "bonuses": [],
    "discipline": "auspex",
    "duration": "",
    "level": 5,
    "dicepool": {
      "wvl13hox": {
        "path": "attributes.resolve"
      },
      "jhmftKJH": {
        "path": "disciplines.auspex"
      }
    },
    "cost": 1,
    "gamesystem": "vampire",
    "macroid": ""
  },
  "effects": [],
  "sort": 0,
  "ownership": {
    "default": 0,
    "zzaXLX6rQo9UZdTe": 3
  },
  "flags": {},
  "_stats": {
    "compendiumSource": null,
    "duplicateSource": null,
    "coreVersion": "13.346",
    "systemId": "vtm5e",
    "systemVersion": "5.0.11",
    "createdTime": 1745735179703,
    "modifiedTime": 1753740449457,
    "lastModifiedBy": "zzaXLX6rQo9UZdTe",
    "exportSource": null
  },
  "_key": "!items!bNgez7daRr5UKy2U"
}