{
  "folder": "wOjbxqHPqPikcADT",
  "name": "Остаточний указ",
  "type": "power",
  "_id": "Vlw5YO2nDmH777pH",
  "img": "modules/vampire-the-masquerade-5e-compendium-ukr/packs/assets/330px-Dominate_symbol.png",
  "system": {
    "description": "<p>Більше не стримуваний інстинктами самозбереження своїх жертв, вампір тепер може віддавати накази, що безпосередньо ведуть до каліцтва чи смерті жертви. Смертних можна змусити винести собі мізки, стрибнути з даху або проковтнути отруту. Вампірів, доклавши певних зусиль, можна змусити увійти у вогонь або вийти на сонячне світло.</p><p>■ Ціна: Без додаткової ціни Голоду, але ціна Людяності може бути значною.</p><p>■ Система: Тепер смертельним наказам необхідно чинити опір (дивіться опис відповідних сил щодо необхідних кидків), замість того, щоб вони автоматично провалювалися.</p><p>■ Тривалість: Пасивна.</p>",
    "bonuses": [],
    "discipline": "dominate",
    "duration": "",
    "level": 5,
    "dicepool": {},
    "cost": null,
    "gamesystem": "vampire",
    "macroid": ""
  },
  "effects": [],
  "sort": 0,
  "ownership": {
    "default": 0,
    "zzaXLX6rQo9UZdTe": 3
  },
  "flags": {},
  "_stats": {
    "compendiumSource": null,
    "duplicateSource": null,
    "coreVersion": "13.346",
    "systemId": "vtm5e",
    "systemVersion": "5.0.11",
    "createdTime": 1745735182706,
    "modifiedTime": 1753740616079,
    "lastModifiedBy": "zzaXLX6rQo9UZdTe",
    "exportSource": null
  },
  "_key": "!items!Vlw5YO2nDmH777pH"
}