{
  "folder": "d0cbkbZyUVUaPfFD",
  "name": "Нескуте серце",
  "type": "power",
  "_id": "dWnIXu8UZ7tzBGXP",
  "img": "modules/vampire-the-masquerade-5e-compendium-ukr/packs/assets/330px-Protean_symbol.png",
  "system": {
    "description": "<p>Опанувавши силу Протеана, самі нутрощі користувача стають податливими, майже в'язкими. Серце, вмістилище віти та нежиття вампіра, від'єднується і вільно, хоч і повільно, рухається в грудній клітці. Це робить вампіра надзвичайно важким для проколювання кілком, оскільки положення його серця змінюється щоночі, і навіть може дозволити користувачеві звільнитися від паралічу. </p><p>■ Вартість: Безкоштовно </p><p>■ Система: Збільшує Складність будь-якої небойової перевірки на проколювання вампіра кілком на три. У Ближньому бою, лише якщо той, хто володіє кілком, отримує критичну перемогу, кілок проникає в серце користувача. Навіть якщо його прокололи кілком, користувач може зробити Перевірку Збудження і кинути свою Силу + Зосередженість (Складність 5) раз на годину. Перемога означає, що йому вдається звільнитися від паралічу, оскільки кілок виштовхується з його тіла. Він не може спробувати таке вигнання кілка при Голоді 5. </p><p>■ Тривалість: Пасивно</p>",
    "bonuses": [],
    "discipline": "protean",
    "duration": "",
    "level": 5,
    "dicepool": {},
    "cost": null,
    "gamesystem": "vampire",
    "macroid": ""
  },
  "effects": [],
  "sort": 0,
  "ownership": {
    "default": 0,
    "zzaXLX6rQo9UZdTe": 3
  },
  "flags": {},
  "_stats": {
    "compendiumSource": null,
    "duplicateSource": null,
    "coreVersion": "13.346",
    "systemId": "vtm5e",
    "systemVersion": "5.0.11",
    "createdTime": 1745735188131,
    "modifiedTime": 1753740898145,
    "lastModifiedBy": "zzaXLX6rQo9UZdTe",
    "exportSource": null
  },
  "_key": "!items!dWnIXu8UZ7tzBGXP"
}