{
  "folder": "d0cbkbZyUVUaPfFD",
  "name": "Нескуте серце",
  "type": "power",
  "_id": "dWnIXu8UZ7tzBGXP",
  "img": "modules/vampire-the-masquerade-5e-compendium-ukr/packs/assets/330px-Protean_symbol.png",
  "system": {
    "description": "<p>Опанувавши силу Перевтілення, нутрощі користувача стають податливими, майже в'язкими. Серце, осередок віте й нежиття вампіра, відділяється і вільно, хоч і повільно, переміщується в грудній клітці. Через це вампіра надзвичайно важко пробити кілком, оскільки положення його серця змінюється щоночі, і це навіть може дозволити користувачеві звільнитися від паралічу.</p><p>■ Вартість: Безкоштовно</p><p>■ Система: Збільшує Складність будь-якої позабойової перевірки на пробиття вампіра кілком на три. У ближньому бою кілок пробиває серце користувача, лише якщо той, хто ним володіє, отримує критичну перемогу. Навіть якщо його пробили кілком, користувач може робити Перевірку Пробудження і кидати Сила + Рішучість (Складність 5) раз на годину. Перемога означає, що йому вдається звільнитися від паралічу, оскільки кілок виштовхується з тіла. Він не може спробувати таке виштовхування кілка при Голоді 5.</p><p>■ Тривалість: Пасивна</p>",
    "bonuses": [],
    "discipline": "protean",
    "duration": "",
    "level": 5,
    "dicepool": {},
    "cost": null,
    "gamesystem": "vampire",
    "macroid": ""
  },
  "effects": [],
  "sort": 0,
  "ownership": {
    "default": 0,
    "zzaXLX6rQo9UZdTe": 3
  },
  "flags": {},
  "_stats": {
    "compendiumSource": null,
    "duplicateSource": null,
    "coreVersion": "13.346",
    "systemId": "vtm5e",
    "systemVersion": "5.0.11",
    "createdTime": 1745735188131,
    "modifiedTime": 1753740898145,
    "lastModifiedBy": "zzaXLX6rQo9UZdTe",
    "exportSource": null
  },
  "_key": "!items!dWnIXu8UZ7tzBGXP"
}