{
  "folder": "bc4oUHf5LgUIEKeP",
  "name": "Забудькуватий розум",
  "type": "power",
  "_id": "KmzCcdtTKJKLoFwi",
  "img": "modules/vampire-the-masquerade-5e-compendium-ukr/packs/assets/330px-Dominate_symbol.png",
  "system": {
    "description": "<p>Вампір може переписати цілі пласти пам'яті жертви, доки він може утримувати погляд жертви та її повну, безперервну увагу. Вампір усно описує нові спогади жертви, які жертва потім приймає як свої власні. Ця здатність не дозволяє користувачеві досліджувати справжні спогади жертви; це більше схоже на сліпе замальовування старого полотна. </p><p>■ Вартість: Одна Перевірка Збудження </p><p>■ Пули кубиків: Маніпулвання + Домінування проти Інтелект + Зосередженість </p><p>■ Система: Користувач робить змагання Маніпулвання + Домінування проти Інтелект + Зосередженість. Кожне очко переваги дозволяє користувачеві додати або видалити додатковий спогад. Жертва згадує зміни нечітко, туманними уявленнями, які можуть розвалитися під час ретельного допиту. Критична перемога створює бездоганний відбиток, такий же реальний, як і будь-який справжній спогад. </p><p>■ Тривалість: Невизначено</p>",
    "bonuses": [],
    "discipline": "dominate",
    "duration": "",
    "level": 3,
    "dicepool": {
      "3wOdeI6a": {
        "path": "attributes.manipulation"
      },
      "yqTiXnCV": {
        "path": "disciplines.dominate"
      }
    },
    "cost": 1,
    "gamesystem": "vampire",
    "macroid": ""
  },
  "effects": [],
  "sort": 0,
  "ownership": {
    "default": 0,
    "zzaXLX6rQo9UZdTe": 3
  },
  "flags": {},
  "_stats": {
    "compendiumSource": null,
    "duplicateSource": null,
    "coreVersion": "13.346",
    "systemId": "vtm5e",
    "systemVersion": "5.0.11",
    "createdTime": 1745735182706,
    "modifiedTime": 1753740602253,
    "lastModifiedBy": "zzaXLX6rQo9UZdTe",
    "exportSource": null
  },
  "_key": "!items!KmzCcdtTKJKLoFwi"
}