{
  "folder": "bc4oUHf5LgUIEKeP",
  "name": "Забудькуватий розум",
  "type": "power",
  "_id": "KmzCcdtTKJKLoFwi",
  "img": "modules/vampire-the-masquerade-5e-compendium-ukr/packs/assets/330px-Dominate_symbol.png",
  "system": {
    "description": "<p>Вампір може переписати цілі пласти спогадів жертви, доки він може утримувати її погляд і повну, неподільну увагу. Вампір усно описує нові спогади жертви, які та потім приймає за власні. Ця здатність не дозволяє користувачу дослідити справжні спогади жертви; вона радше нагадує сліпе замальовування старого полотна.</p><p>■ Ціна: Одна Перевірка Пробудження</p><p>■ Запас кубиків: Маніпуляція + Домінування проти Інтелекту + Рішучості</p><p>■ Система: Користувач робить змагальний кидок Маніпуляція + Домінування проти Інтелект + Рішучість. Кожне очко переваги дозволяє користувачу додати або видалити один додатковий спогад. Жертва розпливчасто пригадує зміни — це туманні уявлення, що можуть розсипатися під час прискіпливого розпитування. Критична перемога створює бездоганний відбиток, такий само реальний, як і будь-який справжній спогад.</p><p>■ Тривалість: Безстроково</p>",
    "bonuses": [],
    "discipline": "dominate",
    "duration": "",
    "level": 3,
    "dicepool": {
      "3wOdeI6a": {
        "path": "attributes.manipulation"
      },
      "yqTiXnCV": {
        "path": "disciplines.dominate"
      }
    },
    "cost": 1,
    "gamesystem": "vampire",
    "macroid": ""
  },
  "effects": [],
  "sort": 0,
  "ownership": {
    "default": 0,
    "zzaXLX6rQo9UZdTe": 3
  },
  "flags": {},
  "_stats": {
    "compendiumSource": null,
    "duplicateSource": null,
    "coreVersion": "13.346",
    "systemId": "vtm5e",
    "systemVersion": "5.0.11",
    "createdTime": 1745735182706,
    "modifiedTime": 1753740602253,
    "lastModifiedBy": "zzaXLX6rQo9UZdTe",
    "exportSource": null
  },
  "_key": "!items!KmzCcdtTKJKLoFwi"
}