{
  "folder": "wExgCpxoJU7bfd8W",
  "name": "Крадіжка Віти",
  "type": "power",
  "_id": "Dbs97SaeiVMZwjCp",
  "img": "modules/vampire-the-masquerade-5e-compendium-ukr/packs/assets/330px-Blood_Sorcery_symbol.png",
  "system": {
    "description": "<p>За допомогою містичних засобів вампір відкриває рану в головній артерії смертної жертви, і кров струменем вилітає в повітря до відкритого рота користувача. Це має додатковий ефект утримання смертного в підкореному стані, ніби в агонії Поцілунку, і рана закривається сама по собі після закінчення ефекту, незалежно від того, померла жертва чи ні. Ця здатність є надзвичайно видовищною і потенційним порушенням Маскараду під час її виконання, але після закінчення не залишає жодних слідів. </p><p>■ Вартість: Одна Перевірка Збудження </p><p>■ Пули кубиків: Кмітливість + Кривава Магія проти Кмітливість + Окультизм </p><p>■ Система: Користувач робить ваблячий жест у бік смертної цілі в межах прямої видимості і кидає свою Кмітливість + Кривава Магія проти Кмітливість + Окультизм. Перемога відкриває артеріальну рану, і вампір може почати харчуватися з іншого кінця кімнати. (Ціль, одягнена в повний захисний одяг, наприклад, костюм хімзахисту, просто екстатично стікає кров'ю в костюм.) Користувач не може робити нічого іншого під час харчування, але він може харчуватися вдвічі швидше, ніж зазвичай (втричі швидше при критичній перемозі) завдяки чаклунському тиску цієї здатності. </p><p>■ Тривалість: Одне годування</p>",
    "bonuses": [],
    "discipline": "sorcery",
    "duration": "",
    "level": 4,
    "dicepool": {
      "5sDNKVJe": {
        "path": "attributes.wits"
      },
      "I3m8HlB1": {
        "path": "disciplines.sorcery"
      }
    },
    "cost": 1,
    "gamesystem": "vampire",
    "macroid": ""
  },
  "effects": [],
  "sort": 0,
  "ownership": {
    "default": 0,
    "zzaXLX6rQo9UZdTe": 3
  },
  "flags": {},
  "_stats": {
    "compendiumSource": null,
    "duplicateSource": null,
    "coreVersion": "13.346",
    "systemId": "vtm5e",
    "systemVersion": "5.0.11",
    "createdTime": 1745735180957,
    "modifiedTime": 1753740490153,
    "lastModifiedBy": "zzaXLX6rQo9UZdTe",
    "exportSource": null
  },
  "_key": "!items!Dbs97SaeiVMZwjCp"
}