{
  "folder": "nK00YNPhGdIZyUPI",
  "name": "Міцність",
  "type": "power",
  "_id": "kZilLHOGrPLd15aE",
  "img": "modules/vampire-the-masquerade-5e-compendium-ukr/packs/assets/330px-Fortitude_symbol.png",
  "system": {
    "description": "<p>Усі вампіри з цією здатністю виявляють вроджену здатність ігнорувати ушкодження, які в іншому випадку завадили б і навіть вивели з ладу інших представників їхнього роду. Хоча ця здатність сама по собі не дає захисту від проклять та інших агравованих ушкоджень, захист, який вона надає, з часом накопичується.</p><p>■ Вартість: Одна Перевірка Збудження</p><p>■ Система: Відніміть Стійкість захисника від усього отриманого Поверхневого ушкодження. Це відбувається до поділу ушкодження навпіл і не може зменшити ушкодження нижче одного.</p><p>■ Тривалість: Одна сцена</p>",
    "bonuses": [],
    "discipline": "fortitude",
    "duration": "",
    "level": 2,
    "dicepool": {},
    "cost": 1,
    "gamesystem": "vampire",
    "macroid": ""
  },
  "effects": [],
  "sort": 0,
  "ownership": {
    "default": 0,
    "zzaXLX6rQo9UZdTe": 3
  },
  "flags": {},
  "_stats": {
    "compendiumSource": null,
    "duplicateSource": null,
    "coreVersion": "13.346",
    "systemId": "vtm5e",
    "systemVersion": "5.0.11",
    "createdTime": 1745735183811,
    "modifiedTime": 1753740641947,
    "lastModifiedBy": "zzaXLX6rQo9UZdTe",
    "exportSource": null
  },
  "_key": "!items!kZilLHOGrPLd15aE"
}