{
  "folder": "nK00YNPhGdIZyUPI",
  "name": "Стійкість",
  "type": "power",
  "_id": "kZilLHOGrPLd15aE",
  "img": "modules/vampire-the-masquerade-5e-compendium-ukr/packs/assets/330px-Fortitude_symbol.png",
  "system": {
    "description": "<p>Усі вампіри з цією силою виявляють вроджену здатність ігнорувати шкоду, яка в іншому разі завдавала б незручностей і навіть виводила з ладу інших їм подібних. Хоча сама по собі ця сила не дає захисту від згубних впливів та іншої агравованої шкоди, захист, який вона надає, з часом стає все відчутнішим.</p><p>■ Вартість: Одна перевірка Пробудження</p><p>■ Система: Відніміть Стійкість захисника від усієї отриманої поверхневої шкоди. Це відбувається до поділу шкоди навпіл і не може зменшити її нижче одиниці.</p><p>■ Тривалість: Одна сцена</p>",
    "bonuses": [],
    "discipline": "fortitude",
    "duration": "",
    "level": 2,
    "dicepool": {},
    "cost": 1,
    "gamesystem": "vampire",
    "macroid": ""
  },
  "effects": [],
  "sort": 0,
  "ownership": {
    "default": 0,
    "zzaXLX6rQo9UZdTe": 3
  },
  "flags": {},
  "_stats": {
    "compendiumSource": null,
    "duplicateSource": null,
    "coreVersion": "13.346",
    "systemId": "vtm5e",
    "systemVersion": "5.0.11",
    "createdTime": 1745735183811,
    "modifiedTime": 1753740641947,
    "lastModifiedBy": "zzaXLX6rQo9UZdTe",
    "exportSource": null
  },
  "_key": "!items!kZilLHOGrPLd15aE"
}