{
  "folder": "OkkEd2MWDrrnArid",
  "name": "Обхід",
  "type": "power",
  "_id": "1kgwezffskwhiDOR",
  "img": "modules/vampire-the-masquerade-5e-compendium-ukr/packs/assets/330px-Aclarity_symbol.png",
  "system": {
    "description": "<p>Із запаморочливою швидкістю вампір може бігати або дертися по будь-якій поверхні, включно з вертикальними та навіть рідкими. Хоча Траверс і не дає надприродного зчеплення, як у комах, біг по стінах вгору чи вздовж них не становить особливих труднощів. Ходити по воді все ще неможливо, але вампір може пробігти по ній на обмежену відстань з розбігу.</p><p>■ Вартість: Одна Перевірка Пробудження</p><p>■ Запас кубиків: Спритність + Атлетика</p><p>■ Система: Зробіть кидок Спритність + Атлетика зі Складністю від 3 (похила поверхня зі зчепленням) до 6 (слизька вертикальна поверхня, відкрита вода), залежно від поверхні та кута нахилу. Кожне очко переваги дозволяє вампіру просунутися далі вгору або вперед; перевага 0 дозволяє досягти близької цілі, перевага 1 — наступної за відстанню, і так далі. Оповідач повинен заздалегідь повідомити гравця, якщо ціль занадто далека, щоб навіть намагатися застосувати Траверс. Як правило, будь-що над водою на відстані понад 60 метрів (або вище 30 поверхів будівлі), ймовірно, перевищує дальність дії цієї сили.</p><p>■ Тривалість: Один хід</p>",
    "bonuses": [],
    "discipline": "celerity",
    "duration": "",
    "level": 3,
    "dicepool": {
      "OaxH2pAu": {
        "path": "attributes.dexterity"
      },
      "sXKPEBP2": {
        "path": "skills.athletics"
      }
    },
    "cost": 1,
    "gamesystem": "vampire",
    "macroid": ""
  },
  "effects": [],
  "sort": 0,
  "ownership": {
    "default": 0,
    "zzaXLX6rQo9UZdTe": 3
  },
  "flags": {},
  "_stats": {
    "compendiumSource": null,
    "duplicateSource": null,
    "coreVersion": "13.346",
    "systemId": "vtm5e",
    "systemVersion": "5.0.11",
    "createdTime": 1745735182035,
    "modifiedTime": 1753740546375,
    "lastModifiedBy": "zzaXLX6rQo9UZdTe",
    "exportSource": null
  },
  "_key": "!items!1kgwezffskwhiDOR"
}