{
  "folder": "OkkEd2MWDrrnArid",
  "name": "Переміщення",
  "type": "power",
  "_id": "1kgwezffskwhiDOR",
  "img": "modules/vampire-the-masquerade-5e-compendium-ukr/packs/assets/330px-Aclarity_symbol.png",
  "system": {
    "description": "<p>З розмитою швидкістю вампір може бігти або лазити по будь-якій поверхні, включаючи вертикальні і навіть рідкі середовища. Хоча Переміщення не надає надприродного зчеплення, як у комах, біг по стінах або вздовж них не становить великої проблеми. Ходити по воді залишається неможливим, але вампір може пробігти по воді на обмежену відстань, якщо розженеться. </p><p>■ Вартість: Одна Перевірка Збудження </p><p>■ Пули кубиків: Спритність + Атлетика </p><p>■ Система: Зробіть кидок Спритність + Атлетика зі Складністю від 3 (похила поверхня зі зчепленням) до 6 (слизька вертикальна поверхня, відкрита вода), залежно від поверхні та кута. Кожне очко переваги дозволяє вампіру просунутися далі вгору або вперед; перевага 0 дозволяє дістатися до близької цілі, перевага 1 — до цілі, що знаходиться далі, і так далі. Оповідач повинен заздалегідь повідомити гравця, якщо ціль занадто далека, щоб навіть спробувати Переміщення; як правило, все, що знаходиться над водою далі ніж 60 метрів (або більше 30 поверхів вгору по будівлі), ймовірно, перевищує діапазон цієї здатності. </p><p>■ Тривалість: Один хід</p>",
    "bonuses": [],
    "discipline": "celerity",
    "duration": "",
    "level": 3,
    "dicepool": {
      "OaxH2pAu": {
        "path": "attributes.dexterity"
      },
      "sXKPEBP2": {
        "path": "skills.athletics"
      }
    },
    "cost": 1,
    "gamesystem": "vampire",
    "macroid": ""
  },
  "effects": [],
  "sort": 0,
  "ownership": {
    "default": 0,
    "zzaXLX6rQo9UZdTe": 3
  },
  "flags": {},
  "_stats": {
    "compendiumSource": null,
    "duplicateSource": null,
    "coreVersion": "13.346",
    "systemId": "vtm5e",
    "systemVersion": "5.0.11",
    "createdTime": 1745735182035,
    "modifiedTime": 1753740546375,
    "lastModifiedBy": "zzaXLX6rQo9UZdTe",
    "exportSource": null
  },
  "_key": "!items!1kgwezffskwhiDOR"
}