{
  "folder": "Fmqyc3dTORcdXdkk",
  "name": "Правда Крові",
  "type": "power",
  "_id": "gyF7rY1XjAUZChze",
  "img": "modules/vampire-the-masquerade-5e-compendium-ukr/packs/assets/330px-Blood_Sorcery_symbol.png",
  "system": {
    "description": "<p>Донедавна відомий лише візирам Бану Хакім, цей Ритуал створює містичне зілля, здатне відсіювати брехню від правди. Цей Ритуал достатньо могутній, щоб іноді навіть розкривати факти, невідомі самому мовцю.</p><p>■ Інгредієнти: Одна пінта крові суб'єкта</p><p>■ Процес: Виконавець Ритуалу змішує власну Кров із кров'ю суб'єкта в посудині, достатньо великій, щоб у неї можна було занурити палець.</p><p>■ Система: Замість звичайного кидка на Ритуал, чаклун занурює палець у суміш і робить кидок Рішучість + Криваве Чаклунство проти Витримка + Окультизм за кожне твердження, зроблене суб'єктом. Перше ж провалене змагання завершує Ритуал. Перемога повідомляє йому, чи є твердження правдивим, наскільки відомо суб'єктові. У разі критичної перемоги чаклуна суб'єкт мимоволі доповнює свою відповідь, надаючи більше інформації, включно з деталями, які він бачив побіжно або підсвідомо забув. (Оповідач повинен повідомити чаклуну, якщо більше немає інформації на цю тему.) Суміш пузириться і вирує під час процесу, а наприкінці сцени повністю перетворюється на попіл. Цей Ритуал не може проникнути крізь Затуманення Пам'яті, Забудькуватий Розум чи інші сили, що стирають пам'ять. Чаклун цілком може здогадатися про причину прогалини чи туманного спогаду, але не може відновити сам спогад.</p>",
    "bonuses": [],
    "discipline": "rituals",
    "duration": "",
    "level": 2,
    "dicepool": {},
    "cost": null,
    "gamesystem": "vampire",
    "macroid": ""
  },
  "effects": [],
  "sort": 0,
  "ownership": {
    "default": 0,
    "zzaXLX6rQo9UZdTe": 3
  },
  "flags": {},
  "_stats": {
    "compendiumSource": null,
    "duplicateSource": null,
    "coreVersion": "13.346",
    "systemId": "vtm5e",
    "systemVersion": "5.0.11",
    "createdTime": 1745735189773,
    "modifiedTime": 1753740923858,
    "lastModifiedBy": "zzaXLX6rQo9UZdTe",
    "exportSource": null
  },
  "_key": "!items!gyF7rY1XjAUZChze"
}