{
  "folder": "Fmqyc3dTORcdXdkk",
  "name": "Правда крові",
  "type": "power",
  "_id": "gyF7rY1XjAUZChze",
  "img": "modules/vampire-the-masquerade-5e-compendium-ukr/packs/assets/330px-Blood_Sorcery_symbol.png",
  "system": {
    "description": "<p>Донедавна відомий лише візирам Бану Хакім, цей Ритуал створює містичне зілля, здатне відрізняти брехню від правди. Цей Ритуал має достатньо сили, щоб іноді навіть розкривати факти, невідомі тому, хто говорить. </p><p>■ Інгредієнти: Одна пінта крові суб'єкта </p><p>■ Процес: Виконавець Ритуалу змішує свою власну Кров з кров'ю суб'єкта в посудині, достатньо великій, щоб можна було занурити палець. </p><p>■ Система: Замість звичайного кидка Ритуалу, заклинатель занурює палець у суміш і робить кидок Зосередженість + Кривава Магія проти Стриманість + Окультизм за кожне твердження, зроблене суб'єктом. Перше невдале змагання припиняє Ритуал. Перемога говорить йому, чи є це твердження правдивим, наскільки знає суб'єкт. При критичній перемозі заклинателя суб'єкт мимоволі розширює свою відповідь, надаючи більше інформації, включаючи деталі, які він мигцем побачив або підсвідомо забув. (Оповідач повинен повідомити заклинателя, якщо більше немає інформації на цю тему.) Суміш булькає і кипить під час процесу, перетворюючись на попіл наприкінці сцени. Цей Ритуал не може проникнути крізь Затуманену Пам'ять, Забудькуватий Розум чи інші здібності, що стирають пам'ять. Заклинатель може здогадатися про причину прогалини або туманного спогаду, але не може відновити сам спогад.</p>",
    "bonuses": [],
    "discipline": "rituals",
    "duration": "",
    "level": 2,
    "dicepool": {},
    "cost": null,
    "gamesystem": "vampire",
    "macroid": ""
  },
  "effects": [],
  "sort": 0,
  "ownership": {
    "default": 0,
    "zzaXLX6rQo9UZdTe": 3
  },
  "flags": {},
  "_stats": {
    "compendiumSource": null,
    "duplicateSource": null,
    "coreVersion": "13.346",
    "systemId": "vtm5e",
    "systemVersion": "5.0.11",
    "createdTime": 1745735189773,
    "modifiedTime": 1753740923858,
    "lastModifiedBy": "zzaXLX6rQo9UZdTe",
    "exportSource": null
  },
  "_key": "!items!gyF7rY1XjAUZChze"
}