{
  "folder": "xDhCZkrLPWWHDdEg",
  "name": "Моторошна хватка",
  "type": "power",
  "_id": "LSsDwUyiF01G3lkr",
  "img": "modules/vampire-the-masquerade-5e-compendium-ukr/packs/assets/330px-Potence_symbol.png",
  "system": {
    "description": "<p>Зосереджуючи свою надприродну силу в пальцях ніг і рук, вампір впивається кінцівками майже в будь-яку поверхню, що дозволяє йому дертися по стінах і стелях і навіть висіти на них без додаткової опори. Однак, при уважному огляді на цих поверхнях можна помітити характерні подряпини або деформації, оскільки це застосування грубої сили, а не супергеройське прилипання.</p><p>■ Ціна: Одна перевірка пробудження</p><p>■ Система: Вампір, що використовує цю здатність, автоматично проходить будь-яку перевірку навички для лазіння по неметалевих поверхнях. На розсуд Оповідача, вампір також може дертися по мідній чи бронзовій обшивці або інших м'яких металевих поверхнях. Тонкі скляні поверхні (але зазвичай не суцільні скляні фасади сучасних офісних будівель) можуть розбитися від напруги. Так само вампір може висіти на стіні чи стелі протягом однієї сцени, хоча лише босоногі вампіри можуть висіти, тримаючись ногами. Лазіння чи чіпляння залишає явні сліди, які може виявити будь-хто, пройшовши перевірку Інтелект + Розслідування зі складністю 2. Для виявлення слідів Надприродної хватки на склі навіть не потрібен кидок.</p><p>■ Тривалість: Одна сцена</p>",
    "bonuses": [],
    "discipline": "potence",
    "duration": "",
    "level": 3,
    "dicepool": {},
    "cost": 1,
    "gamesystem": "vampire",
    "macroid": ""
  },
  "effects": [],
  "sort": 0,
  "ownership": {
    "default": 0,
    "zzaXLX6rQo9UZdTe": 3
  },
  "flags": {},
  "_stats": {
    "compendiumSource": null,
    "duplicateSource": null,
    "coreVersion": "13.346",
    "systemId": "vtm5e",
    "systemVersion": "5.0.11",
    "createdTime": 1745735185972,
    "modifiedTime": 1753740786861,
    "lastModifiedBy": "zzaXLX6rQo9UZdTe",
    "exportSource": null
  },
  "_key": "!items!LSsDwUyiF01G3lkr"
}