{
  "folder": "xDhCZkrLPWWHDdEg",
  "name": "Неймовірна хватка",
  "type": "power",
  "_id": "LSsDwUyiF01G3lkr",
  "img": "modules/vampire-the-masquerade-5e-compendium-ukr/packs/assets/330px-Potence_symbol.png",
  "system": {
    "description": "<p>Зосереджуючи свою неприродну силу в пальцях ніг і рук, вампір хапається і вгризається кінцівками майже в будь-яку поверхню, що дозволяє йому лазити і навіть висіти без підтримки на стінах і стелях. Однак при уважному огляді на цих поверхнях залишаються характерні шрами або деформації, оскільки це застосування грубої сили, а не супергеройське зчеплення. </p><p>■ Вартість: Одна Перевірка Збудження </p><p>■ Система: Вампір, що використовує цю здатність, автоматично успішно проходить будь-яку перевірку Навички для лазіння по неметалевій поверхні. Користувач Рівень 5 землетрус також може лазити по мідній або бронзовій обшивці чи інших м'яких металевих поверхнях, на розсуд Оповідача. Тонкі скляні поверхні (хоча зазвичай не скляні стіни сучасних офісних будівель) можуть розбитися під напругою. Так само вампір може висіти на стіні або стелі до однієї сцени, хоча лише босоногі вампіри можуть висіти на ногах. Лазіння або чіпляння залишає очевидні сліди, які можна виявити за допомогою перевірки Інтелект + Розслідування зі Складністю 2. Виявлення слідів Неймовірної хватки на склі навіть не вимагає кидка. </p><p>■ Тривалість: Одна сцена</p>",
    "bonuses": [],
    "discipline": "potence",
    "duration": "",
    "level": 3,
    "dicepool": {},
    "cost": 1,
    "gamesystem": "vampire",
    "macroid": ""
  },
  "effects": [],
  "sort": 0,
  "ownership": {
    "default": 0,
    "zzaXLX6rQo9UZdTe": 3
  },
  "flags": {},
  "_stats": {
    "compendiumSource": null,
    "duplicateSource": null,
    "coreVersion": "13.346",
    "systemId": "vtm5e",
    "systemVersion": "5.0.11",
    "createdTime": 1745735185972,
    "modifiedTime": 1753740786861,
    "lastModifiedBy": "zzaXLX6rQo9UZdTe",
    "exportSource": null
  },
  "_key": "!items!LSsDwUyiF01G3lkr"
}