{
  "folder": "YAw3AHg94WWbqCnY",
  "name": "Безпомилковий приціл",
  "type": "power",
  "_id": "VgQePRR5eOpGCHG1",
  "img": "modules/vampire-the-masquerade-5e-compendium-ukr/packs/assets/330px-Aclarity_symbol.png",
  "system": {
    "description": "<p>■ Амальгама: Провидіння 2</p><p>Світ навколо сповільнюється, і вампір може прицілитися й кинути або вистрілити з будь-якої зброї в ціль так, наче вона нерухома.</p><p>■ Вартість: Одна Перевірка Пробудження</p><p>■ Система: Застосовується перед дистанційною атакою. Ціль не робить кидка на ухилення чи захист; атака відбувається зі Складністю 1. Супротивник, що володіє Спритністю 5, може нейтралізувати цю здібність, зробивши власну Перевірку Пробудження та захищаючись на тій самій швидкості.</p><p>■ Тривалість: Одна атака</p>",
    "bonuses": [],
    "discipline": "celerity",
    "duration": "",
    "level": 4,
    "dicepool": {},
    "cost": 1,
    "gamesystem": "vampire",
    "macroid": ""
  },
  "effects": [],
  "sort": 0,
  "ownership": {
    "default": 0,
    "zzaXLX6rQo9UZdTe": 3
  },
  "flags": {},
  "_stats": {
    "compendiumSource": null,
    "duplicateSource": null,
    "coreVersion": "13.346",
    "systemId": "vtm5e",
    "systemVersion": "5.0.11",
    "createdTime": 1745735182035,
    "modifiedTime": 1753740554804,
    "lastModifiedBy": "zzaXLX6rQo9UZdTe",
    "exportSource": null
  },
  "_key": "!items!VgQePRR5eOpGCHG1"
}