{
  "folder": "dZMEdv9suHOLBz4O",
  "name": "Неживий Рій",
  "type": "power",
  "_id": "c9y70r68bsjBwDNs",
  "img": "modules/vampire-the-masquerade-5e-compendium-ukr/packs/assets/330px-Animalism_symbol.png",
  "system": {
    "description": "<p>■ Амальгама: Затемнення 2 </p><p>Найчастіше цю моторошну силу можна побачити серед Носферату. Вона дозволяє користувачеві поширити свій тваринний вплив на рої комах, таких як мухи або таргани. Деякі вампіри заходять так далеко, що роблять рої своїми фамільярами, надаючи їм постійний притулок у складках і отворах своєї понівеченої плоті. </p><p>■ Вартість: Без додаткових витрат </p><p>■ Система: Ця сила поширює всі здібності, раніше обмежені хребетними, на рої комах, розглядаючи рій як одну істоту. Вампір може прив'язати рій як фамільяра, а деякі навіть дають йому можливість гніздитися в порожнинах свого тіла. Це приховує рій від сторонніх очей, дозволяючи йому харчуватися крихітною кількістю Крові, необхідною для його нескінченного існування. Поки рій гніздиться, його неможливо виявити нічим, окрім рентгенівських променів. Рої завдають малої шкоди в бою. Вони мають 5 очок Здоров'я та запас у 8 кубиків для опору атакам. Рої отримують поверхневу шкоду від Рукопашного бою; полум'я та інсектициди завдають їм агравованої шкоди. Вампіри можуть використовувати рої для шпигунства, для відволікання (що призводить до штрафу в два кубики на будь-який кидок для особи, оточеної роєм), або для залякування смертних (додайте від одного до трьох кубиків до запасу Залякування, залежно від виду комах і фобій жертви). Гравці та Оповідачі, безсумнівно, можуть вигадати ще більш творчі способи використання цієї сили. </p><p>■ Тривалість: Пасивна</p>",
    "bonuses": [],
    "discipline": "animalism",
    "duration": "",
    "level": 3,
    "dicepool": {},
    "cost": null,
    "gamesystem": "vampire",
    "macroid": ""
  },
  "effects": [],
  "sort": 0,
  "ownership": {
    "default": 0,
    "zzaXLX6rQo9UZdTe": 3
  },
  "flags": {},
  "_stats": {
    "compendiumSource": null,
    "duplicateSource": null,
    "coreVersion": "13.346",
    "systemId": "vtm5e",
    "systemVersion": "5.0.11",
    "createdTime": 1745735176351,
    "modifiedTime": 1753740352440,
    "lastModifiedBy": "zzaXLX6rQo9UZdTe",
    "exportSource": null
  },
  "_key": "!items!c9y70r68bsjBwDNs"
}