{
  "folder": "dZMEdv9suHOLBz4O",
  "name": "Неживий вулик",
  "type": "power",
  "_id": "c9y70r68bsjBwDNs",
  "img": "modules/vampire-the-masquerade-5e-compendium-ukr/packs/assets/330px-Animalism_symbol.png",
  "system": {
    "description": "<p>■ Амальгама: Обфускація 2 </p><p>Найчастіше зустрічається серед Носферату, ця тривожна здатність дозволяє користувачеві поширювати свій тваринний вплив на рої комах, таких як мухи або таргани. Деякі вампіри навіть йдуть на те, щоб приймати рої як фамулусів, надаючи їм постійний дім у складках і отворах своєї спотвореної плоті. </p><p>■ Вартість: Без додаткових витрат </p><p>■ Система: Ця здатність поширює всі здібності, раніше обмежені хребетними, на рої комах, розглядаючи рій як одну істоту. Вампір може зв'язати рій як фамулуса, а деякі навіть дають йому можливість гніздитися в порожнинах свого тіла. Це приховує рій від очей, дозволяючи йому харчуватися незначною кількістю Крові, необхідною для його нескінченного існування. Поки рій гніздиться, його неможливо виявити нічим, крім рентгенівських променів. Рої завдають мало шкоди в бою. Вони мають Здоров'я 5 і пул з 8 кубиків для опору атакам. Рої отримують Поверхневе ушкодження від Бійки; полум'я та інсектициди завдають Агравованого ушкодження. Вампіри можуть використовувати рої для шпигунства, як відволікаючі маневри (що призводить до штрафу в два кубики на будь-який кидок для однієї особи, оточеної роєм), або для залякування смертних (додайте від одного до трьох кубиків до пулів Залякування, залежно від типу комахи та фобій жертви). Гравці та Оповідачі, безсумнівно, можуть придумати ще більш творчі способи використання цієї здатності. </p><p>■ Тривалість: Пасивно</p>",
    "bonuses": [],
    "discipline": "animalism",
    "duration": "",
    "level": 3,
    "dicepool": {},
    "cost": null,
    "gamesystem": "vampire",
    "macroid": ""
  },
  "effects": [],
  "sort": 0,
  "ownership": {
    "default": 0,
    "zzaXLX6rQo9UZdTe": 3
  },
  "flags": {},
  "_stats": {
    "compendiumSource": null,
    "duplicateSource": null,
    "coreVersion": "13.346",
    "systemId": "vtm5e",
    "systemVersion": "5.0.11",
    "createdTime": 1745735176351,
    "modifiedTime": 1753740352440,
    "lastModifiedBy": "zzaXLX6rQo9UZdTe",
    "exportSource": null
  },
  "_key": "!items!c9y70r68bsjBwDNs"
}