{
  "folder": "FpUPH10Tvi2VgGFf",
  "name": "Невидимий прохід",
  "type": "power",
  "_id": "V2TztYXBIMMZWTPp",
  "img": "modules/vampire-the-masquerade-5e-compendium-ukr/packs/assets/330px-Obfuscate_symbol.png",
  "system": {
    "description": "<p>За допомогою цієї здатності вампір тепер може пересуватися, залишаючись прихованим. Користувач функціонально невидимий, згідно зі звичайними обмеженнями Обфускації. </p><p>■ Вартість: Одна Перевірка Збудження </p><p>■ Система: Доки користувач не видає сильних запахів і не створює шуму голосніше шепоту, ця здатність працює автоматично. Лише якщо увагу спостерігача привернуто до користувача, він може зробити кидок на виявлення. Відчуття Невидимого (Ауспекс 1) також може виявити прихованого вампіра, згідно із загальними правилами Обфускації. Зауважте, що користувач не може використовувати цю здатність, щоб зникнути, перебуваючи під активним спостереженням; у такому випадку вона автоматично провалюється. </p><p>■ Тривалість: Одна сцена або до виявлення.</p>",
    "bonuses": [],
    "discipline": "obfuscate",
    "duration": "",
    "level": 2,
    "dicepool": {},
    "cost": 1,
    "gamesystem": "vampire",
    "macroid": ""
  },
  "effects": [],
  "sort": 0,
  "ownership": {
    "default": 0,
    "zzaXLX6rQo9UZdTe": 3
  },
  "flags": {},
  "_stats": {
    "compendiumSource": null,
    "duplicateSource": null,
    "coreVersion": "13.346",
    "systemId": "vtm5e",
    "systemVersion": "5.0.11",
    "createdTime": 1745735184863,
    "modifiedTime": 1753740688071,
    "lastModifiedBy": "zzaXLX6rQo9UZdTe",
    "exportSource": null
  },
  "_key": "!items!V2TztYXBIMMZWTPp"
}