{
  "folder": "FpUPH10Tvi2VgGFf",
  "name": "Незнайомий уривок",
  "type": "power",
  "_id": "V2TztYXBIMMZWTPp",
  "img": "modules/vampire-the-masquerade-5e-compendium-ukr/packs/assets/330px-Obfuscate_symbol.png",
  "system": {
    "description": "<p>З цією силою вампір може пересуватися, залишаючись непоміченим. Користувач стає функціонально невидимим, згідно зі звичайними обмеженнями Затемнення.</p><p>■ Вартість: Один Тест Пробудження</p><p>■ Система: Доки користувач не випромінює сильних запахів і не створює звуків, гучніших за шепіт, ця сила діє автоматично. Спостерігач може зробити кидок на виявлення, лише якщо його увагу щось приверне до користувача. Відчуття Невидимого (Провидіння 1) також може виявити прихованого вампіра, згідно із загальними правилами Затемнення. Зауважте, що користувач не може використати цю силу, щоб зникнути, коли за ним активно спостерігають; у такому випадку вона автоматично зазнає невдачі.</p><p>■ Тривалість: Одна сцена або до виявлення.</p>",
    "bonuses": [],
    "discipline": "obfuscate",
    "duration": "",
    "level": 2,
    "dicepool": {},
    "cost": 1,
    "gamesystem": "vampire",
    "macroid": ""
  },
  "effects": [],
  "sort": 0,
  "ownership": {
    "default": 0,
    "zzaXLX6rQo9UZdTe": 3
  },
  "flags": {},
  "_stats": {
    "compendiumSource": null,
    "duplicateSource": null,
    "coreVersion": "13.346",
    "systemId": "vtm5e",
    "systemVersion": "5.0.11",
    "createdTime": 1745735184863,
    "modifiedTime": 1753740688071,
    "lastModifiedBy": "zzaXLX6rQo9UZdTe",
    "exportSource": null
  },
  "_key": "!items!V2TztYXBIMMZWTPp"
}