{
  "folder": "iznW7TmLfNnhTw0g",
  "name": "Зникнути",
  "type": "power",
  "_id": "KwJQCizRvhSoKshJ",
  "img": "modules/vampire-the-masquerade-5e-compendium-ukr/packs/assets/330px-Obfuscate_symbol.png",
  "system": {
    "description": "<p>■ Передумова: Плащ Тіней </p><p>Вампір може активувати Плащ Тіней та Невидимий Прохід навіть під прямим наглядом. Здається, ніби вампір зникає за мить ока; навіть спогад про нього стає туманним і нечітким. </p><p>■ Вартість: Відповідно до посиленої здібності </p><p>■ Запас кубиків: Кмітливість + Затемнення проти Кмітливості + Уважності </p><p>■ Система: Зникаючи на очах у смертного, виконайте супротивну перевірку: Кмітливість + Затемнення проти Кмітливості + Уважності. У разі перемоги спостерігач починає сумніватися, чи був вампір узагалі там; його спогади про це затуманюються. У разі критичної перемоги вампір повністю зникає з пам'яті спостерігача. Ця здібність не впливає на пам'ять вампірів, але будь-яка перемога користувача приховує його так, ніби він активував здібність, будучи непоміченим. Цю здібність можна використовувати лише раз за сцену. </p><p>■ Тривалість: Відповідно до посиленої здібності</p>",
    "bonuses": [],
    "discipline": "obfuscate",
    "duration": "",
    "level": 4,
    "dicepool": {},
    "cost": null,
    "gamesystem": "vampire",
    "macroid": ""
  },
  "effects": [],
  "sort": 0,
  "ownership": {
    "default": 0,
    "zzaXLX6rQo9UZdTe": 3
  },
  "flags": {},
  "_stats": {
    "compendiumSource": null,
    "duplicateSource": null,
    "coreVersion": "13.346",
    "systemId": "vtm5e",
    "systemVersion": "5.0.11",
    "createdTime": 1745735184863,
    "modifiedTime": 1753740729323,
    "lastModifiedBy": "zzaXLX6rQo9UZdTe",
    "exportSource": null
  },
  "_key": "!items!KwJQCizRvhSoKshJ"
}