{
  "folder": "C4M7AzXjgkD9PLDN",
  "name": "Пробудження з вечірньою свіжістю",
  "type": "power",
  "_id": "APmcewZQ2crjTfNg",
  "img": "modules/vampire-the-masquerade-5e-compendium-ukr/packs/assets/330px-Blood_Sorcery_symbol.png",
  "system": {
    "description": "<p>Виконуваний перед світанком, цей ритуал дозволяє заклинателю прокинутися при будь-якій ознаці небезпеки, повністю бадьорим, ніби він не спав уночі. </p><p>■ Інгредієнти: Спалені кістки та пір'я півня </p><p>■ Процес: Заклинатель змішує попіл зі своєю власною Кров'ю, малюючи коло сумішшю навколо свого місця сну. </p><p>■ Система: Не робіть кидок Ритуалу, доки не з'явиться справжня небезпека. Якщо заклинателю загрожує небезпека вдень, зробіть кидок Ритуалу тоді, і заклинатель прокинеться в разі перемоги. Протягом сцени вампір ігнорує денні штрафи за неспання. При критичній перемозі ефекти тривають до наступного світанку.</p>",
    "bonuses": [],
    "discipline": "sorcery",
    "duration": "",
    "level": 1,
    "dicepool": {},
    "cost": null,
    "gamesystem": "vampire",
    "macroid": ""
  },
  "effects": [],
  "sort": 0,
  "ownership": {
    "default": 0,
    "zzaXLX6rQo9UZdTe": 3
  },
  "flags": {},
  "_stats": {
    "compendiumSource": null,
    "duplicateSource": null,
    "coreVersion": "13.346",
    "systemId": "vtm5e",
    "systemVersion": "5.0.11",
    "createdTime": 1745735189773,
    "modifiedTime": 1753740947092,
    "lastModifiedBy": "zzaXLX6rQo9UZdTe",
    "exportSource": null
  },
  "_key": "!items!APmcewZQ2crjTfNg"
}