{
  "folder": "C4M7AzXjgkD9PLDN",
  "name": "Пробуджуйся з вечірньою свіжістю",
  "type": "power",
  "_id": "APmcewZQ2crjTfNg",
  "img": "modules/vampire-the-masquerade-5e-compendium-ukr/packs/assets/330px-Blood_Sorcery_symbol.png",
  "system": {
    "description": "<p>Цей ритуал виконується перед світанком і дозволяє чаклуну прокинутися за будь-якої ознаки небезпеки, повністю бадьорим, наче він не спав усю ніч.</p><p>■ Інгредієнти: Спалені кістки та пір'я півня</p><p>■ Процес: Чаклун змішує попіл із власною Кров'ю, малюючи цією сумішшю коло навколо свого місця сну.</p><p>■ Система: Не робіть кидок на Ритуал, доки не з'явиться справжня небезпека. Якщо чаклуну загрожують удень, зробіть кидок на Ритуал тоді. У разі успіху чаклун прокидається. Протягом сцени вампір ігнорує денні штрафи за неспання. У разі критичного успіху ефекти тривають до наступного світанку.</p>",
    "bonuses": [],
    "discipline": "sorcery",
    "duration": "",
    "level": 1,
    "dicepool": {},
    "cost": null,
    "gamesystem": "vampire",
    "macroid": ""
  },
  "effects": [],
  "sort": 0,
  "ownership": {
    "default": 0,
    "zzaXLX6rQo9UZdTe": 3
  },
  "flags": {},
  "_stats": {
    "compendiumSource": null,
    "duplicateSource": null,
    "coreVersion": "13.346",
    "systemId": "vtm5e",
    "systemVersion": "5.0.11",
    "createdTime": 1745735189773,
    "modifiedTime": 1753740947092,
    "lastModifiedBy": "zzaXLX6rQo9UZdTe",
    "exportSource": null
  },
  "_key": "!items!APmcewZQ2crjTfNg"
}