{
  "folder": "mwCJW1gqa3zwTmF5",
  "name": "Захисне коло проти духів",
  "type": "power",
  "_id": "rRo6BRaXTIgxd0A7",
  "img": "modules/vampire-the-masquerade-5e-compendium-ukr/packs/assets/330px-Blood_Sorcery_symbol.png",
  "system": {
    "description": "<p>Цей ритуал створює на підлозі або землі кругове Охоронне коло, призначене, щоб не пропускати духів. Хоча воно й складніше за деякі інші Охоронні кола, воно є одним із найпоширеніших у гримуарах та інших джерелах. Людина-окультист потенційно може відтворити дієву версію цього ритуалу за допомогою перевірки Інтелект + Окультизм (складність 6), хоча й не зможе провести його без віте або іншої надприродної допомоги чи елемента. Це Охоронне коло використовує стандартні правила для Охоронних кіл (стор. 275). </p><p>■ Інгредієнти: Заклинач креслить Охоронне коло залізним ножем, зануреним у сіль та Кров.</p>",
    "bonuses": [],
    "discipline": "rituals",
    "duration": "",
    "level": 3,
    "dicepool": {},
    "cost": null,
    "gamesystem": "vampire",
    "macroid": ""
  },
  "effects": [],
  "sort": 0,
  "ownership": {
    "default": 0,
    "zzaXLX6rQo9UZdTe": 3
  },
  "flags": {},
  "_stats": {
    "compendiumSource": null,
    "duplicateSource": null,
    "coreVersion": "13.346",
    "systemId": "vtm5e",
    "systemVersion": "5.0.11",
    "createdTime": 1745735189773,
    "modifiedTime": 1753740993345,
    "lastModifiedBy": "zzaXLX6rQo9UZdTe",
    "exportSource": null
  },
  "_key": "!items!rRo6BRaXTIgxd0A7"
}