{
  "folder": "Fmqyc3dTORcdXdkk",
  "name": "Охоронне коло проти Гулів",
  "type": "power",
  "_id": "qAqROiLe03kERTWy",
  "img": "modules/vampire-the-masquerade-5e-compendium-ukr/packs/assets/330px-Blood_Sorcery_symbol.png",
  "system": {
    "description": "<p>Цей Ритуал створює круговий Оберіг на підлозі або землі, призначений для запобігання проходженню гулів. Цей оберіг використовує стандартні правила для Охоронних кіл (с. 275). </p><p>■ Інгредієнти: Заклинатель малює Охоронне коло людською кісткою, змоченою в Крові.</p>",
    "bonuses": [],
    "discipline": "sorcery",
    "duration": "",
    "level": 2,
    "dicepool": {},
    "cost": null,
    "gamesystem": "vampire",
    "macroid": ""
  },
  "effects": [],
  "sort": 0,
  "ownership": {
    "default": 0,
    "zzaXLX6rQo9UZdTe": 3
  },
  "flags": {},
  "_stats": {
    "compendiumSource": null,
    "duplicateSource": null,
    "coreVersion": "13.346",
    "systemId": "vtm5e",
    "systemVersion": "5.0.11",
    "createdTime": 1745735189773,
    "modifiedTime": 1753740931963,
    "lastModifiedBy": "zzaXLX6rQo9UZdTe",
    "exportSource": null
  },
  "_key": "!items!qAqROiLe03kERTWy"
}