{
  "folder": "NjCpH5FkFKuYKwDg",
  "name": "Оберіг проти Каїнітів",
  "type": "power",
  "_id": "hOnTX8eMdYCr7HU6",
  "img": "modules/vampire-the-masquerade-5e-compendium-ukr/packs/assets/330px-Blood_Sorcery_symbol.png",
  "system": {
    "description": "<p>Цей Ритуал захищає предмет від усіх вампірів, крім заклинателя. Будь-яка спроба торкнутися предмета викликає ефект. Однак вампір, що вивчає Оберіг за допомогою Ауспекса, може прочитати в ньому ім'я заклинателя, успішно пройшовши змагання Інтелект + Ауспекс проти Інтелект + Кривава Магія заклинателя. Цей оберіг використовує стандартні правила для Оберегів (с. 275). </p><p>■ Інгредієнти: Теплий попіл з ще палаючого вогню; заклинателі ризикують шаленством жаху і не можуть накласти цей Оберіг тієї ночі, якщо піддадуться йому.</p>",
    "bonuses": [],
    "discipline": "rituals",
    "duration": "",
    "level": 4,
    "dicepool": {},
    "cost": null,
    "gamesystem": "vampire",
    "macroid": ""
  },
  "effects": [],
  "sort": 0,
  "ownership": {
    "default": 0,
    "zzaXLX6rQo9UZdTe": 3
  },
  "flags": {},
  "_stats": {
    "compendiumSource": null,
    "duplicateSource": null,
    "coreVersion": "13.346",
    "systemId": "vtm5e",
    "systemVersion": "5.0.11",
    "createdTime": 1745735189773,
    "modifiedTime": 1753741010169,
    "lastModifiedBy": "zzaXLX6rQo9UZdTe",
    "exportSource": null
  },
  "_key": "!items!hOnTX8eMdYCr7HU6"
}