{
  "folder": "C4M7AzXjgkD9PLDN",
  "name": "Оберіг проти Гулів",
  "type": "power",
  "_id": "RxB4r0EYFzn4lCDh",
  "img": "modules/vampire-the-masquerade-5e-compendium-ukr/packs/assets/330px-Blood_Sorcery_symbol.png",
  "system": {
    "description": "<p>Обачливі Тремери створили цей ритуал, щоб захистити себе від поплічників мстивих суперників. Цей оберіг використовує стандартні правила для Оберегів (с. 275).</p><p>■ Інгредієнти: Нічого, крім звичайної вимоги Крові заклинателя.</p>",
    "bonuses": [],
    "discipline": "rituals",
    "duration": "",
    "level": 1,
    "dicepool": {},
    "cost": null,
    "gamesystem": "vampire",
    "macroid": ""
  },
  "effects": [],
  "sort": 0,
  "ownership": {
    "default": 0,
    "zzaXLX6rQo9UZdTe": 3
  },
  "flags": {},
  "_stats": {
    "compendiumSource": null,
    "duplicateSource": null,
    "coreVersion": "13.346",
    "systemId": "vtm5e",
    "systemVersion": "5.0.11",
    "createdTime": 1745735189773,
    "modifiedTime": 1753740966692,
    "lastModifiedBy": "zzaXLX6rQo9UZdTe",
    "exportSource": null
  },
  "_key": "!items!RxB4r0EYFzn4lCDh"
}