{
  "folder": "mwCJW1gqa3zwTmF5",
  "name": "Захист від вовкулак",
  "type": "power",
  "_id": "AmQD8nTMveykzlyB",
  "img": "modules/vampire-the-masquerade-5e-compendium-ukr/packs/assets/330px-Blood_Sorcery_symbol.png",
  "system": {
    "description": "<p>Цей Ритуал захищає предмет від перевертнів у будь-якій формі. Будь-яка їхня спроба доторкнутися до предмета активує ефект. Цей оберіг діє за стандартними правилами для Оберігів (стор. 275).</p><p>■ Інгредієнти: Жменя срібного пилу, змішана з Кров'ю.</p>",
    "bonuses": [],
    "discipline": "rituals",
    "duration": "",
    "level": 3,
    "dicepool": {},
    "cost": null,
    "gamesystem": "vampire",
    "macroid": ""
  },
  "effects": [],
  "sort": 0,
  "ownership": {
    "default": 0,
    "zzaXLX6rQo9UZdTe": 3
  },
  "flags": {},
  "_stats": {
    "compendiumSource": null,
    "duplicateSource": null,
    "coreVersion": "13.346",
    "systemId": "vtm5e",
    "systemVersion": "5.0.11",
    "createdTime": 1745735189773,
    "modifiedTime": 1753740989749,
    "lastModifiedBy": "zzaXLX6rQo9UZdTe",
    "exportSource": null
  },
  "_key": "!items!AmQD8nTMveykzlyB"
}