{
  "folder": "Fmqyc3dTORcdXdkk",
  "name": "Оберіг від духів",
  "type": "power",
  "_id": "prWaqBaQRmkVIS6M",
  "img": "modules/vampire-the-masquerade-5e-compendium-ukr/packs/assets/330px-Blood_Sorcery_symbol.png",
  "system": {
    "description": "<p>Цей ритуал захищає предмет від безтілесних істот, таких як мари, привиди та духи стихій. Будь-яка їхня спроба маніпулювати предметом або пройти крізь нього активує ефект. Цей оберіг використовує стандартні правила для Оберігів (стор. 275).</p><p>■ Інгредієнти: Жменя солі (у деяких версіях — жменя цегляного пилу), змішана з Кров’ю.</p>",
    "bonuses": [],
    "discipline": "rituals",
    "duration": "",
    "level": 2,
    "dicepool": {},
    "cost": null,
    "gamesystem": "vampire",
    "macroid": ""
  },
  "effects": [],
  "sort": 0,
  "ownership": {
    "default": 0,
    "zzaXLX6rQo9UZdTe": 3
  },
  "flags": {},
  "_stats": {
    "compendiumSource": null,
    "duplicateSource": null,
    "coreVersion": "13.346",
    "systemId": "vtm5e",
    "systemVersion": "5.0.11",
    "createdTime": 1745735189773,
    "modifiedTime": 1753740928368,
    "lastModifiedBy": "zzaXLX6rQo9UZdTe",
    "exportSource": null
  },
  "_key": "!items!prWaqBaQRmkVIS6M"
}