{
  "folder": "tx4ep2c0yOALUFLW",
  "name": "Вага пера",
  "type": "power",
  "_id": "I9lUpZ6Yb6LTVhOJ",
  "img": "modules/vampire-the-masquerade-5e-compendium-ukr/packs/assets/330px-Protean_symbol.png",
  "system": {
    "description": "<p>Вампір може зменшити свою ефективну масу та щільність, роблячи себе майже невагомим. Це дозволяє йому уникати спрацьовування датчиків тиску, а також уникати значних ушкоджень від падінь, зіткнень або кидків. Здатність не може бути використана для довших стрибків, оскільки сила вампіра пропорційно зменшується. </p><p>■ Вартість: Безкоштовно </p><p>■ Пули кубиків: Кмітливість + Виживання </p><p>■ Система: Якщо вампір має час на підготовку, кидок не потрібен. Як реакція, наприклад, під час раптового падіння, активація здатності вимагає кидка Кмітливість + Виживання зі Складністю 3. Поки здатність діє, вампір несприйнятливий до ушкоджень від падінь, зіткнень та кидків. Користувач також уникає спрацьовування пристроїв, що залежать від тиску, на розсуд Оповідача. </p><p>■ Тривалість: Скільки завгодно</p>",
    "bonuses": [],
    "discipline": "protean",
    "duration": "",
    "level": 1,
    "dicepool": {
      "ldCjkzS6": {
        "path": "attributes.wits"
      },
      "nHleLzRn": {
        "path": "skills.survival"
      }
    },
    "cost": null,
    "gamesystem": "vampire",
    "macroid": ""
  },
  "effects": [],
  "sort": 0,
  "ownership": {
    "default": 0,
    "zzaXLX6rQo9UZdTe": 3
  },
  "flags": {},
  "_stats": {
    "compendiumSource": null,
    "duplicateSource": null,
    "coreVersion": "13.346",
    "systemId": "vtm5e",
    "systemVersion": "5.0.11",
    "createdTime": 1745735188131,
    "modifiedTime": 1753740874612,
    "lastModifiedBy": "zzaXLX6rQo9UZdTe",
    "exportSource": null
  },
  "_key": "!items!I9lUpZ6Yb6LTVhOJ"
}