{
  "id": "vampire-the-masquerade-5e-compendium-ukr",
  "title": "Vampire the Masquerade 5e Компендіум",
  "version": "1.0.0",
  "manifest": "https://github.com/SexyCrowbar/vampire-the-masquerade-5e-compendium-ukr/releases/latest/download/module.json",
  "download": "https://github.com/SexyCrowbar/vampire-the-masquerade-5e-compendium-ukr/releases/download/1.0.0/module.zip",
  "compatibility": {
    "minimum": "11",
    "verified": "13"
  },
  "relationships": {
    "systems": [
      {
        "id": "vtm5e",
        "type": "system",
        "compatibility": {}
      }
    ]
  },
  "packs": [
    {
      "name": "clans",
      "label": "Клани",
      "path": "packs/clans",
      "type": "Item",
      "system": "vtm5e",
      "ownership": {
        "PLAYER": "OBSERVER",
        "ASSISTANT": "OWNER"
      }
    },
    {
      "name": "disciplines",
      "label": "Дисциплини",
      "path": "packs/disciplines",
      "type": "Item",
      "system": "vtm5e",
      "ownership": {
        "PLAYER": "OBSERVER",
        "ASSISTANT": "OWNER"
      }
    },
    {
      "name": "blood-potency-predator-type",
      "label": "Сила крові та Тип хижака",
      "path": "packs/blood-potency-predator-type",
      "type": "Item",
      "system": "vtm5e",
      "ownership": {
        "PLAYER": "OBSERVER",
        "ASSISTANT": "OWNER"
      }
    },
    {
      "name": "advantages-flaws",
      "label": "Переваги та Вади",
      "path": "packs/advantages-flaws",
      "type": "Item",
      "system": "vtm5e",
      "ownership": {
        "PLAYER": "OBSERVER",
        "ASSISTANT": "OWNER"
      }
    }
  ],
  "url": "https://foundryvtt.com/packages/vampire-the-masquerade-5e-compendium-ukr",
  "description": "",
  "flags": {}
}